This is pdfTeX, Version 3.141592653-2.6-1.40.25 (TeX Live 2023) (preloaded format=pdflatex 2023.6.30)  13 MAR 2024 10:56
entering extended mode
 restricted \write18 enabled.
 %&-line parsing enabled.
**signature_2023_ver_4.tex
(./signature_2023_ver_4.tex
LaTeX2e <2022-11-01> patch level 1
L3 programming layer <2023-02-22>
(c:/texlive/2023/texmf-dist/tex/latex/base/article.cls
Document Class: article 2022/07/02 v1.4n Standard LaTeX document class
(c:/texlive/2023/texmf-dist/tex/latex/base/size10.clo
File: size10.clo 2022/07/02 v1.4n Standard LaTeX file (size option)
)
\c@part=\count185
\c@section=\count186
\c@subsection=\count187
\c@subsubsection=\count188
\c@paragraph=\count189
\c@subparagraph=\count190
\c@figure=\count191
\c@table=\count192
\abovecaptionskip=\skip48
\belowcaptionskip=\skip49
\bibindent=\dimen140
)
(c:/texlive/2023/texmf-dist/tex/latex/graphics/epsfig.sty
Package: epsfig 2017/06/25 v1.7b (e)psfig emulation (SPQR)

(c:/texlive/2023/texmf-dist/tex/latex/graphics/graphicx.sty
Package: graphicx 2021/09/16 v1.2d Enhanced LaTeX Graphics (DPC,SPQR)

(c:/texlive/2023/texmf-dist/tex/latex/graphics/keyval.sty
Package: keyval 2022/05/29 v1.15 key=value parser (DPC)
\KV@toks@=\toks16
)
(c:/texlive/2023/texmf-dist/tex/latex/graphics/graphics.sty
Package: graphics 2022/03/10 v1.4e Standard LaTeX Graphics (DPC,SPQR)

(c:/texlive/2023/texmf-dist/tex/latex/graphics/trig.sty
Package: trig 2021/08/11 v1.11 sin cos tan (DPC)
)
(c:/texlive/2023/texmf-dist/tex/latex/graphics-cfg/graphics.cfg
File: graphics.cfg 2016/06/04 v1.11 sample graphics configuration
)
Package graphics Info: Driver file: pdftex.def on input line 107.

(c:/texlive/2023/texmf-dist/tex/latex/graphics-def/pdftex.def
File: pdftex.def 2022/09/22 v1.2b Graphics/color driver for pdftex
))
\Gin@req@height=\dimen141
\Gin@req@width=\dimen142
)
\epsfxsize=\dimen143
\epsfysize=\dimen144
)
(c:/texlive/2023/texmf-dist/tex/latex/graphics/color.sty
Package: color 2022/01/06 v1.3d Standard LaTeX Color (DPC)

(c:/texlive/2023/texmf-dist/tex/latex/graphics-cfg/color.cfg
File: color.cfg 2016/01/02 v1.6 sample color configuration
)
Package color Info: Driver file: pdftex.def on input line 149.

(c:/texlive/2023/texmf-dist/tex/latex/graphics/mathcolor.ltx))
(c:/texlive/2023/texmf-dist/tex/latex/amsfonts/amsfonts.sty
Package: amsfonts 2013/01/14 v3.01 Basic AMSFonts support
\@emptytoks=\toks17
\symAMSa=\mathgroup4
\symAMSb=\mathgroup5
LaTeX Font Info:    Redeclaring math symbol \hbar on input line 98.
LaTeX Font Info:    Overwriting math alphabet `\mathfrak' in version `bold'
(Font)                  U/euf/m/n --> U/euf/b/n on input line 106.
)
(c:/texlive/2023/texmf-dist/tex/latex/amsmath/amsmath.sty
Package: amsmath 2022/04/08 v2.17n AMS math features
\@mathmargin=\skip50

For additional information on amsmath, use the `?' option.
(c:/texlive/2023/texmf-dist/tex/latex/amsmath/amstext.sty
Package: amstext 2021/08/26 v2.01 AMS text

(c:/texlive/2023/texmf-dist/tex/latex/amsmath/amsgen.sty
File: amsgen.sty 1999/11/30 v2.0 generic functions
\@emptytoks=\toks18
\ex@=\dimen145
))
(c:/texlive/2023/texmf-dist/tex/latex/amsmath/amsbsy.sty
Package: amsbsy 1999/11/29 v1.2d Bold Symbols
\pmbraise@=\dimen146
)
(c:/texlive/2023/texmf-dist/tex/latex/amsmath/amsopn.sty
Package: amsopn 2022/04/08 v2.04 operator names
)
\inf@bad=\count193
LaTeX Info: Redefining \frac on input line 234.
\uproot@=\count194
\leftroot@=\count195
LaTeX Info: Redefining \overline on input line 399.
LaTeX Info: Redefining \colon on input line 410.
\classnum@=\count196
\DOTSCASE@=\count197
LaTeX Info: Redefining \ldots on input line 496.
LaTeX Info: Redefining \dots on input line 499.
LaTeX Info: Redefining \cdots on input line 620.
\Mathstrutbox@=\box51
\strutbox@=\box52
LaTeX Info: Redefining \big on input line 722.
LaTeX Info: Redefining \Big on input line 723.
LaTeX Info: Redefining \bigg on input line 724.
LaTeX Info: Redefining \Bigg on input line 725.
\big@size=\dimen147
LaTeX Font Info:    Redeclaring font encoding OML on input line 743.
LaTeX Font Info:    Redeclaring font encoding OMS on input line 744.
\macc@depth=\count198
LaTeX Info: Redefining \bmod on input line 905.
LaTeX Info: Redefining \pmod on input line 910.
LaTeX Info: Redefining \smash on input line 940.
LaTeX Info: Redefining \relbar on input line 970.
LaTeX Info: Redefining \Relbar on input line 971.
\c@MaxMatrixCols=\count199
\dotsspace@=\muskip16
\c@parentequation=\count266
\dspbrk@lvl=\count267
\tag@help=\toks19
\row@=\count268
\column@=\count269
\maxfields@=\count270
\andhelp@=\toks20
\eqnshift@=\dimen148
\alignsep@=\dimen149
\tagshift@=\dimen150
\tagwidth@=\dimen151
\totwidth@=\dimen152
\lineht@=\dimen153
\@envbody=\toks21
\multlinegap=\skip51
\multlinetaggap=\skip52
\mathdisplay@stack=\toks22
LaTeX Info: Redefining \[ on input line 2953.
LaTeX Info: Redefining \] on input line 2954.
)
(c:/texlive/2023/texmf-dist/tex/latex/amsfonts/amssymb.sty
Package: amssymb 2013/01/14 v3.01 AMS font symbols
)
(c:/texlive/2023/texmf-dist/tex/latex/amscls/amsthm.sty
Package: amsthm 2020/05/29 v2.20.6
\thm@style=\toks23
\thm@bodyfont=\toks24
\thm@headfont=\toks25
\thm@notefont=\toks26
\thm@headpunct=\toks27
\thm@preskip=\skip53
\thm@postskip=\skip54
\thm@headsep=\skip55
\dth@everypar=\toks28
)
(c:/texlive/2023/texmf-dist/tex/latex/natbib/natbib.sty
Package: natbib 2010/09/13 8.31b (PWD, AO)
\bibhang=\skip56
\bibsep=\skip57
LaTeX Info: Redefining \cite on input line 694.
\c@NAT@ctr=\count271
)
(c:/texlive/2023/texmf-dist/tex/latex/fancybox/fancybox.sty
Package: fancybox 2010/05/15 1.4

Style option: `fancybox' v1.4 <2010/05/15> (tvz)
\@fancybox=\box53
\shadowsize=\dimen154
\@Sbox=\box54
\do@VerbBox=\toks29
\the@fancyput=\toks30
\this@fancyput=\toks31
\EndVerbatimTokens=\toks32
\Verbatim@Outfile=\write3
\Verbatim@Infile=\read2
) (c:/texlive/2023/texmf-dist/tex/generic/ulem/ulem.sty
\UL@box=\box55
\UL@hyphenbox=\box56
\UL@skip=\skip58
\UL@hook=\toks33
\UL@height=\dimen155
\UL@pe=\count272
\UL@pixel=\dimen156
\ULC@box=\box57
Package: ulem 2019/11/18
\ULdepth=\dimen157
)
(c:/texlive/2023/texmf-dist/tex/latex/subfigure/subfigure.sty
Package: subfigure 2002/03/15 v2.1.5 subfigure package
\subfigtopskip=\skip59
\subfigcapskip=\skip60
\subfigcaptopadj=\dimen158
\subfigbottomskip=\skip61
\subfigcapmargin=\dimen159
\subfiglabelskip=\skip62
\c@subfigure=\count273
\c@lofdepth=\count274
\c@subtable=\count275
\c@lotdepth=\count276

****************************************
* Local config file subfigure.cfg used *
****************************************
(c:/texlive/2023/texmf-dist/tex/latex/subfigure/subfigure.cfg)
\subfig@top=\skip63
\subfig@bottom=\skip64
)
(c:/texlive/2023/texmf-dist/tex/latex/multirow/multirow.sty
Package: multirow 2021/03/15 v2.8 Span multiple rows of a table
\multirow@colwidth=\skip65
\multirow@cntb=\count277
\multirow@dima=\skip66
\bigstrutjot=\dimen160
)
(c:/texlive/2023/texmf-dist/tex/latex/bbm-macros/bbm.sty
Package: bbm 1999/03/15 V 1.2 provides fonts for set symbols - TH
LaTeX Font Info:    Overwriting math alphabet `\mathbbm' in version `bold'
(Font)                  U/bbm/m/n --> U/bbm/bx/n on input line 33.
LaTeX Font Info:    Overwriting math alphabet `\mathbbmss' in version `bold'
(Font)                  U/bbmss/m/n --> U/bbmss/bx/n on input line 35.
)
(c:/texlive/2023/texmf-dist/tex/latex/tools/enumerate.sty
Package: enumerate 2015/07/23 v3.00 enumerate extensions (DPC)
\@enLab=\toks34
)
(c:/texlive/2023/texmf-dist/tex/latex/graphics/rotating.sty
Package: rotating 2016/08/11 v2.16d rotated objects in LaTeX

(c:/texlive/2023/texmf-dist/tex/latex/base/ifthen.sty
Package: ifthen 2022/04/13 v1.1d Standard LaTeX ifthen package (DPC)
)
\c@r@tfl@t=\count278
\rotFPtop=\skip67
\rotFPbot=\skip68
\rot@float@box=\box58
\rot@mess@toks=\toks35
)
(c:/texlive/2023/texmf-dist/tex/latex/float/float.sty
Package: float 2001/11/08 v1.3d Float enhancements (AL)
\c@float@type=\count279
\float@exts=\toks36
\float@box=\box59
\@float@everytoks=\toks37
\@floatcapt=\box60
)
(c:/texlive/2023/texmf-dist/tex/latex/epstopdf-pkg/epstopdf.sty
Package: epstopdf 2020-01-24 v2.11 Conversion with epstopdf on the fly (HO)

(c:/texlive/2023/texmf-dist/tex/generic/infwarerr/infwarerr.sty
Package: infwarerr 2019/12/03 v1.5 Providing info/warning/error messages (HO)
)
(c:/texlive/2023/texmf-dist/tex/latex/grfext/grfext.sty
Package: grfext 2019/12/03 v1.3 Manage graphics extensions (HO)

(c:/texlive/2023/texmf-dist/tex/generic/kvdefinekeys/kvdefinekeys.sty
Package: kvdefinekeys 2019-12-19 v1.6 Define keys (HO)
))
(c:/texlive/2023/texmf-dist/tex/latex/kvoptions/kvoptions.sty
Package: kvoptions 2022-06-15 v3.15 Key value format for package options (HO)

(c:/texlive/2023/texmf-dist/tex/generic/ltxcmds/ltxcmds.sty
Package: ltxcmds 2020-05-10 v1.25 LaTeX kernel commands for general use (HO)
)
(c:/texlive/2023/texmf-dist/tex/latex/kvsetkeys/kvsetkeys.sty
Package: kvsetkeys 2022-10-05 v1.19 Key value parser (HO)
))
(c:/texlive/2023/texmf-dist/tex/generic/pdftexcmds/pdftexcmds.sty
Package: pdftexcmds 2020-06-27 v0.33 Utility functions of pdfTeX for LuaTeX (HO
)

(c:/texlive/2023/texmf-dist/tex/generic/iftex/iftex.sty
Package: iftex 2022/02/03 v1.0f TeX engine tests
)
Package pdftexcmds Info: \pdf@primitive is available.
Package pdftexcmds Info: \pdf@ifprimitive is available.
Package pdftexcmds Info: \pdfdraftmode found.
)
(c:/texlive/2023/texmf-dist/tex/latex/epstopdf-pkg/epstopdf-base.sty
Package: epstopdf-base 2020-01-24 v2.11 Base part for package epstopdf
Package epstopdf-base Info: Redefining graphics rule for `.eps' on input line 4
85.
Package grfext Info: Graphics extension search list:
(grfext)             [.pdf,.png,.jpg,.mps,.jpeg,.jbig2,.jb2,.PDF,.PNG,.JPG,.JPE
G,.JBIG2,.JB2,.eps]
(grfext)             \AppendGraphicsExtensions on input line 504.

(c:/texlive/2023/texmf-dist/tex/latex/latexconfig/epstopdf-sys.cfg
File: epstopdf-sys.cfg 2010/07/13 v1.3 Configuration of (r)epstopdf for TeX Liv
e
)))
(c:/texlive/2023/texmf-dist/tex/latex/tcolorbox/tcolorbox.sty
Package: tcolorbox 2023/02/12 version 6.0.1 text color boxes

(c:/texlive/2023/texmf-dist/tex/latex/pgf/basiclayer/pgf.sty
(c:/texlive/2023/texmf-dist/tex/latex/pgf/utilities/pgfrcs.sty
(c:/texlive/2023/texmf-dist/tex/generic/pgf/utilities/pgfutil-common.tex
\pgfutil@everybye=\toks38
\pgfutil@tempdima=\dimen161
\pgfutil@tempdimb=\dimen162
)
(c:/texlive/2023/texmf-dist/tex/generic/pgf/utilities/pgfutil-latex.def
\pgfutil@abb=\box61
)
(c:/texlive/2023/texmf-dist/tex/generic/pgf/utilities/pgfrcs.code.tex
(c:/texlive/2023/texmf-dist/tex/generic/pgf/pgf.revision.tex)
Package: pgfrcs 2023-01-15 v3.1.10 (3.1.10)
))
Package: pgf 2023-01-15 v3.1.10 (3.1.10)

(c:/texlive/2023/texmf-dist/tex/latex/pgf/basiclayer/pgfcore.sty
(c:/texlive/2023/texmf-dist/tex/latex/pgf/systemlayer/pgfsys.sty
(c:/texlive/2023/texmf-dist/tex/generic/pgf/systemlayer/pgfsys.code.tex
Package: pgfsys 2023-01-15 v3.1.10 (3.1.10)

(c:/texlive/2023/texmf-dist/tex/generic/pgf/utilities/pgfkeys.code.tex
\pgfkeys@pathtoks=\toks39
\pgfkeys@temptoks=\toks40

(c:/texlive/2023/texmf-dist/tex/generic/pgf/utilities/pgfkeyslibraryfiltered.co
de.tex
\pgfkeys@tmptoks=\toks41
))
\pgf@x=\dimen163
\pgf@y=\dimen164
\pgf@xa=\dimen165
\pgf@ya=\dimen166
\pgf@xb=\dimen167
\pgf@yb=\dimen168
\pgf@xc=\dimen169
\pgf@yc=\dimen170
\pgf@xd=\dimen171
\pgf@yd=\dimen172
\w@pgf@writea=\write4
\r@pgf@reada=\read3
\c@pgf@counta=\count280
\c@pgf@countb=\count281
\c@pgf@countc=\count282
\c@pgf@countd=\count283
\t@pgf@toka=\toks42
\t@pgf@tokb=\toks43
\t@pgf@tokc=\toks44
\pgf@sys@id@count=\count284
 (c:/texlive/2023/texmf-dist/tex/generic/pgf/systemlayer/pgf.cfg
File: pgf.cfg 2023-01-15 v3.1.10 (3.1.10)
)
Driver file for pgf: pgfsys-pdftex.def

(c:/texlive/2023/texmf-dist/tex/generic/pgf/systemlayer/pgfsys-pdftex.def
File: pgfsys-pdftex.def 2023-01-15 v3.1.10 (3.1.10)

(c:/texlive/2023/texmf-dist/tex/generic/pgf/systemlayer/pgfsys-common-pdf.def
File: pgfsys-common-pdf.def 2023-01-15 v3.1.10 (3.1.10)
)))
(c:/texlive/2023/texmf-dist/tex/generic/pgf/systemlayer/pgfsyssoftpath.code.tex
File: pgfsyssoftpath.code.tex 2023-01-15 v3.1.10 (3.1.10)
\pgfsyssoftpath@smallbuffer@items=\count285
\pgfsyssoftpath@bigbuffer@items=\count286
)
(c:/texlive/2023/texmf-dist/tex/generic/pgf/systemlayer/pgfsysprotocol.code.tex
File: pgfsysprotocol.code.tex 2023-01-15 v3.1.10 (3.1.10)
)) (c:/texlive/2023/texmf-dist/tex/latex/xcolor/xcolor.sty
Package: xcolor 2022/06/12 v2.14 LaTeX color extensions (UK)

(c:/texlive/2023/texmf-dist/tex/latex/graphics-cfg/color.cfg
File: color.cfg 2016/01/02 v1.6 sample color configuration
)
Package xcolor Info: Driver file: pdftex.def on input line 227.
LaTeX Info: Redefining \color on input line 711.

(c:/texlive/2023/texmf-dist/tex/latex/graphics/mathcolor.ltx)
Package xcolor Info: Model `cmy' substituted by `cmy0' on input line 1353.
Package xcolor Info: Model `hsb' substituted by `rgb' on input line 1357.
Package xcolor Info: Model `RGB' extended on input line 1369.
Package xcolor Info: Model `HTML' substituted by `rgb' on input line 1371.
Package xcolor Info: Model `Hsb' substituted by `hsb' on input line 1372.
Package xcolor Info: Model `tHsb' substituted by `hsb' on input line 1373.
Package xcolor Info: Model `HSB' substituted by `hsb' on input line 1374.
Package xcolor Info: Model `Gray' substituted by `gray' on input line 1375.
Package xcolor Info: Model `wave' substituted by `hsb' on input line 1376.
)
(c:/texlive/2023/texmf-dist/tex/generic/pgf/basiclayer/pgfcore.code.tex
Package: pgfcore 2023-01-15 v3.1.10 (3.1.10)

(c:/texlive/2023/texmf-dist/tex/generic/pgf/math/pgfmath.code.tex
(c:/texlive/2023/texmf-dist/tex/generic/pgf/math/pgfmathutil.code.tex)
(c:/texlive/2023/texmf-dist/tex/generic/pgf/math/pgfmathparser.code.tex
\pgfmath@dimen=\dimen173
\pgfmath@count=\count287
\pgfmath@box=\box62
\pgfmath@toks=\toks45
\pgfmath@stack@operand=\toks46
\pgfmath@stack@operation=\toks47
)
(c:/texlive/2023/texmf-dist/tex/generic/pgf/math/pgfmathfunctions.code.tex)
(c:/texlive/2023/texmf-dist/tex/generic/pgf/math/pgfmathfunctions.basic.code.te
x)
(c:/texlive/2023/texmf-dist/tex/generic/pgf/math/pgfmathfunctions.trigonometric
.code.tex)
(c:/texlive/2023/texmf-dist/tex/generic/pgf/math/pgfmathfunctions.random.code.t
ex)
(c:/texlive/2023/texmf-dist/tex/generic/pgf/math/pgfmathfunctions.comparison.co
de.tex)
(c:/texlive/2023/texmf-dist/tex/generic/pgf/math/pgfmathfunctions.base.code.tex
)
(c:/texlive/2023/texmf-dist/tex/generic/pgf/math/pgfmathfunctions.round.code.te
x)
(c:/texlive/2023/texmf-dist/tex/generic/pgf/math/pgfmathfunctions.misc.code.tex
)
(c:/texlive/2023/texmf-dist/tex/generic/pgf/math/pgfmathfunctions.integerarithm
etics.code.tex)
(c:/texlive/2023/texmf-dist/tex/generic/pgf/math/pgfmathcalc.code.tex)
(c:/texlive/2023/texmf-dist/tex/generic/pgf/math/pgfmathfloat.code.tex
\c@pgfmathroundto@lastzeros=\count288
))
(c:/texlive/2023/texmf-dist/tex/generic/pgf/math/pgfint.code.tex)
(c:/texlive/2023/texmf-dist/tex/generic/pgf/basiclayer/pgfcorepoints.code.tex
File: pgfcorepoints.code.tex 2023-01-15 v3.1.10 (3.1.10)
\pgf@picminx=\dimen174
\pgf@picmaxx=\dimen175
\pgf@picminy=\dimen176
\pgf@picmaxy=\dimen177
\pgf@pathminx=\dimen178
\pgf@pathmaxx=\dimen179
\pgf@pathminy=\dimen180
\pgf@pathmaxy=\dimen181
\pgf@xx=\dimen182
\pgf@xy=\dimen183
\pgf@yx=\dimen184
\pgf@yy=\dimen185
\pgf@zx=\dimen186
\pgf@zy=\dimen187
)
(c:/texlive/2023/texmf-dist/tex/generic/pgf/basiclayer/pgfcorepathconstruct.cod
e.tex
File: pgfcorepathconstruct.code.tex 2023-01-15 v3.1.10 (3.1.10)
\pgf@path@lastx=\dimen188
\pgf@path@lasty=\dimen189
)
(c:/texlive/2023/texmf-dist/tex/generic/pgf/basiclayer/pgfcorepathusage.code.te
x
File: pgfcorepathusage.code.tex 2023-01-15 v3.1.10 (3.1.10)
\pgf@shorten@end@additional=\dimen190
\pgf@shorten@start@additional=\dimen191
)
(c:/texlive/2023/texmf-dist/tex/generic/pgf/basiclayer/pgfcorescopes.code.tex
File: pgfcorescopes.code.tex 2023-01-15 v3.1.10 (3.1.10)
\pgfpic=\box63
\pgf@hbox=\box64
\pgf@layerbox@main=\box65
\pgf@picture@serial@count=\count289
)
(c:/texlive/2023/texmf-dist/tex/generic/pgf/basiclayer/pgfcoregraphicstate.code
.tex
File: pgfcoregraphicstate.code.tex 2023-01-15 v3.1.10 (3.1.10)
\pgflinewidth=\dimen192
)
(c:/texlive/2023/texmf-dist/tex/generic/pgf/basiclayer/pgfcoretransformations.c
ode.tex
File: pgfcoretransformations.code.tex 2023-01-15 v3.1.10 (3.1.10)
\pgf@pt@x=\dimen193
\pgf@pt@y=\dimen194
\pgf@pt@temp=\dimen195
)
(c:/texlive/2023/texmf-dist/tex/generic/pgf/basiclayer/pgfcorequick.code.tex
File: pgfcorequick.code.tex 2023-01-15 v3.1.10 (3.1.10)
)
(c:/texlive/2023/texmf-dist/tex/generic/pgf/basiclayer/pgfcoreobjects.code.tex
File: pgfcoreobjects.code.tex 2023-01-15 v3.1.10 (3.1.10)
)
(c:/texlive/2023/texmf-dist/tex/generic/pgf/basiclayer/pgfcorepathprocessing.co
de.tex
File: pgfcorepathprocessing.code.tex 2023-01-15 v3.1.10 (3.1.10)
)
(c:/texlive/2023/texmf-dist/tex/generic/pgf/basiclayer/pgfcorearrows.code.tex
File: pgfcorearrows.code.tex 2023-01-15 v3.1.10 (3.1.10)
\pgfarrowsep=\dimen196
)
(c:/texlive/2023/texmf-dist/tex/generic/pgf/basiclayer/pgfcoreshade.code.tex
File: pgfcoreshade.code.tex 2023-01-15 v3.1.10 (3.1.10)
\pgf@max=\dimen197
\pgf@sys@shading@range@num=\count290
\pgf@shadingcount=\count291
)
(c:/texlive/2023/texmf-dist/tex/generic/pgf/basiclayer/pgfcoreimage.code.tex
File: pgfcoreimage.code.tex 2023-01-15 v3.1.10 (3.1.10)
)
(c:/texlive/2023/texmf-dist/tex/generic/pgf/basiclayer/pgfcoreexternal.code.tex
File: pgfcoreexternal.code.tex 2023-01-15 v3.1.10 (3.1.10)
\pgfexternal@startupbox=\box66
) (c:/texlive/2023/texmf-dist/tex/generic/pgf/basiclayer/pgfcorelayers.code.tex
File: pgfcorelayers.code.tex 2023-01-15 v3.1.10 (3.1.10)
)
(c:/texlive/2023/texmf-dist/tex/generic/pgf/basiclayer/pgfcoretransparency.code
.tex
File: pgfcoretransparency.code.tex 2023-01-15 v3.1.10 (3.1.10)
)
(c:/texlive/2023/texmf-dist/tex/generic/pgf/basiclayer/pgfcorepatterns.code.tex
File: pgfcorepatterns.code.tex 2023-01-15 v3.1.10 (3.1.10)
) (c:/texlive/2023/texmf-dist/tex/generic/pgf/basiclayer/pgfcorerdf.code.tex
File: pgfcorerdf.code.tex 2023-01-15 v3.1.10 (3.1.10)
))) (c:/texlive/2023/texmf-dist/tex/generic/pgf/modules/pgfmoduleshapes.code.te
x
File: pgfmoduleshapes.code.tex 2023-01-15 v3.1.10 (3.1.10)
\pgfnodeparttextbox=\box67
)
(c:/texlive/2023/texmf-dist/tex/generic/pgf/modules/pgfmoduleplot.code.tex
File: pgfmoduleplot.code.tex 2023-01-15 v3.1.10 (3.1.10)
)
(c:/texlive/2023/texmf-dist/tex/latex/pgf/compatibility/pgfcomp-version-0-65.st
y
Package: pgfcomp-version-0-65 2023-01-15 v3.1.10 (3.1.10)
\pgf@nodesepstart=\dimen198
\pgf@nodesepend=\dimen199
)
(c:/texlive/2023/texmf-dist/tex/latex/pgf/compatibility/pgfcomp-version-1-18.st
y
Package: pgfcomp-version-1-18 2023-01-15 v3.1.10 (3.1.10)
)) (c:/texlive/2023/texmf-dist/tex/latex/tools/verbatim.sty
Package: verbatim 2022-07-02 v1.5u LaTeX2e package for verbatim enhancements
\every@verbatim=\toks48
\verbatim@line=\toks49
\verbatim@in@stream=\read4
)
(c:/texlive/2023/texmf-dist/tex/latex/environ/environ.sty
Package: environ 2014/05/04 v0.3 A new way to define environments

(c:/texlive/2023/texmf-dist/tex/latex/trimspaces/trimspaces.sty
Package: trimspaces 2009/09/17 v1.1 Trim spaces around a token list
))
(c:/texlive/2023/texmf-dist/tex/latex/etoolbox/etoolbox.sty
Package: etoolbox 2020/10/05 v2.5k e-TeX tools for LaTeX (JAW)
\etb@tempcnta=\count292
)
\tcb@titlebox=\box68
\tcb@upperbox=\box69
\tcb@lowerbox=\box70
\tcb@phantombox=\box71
\c@tcbbreakpart=\count293
\c@tcblayer=\count294
\c@tcolorbox@number=\count295
\tcb@temp=\box72
\tcb@temp=\box73
\tcb@temp=\box74
\tcb@temp=\box75
)
(c:/texlive/2023/texmf-dist/tex/latex/mdframed/mdframed.sty
Package: mdframed 2013/07/01 1.9b: mdframed

(c:/texlive/2023/texmf-dist/tex/latex/l3packages/xparse/xparse.sty
(c:/texlive/2023/texmf-dist/tex/latex/l3kernel/expl3.sty
Package: expl3 2023-02-22 L3 programming layer (loader) 

(c:/texlive/2023/texmf-dist/tex/latex/l3backend/l3backend-pdftex.def
File: l3backend-pdftex.def 2023-01-16 L3 backend support: PDF output (pdfTeX)
\l__color_backend_stack_int=\count296
\l__pdf_internal_box=\box76
))
Package: xparse 2023-02-02 L3 Experimental document command parser
)
(c:/texlive/2023/texmf-dist/tex/latex/zref/zref-abspage.sty
Package: zref-abspage 2022-04-07 v2.34 Module abspage for zref (HO)

(c:/texlive/2023/texmf-dist/tex/latex/zref/zref-base.sty
Package: zref-base 2022-04-07 v2.34 Module base for zref (HO)

(c:/texlive/2023/texmf-dist/tex/generic/etexcmds/etexcmds.sty
Package: etexcmds 2019/12/15 v1.7 Avoid name clashes with e-TeX commands (HO)
)
(c:/texlive/2023/texmf-dist/tex/latex/auxhook/auxhook.sty
Package: auxhook 2019-12-17 v1.6 Hooks for auxiliary files (HO)
)
Package zref Info: New property list: main on input line 767.
Package zref Info: New property: default on input line 768.
Package zref Info: New property: page on input line 769.
)
(c:/texlive/2023/texmf-dist/tex/latex/base/atbegshi-ltx.sty
Package: atbegshi-ltx 2021/01/10 v1.0c Emulation of the original atbegshi
package with kernel methods
)
\c@abspage=\count297
Package zref Info: New property: abspage on input line 65.
)
(c:/texlive/2023/texmf-dist/tex/latex/needspace/needspace.sty
Package: needspace 2010/09/12 v1.3d reserve vertical space
)
\mdf@templength=\skip69
\c@mdf@globalstyle@cnt=\count298
\mdf@skipabove@length=\skip70
\mdf@skipbelow@length=\skip71
\mdf@leftmargin@length=\skip72
\mdf@rightmargin@length=\skip73
\mdf@innerleftmargin@length=\skip74
\mdf@innerrightmargin@length=\skip75
\mdf@innertopmargin@length=\skip76
\mdf@innerbottommargin@length=\skip77
\mdf@splittopskip@length=\skip78
\mdf@splitbottomskip@length=\skip79
\mdf@outermargin@length=\skip80
\mdf@innermargin@length=\skip81
\mdf@linewidth@length=\skip82
\mdf@innerlinewidth@length=\skip83
\mdf@middlelinewidth@length=\skip84
\mdf@outerlinewidth@length=\skip85
\mdf@roundcorner@length=\skip86
\mdf@footenotedistance@length=\skip87
\mdf@userdefinedwidth@length=\skip88
\mdf@needspace@length=\skip89
\mdf@frametitleaboveskip@length=\skip90
\mdf@frametitlebelowskip@length=\skip91
\mdf@frametitlerulewidth@length=\skip92
\mdf@frametitleleftmargin@length=\skip93
\mdf@frametitlerightmargin@length=\skip94
\mdf@shadowsize@length=\skip95
\mdf@extratopheight@length=\skip96
\mdf@subtitleabovelinewidth@length=\skip97
\mdf@subtitlebelowlinewidth@length=\skip98
\mdf@subtitleaboveskip@length=\skip99
\mdf@subtitlebelowskip@length=\skip100
\mdf@subtitleinneraboveskip@length=\skip101
\mdf@subtitleinnerbelowskip@length=\skip102
\mdf@subsubtitleabovelinewidth@length=\skip103
\mdf@subsubtitlebelowlinewidth@length=\skip104
\mdf@subsubtitleaboveskip@length=\skip105
\mdf@subsubtitlebelowskip@length=\skip106
\mdf@subsubtitleinneraboveskip@length=\skip107
\mdf@subsubtitleinnerbelowskip@length=\skip108

(c:/texlive/2023/texmf-dist/tex/latex/mdframed/md-frame-0.mdf
File: md-frame-0.mdf 2013/07/01\ 1.9b: md-frame-0
)
\mdf@frametitlebox=\box77
\mdf@footnotebox=\box78
\mdf@splitbox@one=\box79
\mdf@splitbox@two=\box80
\mdf@splitbox@save=\box81
\mdfsplitboxwidth=\skip109
\mdfsplitboxtotalwidth=\skip110
\mdfsplitboxheight=\skip111
\mdfsplitboxdepth=\skip112
\mdfsplitboxtotalheight=\skip113
\mdfframetitleboxwidth=\skip114
\mdfframetitleboxtotalwidth=\skip115
\mdfframetitleboxheight=\skip116
\mdfframetitleboxdepth=\skip117
\mdfframetitleboxtotalheight=\skip118
\mdffootnoteboxwidth=\skip119
\mdffootnoteboxtotalwidth=\skip120
\mdffootnoteboxheight=\skip121
\mdffootnoteboxdepth=\skip122
\mdffootnoteboxtotalheight=\skip123
\mdftotallinewidth=\skip124
\mdfboundingboxwidth=\skip125
\mdfboundingboxtotalwidth=\skip126
\mdfboundingboxheight=\skip127
\mdfboundingboxdepth=\skip128
\mdfboundingboxtotalheight=\skip129
\mdf@freevspace@length=\skip130
\mdf@horizontalwidthofbox@length=\skip131
\mdf@verticalmarginwhole@length=\skip132
\mdf@horizontalspaceofbox=\skip133
\mdfsubtitleheight=\skip134
\mdfsubsubtitleheight=\skip135
\c@mdfcountframes=\count299

****** mdframed patching \endmdf@trivlist

****** -- success******

\mdf@envdepth=\count300
\c@mdf@env@i=\count301
\c@mdf@env@ii=\count302
\c@mdf@zref@counter=\count303
Package zref Info: New property: mdf@pagevalue on input line 895.
)
(c:/texlive/2023/texmf-dist/tex/latex/framed/framed.sty
Package: framed 2011/10/22 v 0.96: framed or shaded text with page breaks
\OuterFrameSep=\skip136
\fb@frw=\dimen256
\fb@frh=\dimen257
\FrameRule=\dimen258
\FrameSep=\dimen259
)
(c:/texlive/2023/texmf-dist/tex/latex/graphbox/graphbox.sty
Package: graphbox 2018/01/17 v1.1 extension for graphicx to adjust containing b
ox
\Gin@box@box=\box82
\Gin@box@width=\skip137
\Gin@box@height=\skip138
\Gin@box@raise=\skip139
\Gin@box@hspace=\skip140
\Gin@box@bwidth=\skip141
\Gin@box@bheight=\skip142
)
(c:/texlive/2023/texmf-dist/tex/latex/makecell/makecell.sty
Package: makecell 2009/08/03 V0.1e Managing of Tab Column Heads and Cells

(c:/texlive/2023/texmf-dist/tex/latex/tools/array.sty
Package: array 2022/09/04 v2.5g Tabular extension package (FMi)
\col@sep=\dimen260
\ar@mcellbox=\box83
\extrarowheight=\dimen261
\NC@list=\toks50
\extratabsurround=\skip143
\backup@length=\skip144
\ar@cellbox=\box84
)
\rotheadsize=\dimen262
\c@nlinenum=\count304
\TeXr@lab=\toks51
)
(c:/texlive/2023/texmf-dist/tex/latex/diagbox/diagbox.sty
Package: diagbox 2020/02/09 v2.3 Making table heads with diagonal lines

(c:/texlive/2023/texmf-dist/tex/latex/pict2e/pict2e.sty
Package: pict2e 2020/09/30 v0.4b Improved picture commands (HjG,RN,JT)

(c:/texlive/2023/texmf-dist/tex/latex/pict2e/pict2e.cfg
File: pict2e.cfg 2016/02/05 v0.1u pict2e configuration for teTeX/TeXLive
)
Package pict2e Info: Driver file: pdftex.def on input line 112.
Package pict2e Info: Driver file for pict2e: p2e-pdftex.def on input line 114.

(c:/texlive/2023/texmf-dist/tex/latex/pict2e/p2e-pdftex.def
File: p2e-pdftex.def 2016/02/05 v0.1u Driver-dependant file (RN,HjG,JT)
)
\pIIe@GRAPH=\toks52
\@arclen=\dimen263
\@arcrad=\dimen264
\pIIe@tempdima=\dimen265
\pIIe@tempdimb=\dimen266
\pIIe@tempdimc=\dimen267
\pIIe@tempdimd=\dimen268
\pIIe@tempdime=\dimen269
\pIIe@tempdimf=\dimen270
)
(c:/texlive/2023/texmf-dist/tex/latex/tools/calc.sty
Package: calc 2017/05/25 v4.3 Infix arithmetic (KKT,FJ)
\calc@Acount=\count305
\calc@Bcount=\count306
\calc@Adimen=\dimen271
\calc@Bdimen=\dimen272
\calc@Askip=\skip145
\calc@Bskip=\skip146
LaTeX Info: Redefining \setlength on input line 80.
LaTeX Info: Redefining \addtolength on input line 81.
\calc@Ccount=\count307
\calc@Cskip=\skip147
)
\diagbox@boxa=\box85
\diagbox@boxb=\box86
\diagbox@boxm=\box87
\diagbox@wd=\dimen273
\diagbox@ht=\dimen274
\diagbox@insepl=\dimen275
\diagbox@insepr=\dimen276
\diagbox@outsepl=\dimen277
\diagbox@outsepr=\dimen278
)
(c:/texlive/2023/texmf-dist/tex/latex/booktabs/booktabs.sty
Package: booktabs 2020/01/12 v1.61803398 Publication quality tables
\heavyrulewidth=\dimen279
\lightrulewidth=\dimen280
\cmidrulewidth=\dimen281
\belowrulesep=\dimen282
\belowbottomsep=\dimen283
\aboverulesep=\dimen284
\abovetopsep=\dimen285
\cmidrulesep=\dimen286
\cmidrulekern=\dimen287
\defaultaddspace=\dimen288
\@cmidla=\count308
\@cmidlb=\count309
\@aboverulesep=\dimen289
\@belowrulesep=\dimen290
\@thisruleclass=\count310
\@lastruleclass=\count311
\@thisrulewidth=\dimen291
)
(c:/texlive/2023/texmf-dist/tex/latex/threeparttable/threeparttable.sty
Package: threeparttable 2003/06/13  v 3.0
\@tempboxb=\box88
)
(c:/texlive/2023/texmf-dist/tex/latex/appendix/appendix.sty
Package: appendix 2020/02/08 v1.2c extra appendix facilities
\c@@pps=\count312
\c@@ppsavesec=\count313
\c@@ppsaveapp=\count314
)
(c:/texlive/2023/texmf-dist/tex/latex/hyperref/hyperref.sty
Package: hyperref 2023-02-07 v7.00v Hypertext links for LaTeX

(c:/texlive/2023/texmf-dist/tex/generic/pdfescape/pdfescape.sty
Package: pdfescape 2019/12/09 v1.15 Implements pdfTeX's escape features (HO)
)
(c:/texlive/2023/texmf-dist/tex/latex/hycolor/hycolor.sty
Package: hycolor 2020-01-27 v1.10 Color options for hyperref/bookmark (HO)
)
(c:/texlive/2023/texmf-dist/tex/latex/letltxmacro/letltxmacro.sty
Package: letltxmacro 2019/12/03 v1.6 Let assignment for LaTeX macros (HO)
)
(c:/texlive/2023/texmf-dist/tex/latex/hyperref/nameref.sty
Package: nameref 2022-05-17 v2.50 Cross-referencing by name of section

(c:/texlive/2023/texmf-dist/tex/latex/refcount/refcount.sty
Package: refcount 2019/12/15 v3.6 Data extraction from label references (HO)
)
(c:/texlive/2023/texmf-dist/tex/generic/gettitlestring/gettitlestring.sty
Package: gettitlestring 2019/12/15 v1.6 Cleanup title references (HO)
)
\c@section@level=\count315
)
\@linkdim=\dimen292
\Hy@linkcounter=\count316
\Hy@pagecounter=\count317

(c:/texlive/2023/texmf-dist/tex/latex/hyperref/pd1enc.def
File: pd1enc.def 2023-02-07 v7.00v Hyperref: PDFDocEncoding definition (HO)
Now handling font encoding PD1 ...
... no UTF-8 mapping file for font encoding PD1
)
(c:/texlive/2023/texmf-dist/tex/generic/intcalc/intcalc.sty
Package: intcalc 2019/12/15 v1.3 Expandable calculations with integers (HO)
)
\Hy@SavedSpaceFactor=\count318

(c:/texlive/2023/texmf-dist/tex/latex/hyperref/puenc.def
File: puenc.def 2023-02-07 v7.00v Hyperref: PDF Unicode definition (HO)
Now handling font encoding PU ...
... no UTF-8 mapping file for font encoding PU
)
Package hyperref Info: Hyper figures OFF on input line 4177.
Package hyperref Info: Link nesting OFF on input line 4182.
Package hyperref Info: Hyper index ON on input line 4185.
Package hyperref Info: Plain pages OFF on input line 4192.
Package hyperref Info: Backreferencing OFF on input line 4197.
Package hyperref Info: Implicit mode ON; LaTeX internals redefined.
Package hyperref Info: Bookmarks ON on input line 4425.
\c@Hy@tempcnt=\count319

(c:/texlive/2023/texmf-dist/tex/latex/url/url.sty
\Urlmuskip=\muskip17
Package: url 2013/09/16  ver 3.4  Verb mode for urls, etc.
)
LaTeX Info: Redefining \url on input line 4763.
\XeTeXLinkMargin=\dimen293

(c:/texlive/2023/texmf-dist/tex/generic/bitset/bitset.sty
Package: bitset 2019/12/09 v1.3 Handle bit-vector datatype (HO)

(c:/texlive/2023/texmf-dist/tex/generic/bigintcalc/bigintcalc.sty
Package: bigintcalc 2019/12/15 v1.5 Expandable calculations on big integers (HO
)
))
\Fld@menulength=\count320
\Field@Width=\dimen294
\Fld@charsize=\dimen295
Package hyperref Info: Hyper figures OFF on input line 6042.
Package hyperref Info: Link nesting OFF on input line 6047.
Package hyperref Info: Hyper index ON on input line 6050.
Package hyperref Info: backreferencing OFF on input line 6057.
Package hyperref Info: Link coloring OFF on input line 6062.
Package hyperref Info: Link coloring with OCG OFF on input line 6067.
Package hyperref Info: PDF/A mode OFF on input line 6072.
\Hy@abspage=\count321
\c@Item=\count322
\c@Hfootnote=\count323
)
Package hyperref Info: Driver (autodetected): hpdftex.

(c:/texlive/2023/texmf-dist/tex/latex/hyperref/hpdftex.def
File: hpdftex.def 2023-02-07 v7.00v Hyperref driver for pdfTeX

(c:/texlive/2023/texmf-dist/tex/latex/base/atveryend-ltx.sty
Package: atveryend-ltx 2020/08/19 v1.0a Emulation of the original atveryend pac
kage
with kernel methods
)
\HyAnn@Count=\count324
\Fld@listcount=\count325
\c@bookmark@seq@number=\count326

(c:/texlive/2023/texmf-dist/tex/latex/rerunfilecheck/rerunfilecheck.sty
Package: rerunfilecheck 2022-07-10 v1.10 Rerun checks for auxiliary files (HO)

(c:/texlive/2023/texmf-dist/tex/generic/uniquecounter/uniquecounter.sty
Package: uniquecounter 2019/12/15 v1.4 Provide unlimited unique counter (HO)
)
Package uniquecounter Info: New unique counter `rerunfilecheck' on input line 2
85.
)
\Hy@SectionHShift=\skip148
)
(c:/texlive/2023/texmf-dist/tex/latex/tools/longtable.sty
Package: longtable 2021-09-01 v4.17 Multi-page Table package (DPC)
\LTleft=\skip149
\LTright=\skip150
\LTpre=\skip151
\LTpost=\skip152
\LTchunksize=\count327
\LTcapwidth=\dimen296
\LT@head=\box89
\LT@firsthead=\box90
\LT@foot=\box91
\LT@lastfoot=\box92
\LT@gbox=\box93
\LT@cols=\count328
\LT@rows=\count329
\c@LT@tables=\count330
\c@LT@chunks=\count331
\LT@p@ftn=\toks53
)
\c@definition=\count332
\c@theorem=\count333
\c@lemma=\count334
\c@remark=\count335
\c@example=\count336
\c@proposition=\count337
\c@algorithm=\count338

(./signature_2023_ver_4.aux)
\openout1 = `signature_2023_ver_4.aux'.

LaTeX Font Info:    Checking defaults for OML/cmm/m/it on input line 58.
LaTeX Font Info:    ... okay on input line 58.
LaTeX Font Info:    Checking defaults for OMS/cmsy/m/n on input line 58.
LaTeX Font Info:    ... okay on input line 58.
LaTeX Font Info:    Checking defaults for OT1/cmr/m/n on input line 58.
LaTeX Font Info:    ... okay on input line 58.
LaTeX Font Info:    Checking defaults for T1/cmr/m/n on input line 58.
LaTeX Font Info:    ... okay on input line 58.
LaTeX Font Info:    Checking defaults for TS1/cmr/m/n on input line 58.
LaTeX Font Info:    ... okay on input line 58.
LaTeX Font Info:    Checking defaults for OMX/cmex/m/n on input line 58.
LaTeX Font Info:    ... okay on input line 58.
LaTeX Font Info:    Checking defaults for U/cmr/m/n on input line 58.
LaTeX Font Info:    ... okay on input line 58.
LaTeX Font Info:    Checking defaults for PD1/pdf/m/n on input line 58.
LaTeX Font Info:    ... okay on input line 58.
LaTeX Font Info:    Checking defaults for PU/pdf/m/n on input line 58.
LaTeX Font Info:    ... okay on input line 58.

(c:/texlive/2023/texmf-dist/tex/context/base/mkii/supp-pdf.mkii
[Loading MPS to PDF converter (version 2006.09.02).]
\scratchcounter=\count339
\scratchdimen=\dimen297
\scratchbox=\box94
\nofMPsegments=\count340
\nofMParguments=\count341
\everyMPshowfont=\toks54
\MPscratchCnt=\count342
\MPscratchDim=\dimen298
\MPnumerator=\count343
\makeMPintoPDFobject=\count344
\everyMPtoPDFconversion=\toks55
)
Package hyperref Info: Link coloring OFF on input line 58.
 (./signature_2023_ver_4.out) (./signature_2023_ver_4.out)
\@outlinefile=\write5
\openout5 = `signature_2023_ver_4.out'.

LaTeX Font Info:    Trying to load font information for U+msa on input line 60.


(c:/texlive/2023/texmf-dist/tex/latex/amsfonts/umsa.fd
File: umsa.fd 2013/01/14 v3.01 AMS symbols A
)
LaTeX Font Info:    Trying to load font information for U+msb on input line 60.


(c:/texlive/2023/texmf-dist/tex/latex/amsfonts/umsb.fd
File: umsb.fd 2013/01/14 v3.01 AMS symbols B
) [1

{c:/texlive/2023/texmf-var/fonts/map/pdftex/updmap/pdftex.map}] [2] [3] [4] [5]
 [6]

pdfTeX warning: pdflatex.exe (file ./fig//SigFormer.pdf): PDF inclusion: found 
PDF version <1.7>, but at most version <1.5> allowed
<fig//SigFormer.pdf, id=237, 844.95674pt x 597.432pt>
File: fig//SigFormer.pdf Graphic file (type pdf)
<use fig//SigFormer.pdf>
Package pdftex.def Info: fig//SigFormer.pdf  used on input line 241.
(pdftex.def)             Requested size: 276.00105pt x 195.14763pt.
[7{c:/texlive/2023/texmf-dist/fonts/enc/dvips/cm-super/cm-super-ts1.enc}]
[8 <./fig//SigFormer.pdf>] [9] [10] [11]
<fig//example1_Huniform_fBm.png, id=336, 722.7pt x 578.16pt>
File: fig//example1_Huniform_fBm.png Graphic file (type png)
<use fig//example1_Huniform_fBm.png>
Package pdftex.def Info: fig//example1_Huniform_fBm.png  used on input line 382
.
(pdftex.def)             Requested size: 110.40253pt x 88.31703pt.
<fig//example1_Huniform_rBergomi.png, id=338, 722.7pt x 578.16pt>
File: fig//example1_Huniform_rBergomi.png Graphic file (type png)
<use fig//example1_Huniform_rBergomi.png>
Package pdftex.def Info: fig//example1_Huniform_rBergomi.png  used on input lin
e 382.
(pdftex.def)             Requested size: 110.40253pt x 88.31703pt.
<fig//example1_Huniform_rHeston.png, id=339, 722.7pt x 578.16pt>
File: fig//example1_Huniform_rHeston.png Graphic file (type png)
<use fig//example1_Huniform_rHeston.png>
Package pdftex.def Info: fig//example1_Huniform_rHeston.png  used on input line
 382.
(pdftex.def)             Requested size: 110.40253pt x 88.31703pt.
<fig//example1_Hbeta_fBm.png, id=340, 722.7pt x 578.16pt>
File: fig//example1_Hbeta_fBm.png Graphic file (type png)
<use fig//example1_Hbeta_fBm.png>
Package pdftex.def Info: fig//example1_Hbeta_fBm.png  used on input line 388.
(pdftex.def)             Requested size: 110.40253pt x 88.31703pt.
<fig//example1_Hbeta_rBergomi.png, id=341, 722.7pt x 578.16pt>
File: fig//example1_Hbeta_rBergomi.png Graphic file (type png)
<use fig//example1_Hbeta_rBergomi.png>
Package pdftex.def Info: fig//example1_Hbeta_rBergomi.png  used on input line 3
88.
(pdftex.def)             Requested size: 110.40253pt x 88.31703pt.
<fig//example1_Hbeta_rHeston.png, id=342, 722.7pt x 578.16pt>
File: fig//example1_Hbeta_rHeston.png Graphic file (type png)
<use fig//example1_Hbeta_rHeston.png>
Package pdftex.def Info: fig//example1_Hbeta_rHeston.png  used on input line 38
8.
(pdftex.def)             Requested size: 110.40253pt x 88.31703pt.
 [12] [13 <./fig//example1_Huniform_fBm.png> <./fig//example1_Huniform_rBergomi
.png> <./fig//example1_Huniform_rHeston.png> <./fig//example1_Hbeta_fBm.png> <.
/fig//example1_Hbeta_rBergomi.png> <./fig//example1_Hbeta_rHeston.png>]
<fig//example2_fBm.png, id=367, 722.7pt x 578.16pt>
File: fig//example2_fBm.png Graphic file (type png)
<use fig//example2_fBm.png>
Package pdftex.def Info: fig//example2_fBm.png  used on input line 440.
(pdftex.def)             Requested size: 110.40253pt x 88.31703pt.
<fig//example2_rBergomi.png, id=368, 722.7pt x 578.16pt>
File: fig//example2_rBergomi.png Graphic file (type png)
<use fig//example2_rBergomi.png>
Package pdftex.def Info: fig//example2_rBergomi.png  used on input line 441.
(pdftex.def)             Requested size: 110.40253pt x 88.31703pt.
<fig//example2_rHeston.png, id=369, 722.7pt x 578.16pt>
File: fig//example2_rHeston.png Graphic file (type png)
<use fig//example2_rHeston.png>
Package pdftex.def Info: fig//example2_rHeston.png  used on input line 442.
(pdftex.def)             Requested size: 110.40253pt x 88.31703pt.
 [14 <./fig//example2_fBm.png> <./fig//example2_rBergomi.png> <./fig//example2_
rHeston.png>] [15] [16] [17] [18]

Package hyperref Warning: Token not allowed in a PDF string (Unicode):
(hyperref)                removing `math shift' on input line 650.


Package hyperref Warning: Token not allowed in a PDF string (Unicode):
(hyperref)                removing `math shift' on input line 650.


Package hyperref Warning: Token not allowed in a PDF string (Unicode):
(hyperref)                removing `math shift' on input line 650.


Package hyperref Warning: Token not allowed in a PDF string (Unicode):
(hyperref)                removing `math shift' on input line 650.

Package epstopdf Info: Source file: <fig//fBm_grid=100_Huniform.eps>
(epstopdf)                    date: 2024-02-29 11:04:52
(epstopdf)                    size: 34198 bytes
(epstopdf)             Output file: <fig//fBm_grid=100_Huniform-eps-converted-t
o.pdf>
(epstopdf)                    date: 2024-03-03 09:29:15
(epstopdf)                    size: 16617 bytes
(epstopdf)             Command: <repstopdf --outfile=fig//fBm_grid=100_Huniform
-eps-converted-to.pdf fig//fBm_grid=100_Huniform.eps>
(epstopdf)             \includegraphics on input line 659.
Package epstopdf Info: Output file is already uptodate.
<fig//fBm_grid=100_Huniform-eps-converted-to.pdf, id=412, 620.3175pt x 551.0587
5pt>
File: fig//fBm_grid=100_Huniform-eps-converted-to.pdf Graphic file (type pdf)
<use fig//fBm_grid=100_Huniform-eps-converted-to.pdf>
Package pdftex.def Info: fig//fBm_grid=100_Huniform-eps-converted-to.pdf  used 
on input line 659.
(pdftex.def)             Requested size: 110.40253pt x 98.07637pt.
Package epstopdf Info: Source file: <fig//rBergomi_grid=100_Huniform_eta=1_v0=0
.01.eps>
(epstopdf)                    date: 2024-02-29 11:22:16
(epstopdf)                    size: 31918 bytes
(epstopdf)             Output file: <fig//rBergomi_grid=100_Huniform_eta=1_v0=0
.01-eps-converted-to.pdf>
(epstopdf)                    date: 2024-03-03 09:29:16
(epstopdf)                    size: 15877 bytes
(epstopdf)             Command: <repstopdf --outfile=fig//rBergomi_grid=100_Hun
iform_eta=1_v0=0.01-eps-converted-to.pdf fig//rBergomi_grid=100_Huniform_eta=1_
v0=0.01.eps>
(epstopdf)             \includegraphics on input line 659.
Package epstopdf Info: Output file is already uptodate.
<fig//rBergomi_grid=100_Huniform_eta=1_v0=0.01-eps-converted-to.pdf, id=413, 62
0.3175pt x 551.05875pt>
File: fig//rBergomi_grid=100_Huniform_eta=1_v0=0.01-eps-converted-to.pdf Graphi
c file (type pdf)
<use fig//rBergomi_grid=100_Huniform_eta=1_v0=0.01-eps-converted-to.pdf>
Package pdftex.def Info: fig//rBergomi_grid=100_Huniform_eta=1_v0=0.01-eps-conv
erted-to.pdf  used on input line 659.
(pdftex.def)             Requested size: 110.40253pt x 98.07637pt.
Package epstopdf Info: Source file: <fig//rHeston_grid=100_Huniform_kappa1=0.1_
kappa2=0.03_theta=0.3_v0=0.01.eps>
(epstopdf)                    date: 2024-02-29 11:37:08
(epstopdf)                    size: 31205 bytes
(epstopdf)             Output file: <fig//rHeston_grid=100_Huniform_kappa1=0.1_
kappa2=0.03_theta=0.3_v0=0.01-eps-converted-to.pdf>
(epstopdf)                    date: 2024-03-03 09:29:16
(epstopdf)                    size: 15814 bytes
(epstopdf)             Command: <repstopdf --outfile=fig//rHeston_grid=100_Huni
form_kappa1=0.1_kappa2=0.03_theta=0.3_v0=0.01-eps-converted-to.pdf fig//rHeston
_grid=100_Huniform_kappa1=0.1_kappa2=0.03_theta=0.3_v0=0.01.eps>
(epstopdf)             \includegraphics on input line 659.
Package epstopdf Info: Output file is already uptodate.
<fig//rHeston_grid=100_Huniform_kappa1=0.1_kappa2=0.03_theta=0.3_v0=0.01-eps-co
nverted-to.pdf, id=414, 620.3175pt x 551.05875pt>
File: fig//rHeston_grid=100_Huniform_kappa1=0.1_kappa2=0.03_theta=0.3_v0=0.01-e
ps-converted-to.pdf Graphic file (type pdf)
<use fig//rHeston_grid=100_Huniform_kappa1=0.1_kappa2=0.03_theta=0.3_v0=0.01-ep
s-converted-to.pdf>
Package pdftex.def Info: fig//rHeston_grid=100_Huniform_kappa1=0.1_kappa2=0.03_
theta=0.3_v0=0.01-eps-converted-to.pdf  used on input line 659.
(pdftex.def)             Requested size: 110.40253pt x 98.07637pt.
Package epstopdf Info: Source file: <fig//fBm_grid=100_Hbeta.eps>
(epstopdf)                    date: 2024-02-29 11:04:58
(epstopdf)                    size: 34146 bytes
(epstopdf)             Output file: <fig//fBm_grid=100_Hbeta-eps-converted-to.p
df>
(epstopdf)                    date: 2024-03-03 09:29:17
(epstopdf)                    size: 16613 bytes
(epstopdf)             Command: <repstopdf --outfile=fig//fBm_grid=100_Hbeta-ep
s-converted-to.pdf fig//fBm_grid=100_Hbeta.eps>
(epstopdf)             \includegraphics on input line 665.
Package epstopdf Info: Output file is already uptodate.
<fig//fBm_grid=100_Hbeta-eps-converted-to.pdf, id=415, 620.3175pt x 551.05875pt
>
File: fig//fBm_grid=100_Hbeta-eps-converted-to.pdf Graphic file (type pdf)
<use fig//fBm_grid=100_Hbeta-eps-converted-to.pdf>
Package pdftex.def Info: fig//fBm_grid=100_Hbeta-eps-converted-to.pdf  used on 
input line 665.
(pdftex.def)             Requested size: 110.40253pt x 98.07637pt.
Package epstopdf Info: Source file: <fig//rBergomi_grid=100_Hbeta_eta=1_v0=0.01
.eps>
(epstopdf)                    date: 2024-02-29 11:22:18
(epstopdf)                    size: 32645 bytes
(epstopdf)             Output file: <fig//rBergomi_grid=100_Hbeta_eta=1_v0=0.01
-eps-converted-to.pdf>
(epstopdf)                    date: 2024-03-03 09:29:18
(epstopdf)                    size: 15855 bytes
(epstopdf)             Command: <repstopdf --outfile=fig//rBergomi_grid=100_Hbe
ta_eta=1_v0=0.01-eps-converted-to.pdf fig//rBergomi_grid=100_Hbeta_eta=1_v0=0.0
1.eps>
(epstopdf)             \includegraphics on input line 665.
Package epstopdf Info: Output file is already uptodate.
<fig//rBergomi_grid=100_Hbeta_eta=1_v0=0.01-eps-converted-to.pdf, id=416, 620.3
175pt x 551.05875pt>
File: fig//rBergomi_grid=100_Hbeta_eta=1_v0=0.01-eps-converted-to.pdf Graphic f
ile (type pdf)
<use fig//rBergomi_grid=100_Hbeta_eta=1_v0=0.01-eps-converted-to.pdf>
Package pdftex.def Info: fig//rBergomi_grid=100_Hbeta_eta=1_v0=0.01-eps-convert
ed-to.pdf  used on input line 665.
(pdftex.def)             Requested size: 110.40253pt x 98.07637pt.
Package epstopdf Info: Source file: <fig//rHeston_grid=100_Hbeta_kappa1=0.1_kap
pa2=0.03_theta=0.3_v0=0.01.eps>
(epstopdf)                    date: 2024-02-29 11:37:12
(epstopdf)                    size: 32239 bytes
(epstopdf)             Output file: <fig//rHeston_grid=100_Hbeta_kappa1=0.1_kap
pa2=0.03_theta=0.3_v0=0.01-eps-converted-to.pdf>
(epstopdf)                    date: 2024-03-03 09:29:18
(epstopdf)                    size: 15929 bytes
(epstopdf)             Command: <repstopdf --outfile=fig//rHeston_grid=100_Hbet
a_kappa1=0.1_kappa2=0.03_theta=0.3_v0=0.01-eps-converted-to.pdf fig//rHeston_gr
id=100_Hbeta_kappa1=0.1_kappa2=0.03_theta=0.3_v0=0.01.eps>
(epstopdf)             \includegraphics on input line 665.
Package epstopdf Info: Output file is already uptodate.
<fig//rHeston_grid=100_Hbeta_kappa1=0.1_kappa2=0.03_theta=0.3_v0=0.01-eps-conve
rted-to.pdf, id=417, 620.3175pt x 551.05875pt>
File: fig//rHeston_grid=100_Hbeta_kappa1=0.1_kappa2=0.03_theta=0.3_v0=0.01-eps-
converted-to.pdf Graphic file (type pdf)
<use fig//rHeston_grid=100_Hbeta_kappa1=0.1_kappa2=0.03_theta=0.3_v0=0.01-eps-c
onverted-to.pdf>
Package pdftex.def Info: fig//rHeston_grid=100_Hbeta_kappa1=0.1_kappa2=0.03_the
ta=0.3_v0=0.01-eps-converted-to.pdf  used on input line 665.
(pdftex.def)             Requested size: 110.40253pt x 98.07637pt.
[19]
Package epstopdf Info: Source file: <fig//fBm_grid=200_Huniform.eps>
(epstopdf)                    date: 2024-02-29 12:15:54
(epstopdf)                    size: 34102 bytes
(epstopdf)             Output file: <fig//fBm_grid=200_Huniform-eps-converted-t
o.pdf>
(epstopdf)                    date: 2024-03-03 09:29:19
(epstopdf)                    size: 16602 bytes
(epstopdf)             Command: <repstopdf --outfile=fig//fBm_grid=200_Huniform
-eps-converted-to.pdf fig//fBm_grid=200_Huniform.eps>
(epstopdf)             \includegraphics on input line 676.
Package epstopdf Info: Output file is already uptodate.
<fig//fBm_grid=200_Huniform-eps-converted-to.pdf, id=423, 620.3175pt x 551.0587
5pt>
File: fig//fBm_grid=200_Huniform-eps-converted-to.pdf Graphic file (type pdf)
<use fig//fBm_grid=200_Huniform-eps-converted-to.pdf>
Package pdftex.def Info: fig//fBm_grid=200_Huniform-eps-converted-to.pdf  used 
on input line 676.
(pdftex.def)             Requested size: 110.40253pt x 98.07637pt.
Package epstopdf Info: Source file: <fig//rBergomi_grid=200_Huniform_eta=1_v0=0
.01.eps>
(epstopdf)                    date: 2024-02-29 13:46:10
(epstopdf)                    size: 32142 bytes
(epstopdf)             Output file: <fig//rBergomi_grid=200_Huniform_eta=1_v0=0
.01-eps-converted-to.pdf>
(epstopdf)                    date: 2024-03-03 09:29:20
(epstopdf)                    size: 15820 bytes
(epstopdf)             Command: <repstopdf --outfile=fig//rBergomi_grid=200_Hun
iform_eta=1_v0=0.01-eps-converted-to.pdf fig//rBergomi_grid=200_Huniform_eta=1_
v0=0.01.eps>
(epstopdf)             \includegraphics on input line 676.
Package epstopdf Info: Output file is already uptodate.
<fig//rBergomi_grid=200_Huniform_eta=1_v0=0.01-eps-converted-to.pdf, id=424, 62
0.3175pt x 551.05875pt>
File: fig//rBergomi_grid=200_Huniform_eta=1_v0=0.01-eps-converted-to.pdf Graphi
c file (type pdf)
<use fig//rBergomi_grid=200_Huniform_eta=1_v0=0.01-eps-converted-to.pdf>
Package pdftex.def Info: fig//rBergomi_grid=200_Huniform_eta=1_v0=0.01-eps-conv
erted-to.pdf  used on input line 676.
(pdftex.def)             Requested size: 110.40253pt x 98.07637pt.
Package epstopdf Info: Source file: <fig//rHeston_grid=200_Huniform_kappa1=0.1_
kappa2=0.03_theta=0.3_v0=0.01.eps>
(epstopdf)                    date: 2024-02-29 14:22:14
(epstopdf)                    size: 31577 bytes
(epstopdf)             Output file: <fig//rHeston_grid=200_Huniform_kappa1=0.1_
kappa2=0.03_theta=0.3_v0=0.01-eps-converted-to.pdf>
(epstopdf)                    date: 2024-03-03 09:29:20
(epstopdf)                    size: 15859 bytes
(epstopdf)             Command: <repstopdf --outfile=fig//rHeston_grid=200_Huni
form_kappa1=0.1_kappa2=0.03_theta=0.3_v0=0.01-eps-converted-to.pdf fig//rHeston
_grid=200_Huniform_kappa1=0.1_kappa2=0.03_theta=0.3_v0=0.01.eps>
(epstopdf)             \includegraphics on input line 676.
Package epstopdf Info: Output file is already uptodate.
<fig//rHeston_grid=200_Huniform_kappa1=0.1_kappa2=0.03_theta=0.3_v0=0.01-eps-co
nverted-to.pdf, id=425, 620.3175pt x 551.05875pt>
File: fig//rHeston_grid=200_Huniform_kappa1=0.1_kappa2=0.03_theta=0.3_v0=0.01-e
ps-converted-to.pdf Graphic file (type pdf)
<use fig//rHeston_grid=200_Huniform_kappa1=0.1_kappa2=0.03_theta=0.3_v0=0.01-ep
s-converted-to.pdf>
Package pdftex.def Info: fig//rHeston_grid=200_Huniform_kappa1=0.1_kappa2=0.03_
theta=0.3_v0=0.01-eps-converted-to.pdf  used on input line 676.
(pdftex.def)             Requested size: 110.40253pt x 98.07637pt.
Package epstopdf Info: Source file: <fig//fBm_grid=200_Hbeta.eps>
(epstopdf)                    date: 2024-02-29 12:16:06
(epstopdf)                    size: 34239 bytes
(epstopdf)             Output file: <fig//fBm_grid=200_Hbeta-eps-converted-to.p
df>
(epstopdf)                    date: 2024-03-03 09:29:21
(epstopdf)                    size: 16597 bytes
(epstopdf)             Command: <repstopdf --outfile=fig//fBm_grid=200_Hbeta-ep
s-converted-to.pdf fig//fBm_grid=200_Hbeta.eps>
(epstopdf)             \includegraphics on input line 682.
Package epstopdf Info: Output file is already uptodate.
<fig//fBm_grid=200_Hbeta-eps-converted-to.pdf, id=426, 620.3175pt x 551.05875pt
>
File: fig//fBm_grid=200_Hbeta-eps-converted-to.pdf Graphic file (type pdf)
<use fig//fBm_grid=200_Hbeta-eps-converted-to.pdf>
Package pdftex.def Info: fig//fBm_grid=200_Hbeta-eps-converted-to.pdf  used on 
input line 682.
(pdftex.def)             Requested size: 110.40253pt x 98.07637pt.
Package epstopdf Info: Source file: <fig//rBergomi_grid=200_Hbeta_eta=1_v0=0.01
.eps>
(epstopdf)                    date: 2024-02-29 13:46:10
(epstopdf)                    size: 32822 bytes
(epstopdf)             Output file: <fig//rBergomi_grid=200_Hbeta_eta=1_v0=0.01
-eps-converted-to.pdf>
(epstopdf)                    date: 2024-03-03 09:29:22
(epstopdf)                    size: 15878 bytes
(epstopdf)             Command: <repstopdf --outfile=fig//rBergomi_grid=200_Hbe
ta_eta=1_v0=0.01-eps-converted-to.pdf fig//rBergomi_grid=200_Hbeta_eta=1_v0=0.0
1.eps>
(epstopdf)             \includegraphics on input line 682.
Package epstopdf Info: Output file is already uptodate.
<fig//rBergomi_grid=200_Hbeta_eta=1_v0=0.01-eps-converted-to.pdf, id=427, 620.3
175pt x 551.05875pt>
File: fig//rBergomi_grid=200_Hbeta_eta=1_v0=0.01-eps-converted-to.pdf Graphic f
ile (type pdf)
<use fig//rBergomi_grid=200_Hbeta_eta=1_v0=0.01-eps-converted-to.pdf>
Package pdftex.def Info: fig//rBergomi_grid=200_Hbeta_eta=1_v0=0.01-eps-convert
ed-to.pdf  used on input line 682.
(pdftex.def)             Requested size: 110.40253pt x 98.07637pt.
Package epstopdf Info: Source file: <fig//rHeston_grid=200_Hbeta_kappa1=0.1_kap
pa2=0.03_theta=0.3_v0=0.01.eps>
(epstopdf)                    date: 2024-02-29 14:22:22
(epstopdf)                    size: 32229 bytes
(epstopdf)             Output file: <fig//rHeston_grid=200_Hbeta_kappa1=0.1_kap
pa2=0.03_theta=0.3_v0=0.01-eps-converted-to.pdf>
(epstopdf)                    date: 2024-03-03 09:29:22
(epstopdf)                    size: 15900 bytes
(epstopdf)             Command: <repstopdf --outfile=fig//rHeston_grid=200_Hbet
a_kappa1=0.1_kappa2=0.03_theta=0.3_v0=0.01-eps-converted-to.pdf fig//rHeston_gr
id=200_Hbeta_kappa1=0.1_kappa2=0.03_theta=0.3_v0=0.01.eps>
(epstopdf)             \includegraphics on input line 682.
Package epstopdf Info: Output file is already uptodate.
<fig//rHeston_grid=200_Hbeta_kappa1=0.1_kappa2=0.03_theta=0.3_v0=0.01-eps-conve
rted-to.pdf, id=428, 620.3175pt x 551.05875pt>
File: fig//rHeston_grid=200_Hbeta_kappa1=0.1_kappa2=0.03_theta=0.3_v0=0.01-eps-
converted-to.pdf Graphic file (type pdf)
<use fig//rHeston_grid=200_Hbeta_kappa1=0.1_kappa2=0.03_theta=0.3_v0=0.01-eps-c
onverted-to.pdf>
Package pdftex.def Info: fig//rHeston_grid=200_Hbeta_kappa1=0.1_kappa2=0.03_the
ta=0.3_v0=0.01-eps-converted-to.pdf  used on input line 682.
(pdftex.def)             Requested size: 110.40253pt x 98.07637pt.
 [20 <./fig//fBm_grid=100_Huniform-eps-converted-to.pdf> <./fig//rBergomi_grid=
100_Huniform_eta=1_v0=0.01-eps-converted-to.pdf> <./fig//rHeston_grid=100_Hunif
orm_kappa1=0.1_kappa2=0.03_theta=0.3_v0=0.01-eps-converted-to.pdf> <./fig//fBm_
grid=100_Hbeta-eps-converted-to.pdf> <./fig//rBergomi_grid=100_Hbeta_eta=1_v0=0
.01-eps-converted-to.pdf> <./fig//rHeston_grid=100_Hbeta_kappa1=0.1_kappa2=0.03
_theta=0.3_v0=0.01-eps-converted-to.pdf>]
Package epstopdf Info: Source file: <fig//fBm_grid=300_Huniform.eps>
(epstopdf)                    date: 2024-02-29 15:52:42
(epstopdf)                    size: 33582 bytes
(epstopdf)             Output file: <fig//fBm_grid=300_Huniform-eps-converted-t
o.pdf>
(epstopdf)                    date: 2024-03-03 09:29:23
(epstopdf)                    size: 16590 bytes
(epstopdf)             Command: <repstopdf --outfile=fig//fBm_grid=300_Huniform
-eps-converted-to.pdf fig//fBm_grid=300_Huniform.eps>
(epstopdf)             \includegraphics on input line 693.
Package epstopdf Info: Output file is already uptodate.
<fig//fBm_grid=300_Huniform-eps-converted-to.pdf, id=632, 620.3175pt x 551.0587
5pt>
File: fig//fBm_grid=300_Huniform-eps-converted-to.pdf Graphic file (type pdf)
<use fig//fBm_grid=300_Huniform-eps-converted-to.pdf>
Package pdftex.def Info: fig//fBm_grid=300_Huniform-eps-converted-to.pdf  used 
on input line 693.
(pdftex.def)             Requested size: 110.40253pt x 98.07637pt.
Package epstopdf Info: Source file: <fig//rBergomi_grid=300_Huniform_eta=1_v0=0
.01.eps>
(epstopdf)                    date: 2024-02-29 17:29:34
(epstopdf)                    size: 32158 bytes
(epstopdf)             Output file: <fig//rBergomi_grid=300_Huniform_eta=1_v0=0
.01-eps-converted-to.pdf>
(epstopdf)                    date: 2024-03-03 09:29:24
(epstopdf)                    size: 15842 bytes
(epstopdf)             Command: <repstopdf --outfile=fig//rBergomi_grid=300_Hun
iform_eta=1_v0=0.01-eps-converted-to.pdf fig//rBergomi_grid=300_Huniform_eta=1_
v0=0.01.eps>
(epstopdf)             \includegraphics on input line 693.
Package epstopdf Info: Output file is already uptodate.
<fig//rBergomi_grid=300_Huniform_eta=1_v0=0.01-eps-converted-to.pdf, id=633, 62
0.3175pt x 551.05875pt>
File: fig//rBergomi_grid=300_Huniform_eta=1_v0=0.01-eps-converted-to.pdf Graphi
c file (type pdf)
<use fig//rBergomi_grid=300_Huniform_eta=1_v0=0.01-eps-converted-to.pdf>
Package pdftex.def Info: fig//rBergomi_grid=300_Huniform_eta=1_v0=0.01-eps-conv
erted-to.pdf  used on input line 693.
(pdftex.def)             Requested size: 110.40253pt x 98.07637pt.
Package epstopdf Info: Source file: <fig//rHeston_grid=300_Huniform_kappa1=0.1_
kappa2=0.03_theta=0.3_v0=0.01.eps>
(epstopdf)                    date: 2024-02-29 19:12:50
(epstopdf)                    size: 31790 bytes
(epstopdf)             Output file: <fig//rHeston_grid=300_Huniform_kappa1=0.1_
kappa2=0.03_theta=0.3_v0=0.01-eps-converted-to.pdf>
(epstopdf)                    date: 2024-03-03 09:29:24
(epstopdf)                    size: 15831 bytes
(epstopdf)             Command: <repstopdf --outfile=fig//rHeston_grid=300_Huni
form_kappa1=0.1_kappa2=0.03_theta=0.3_v0=0.01-eps-converted-to.pdf fig//rHeston
_grid=300_Huniform_kappa1=0.1_kappa2=0.03_theta=0.3_v0=0.01.eps>
(epstopdf)             \includegraphics on input line 693.
Package epstopdf Info: Output file is already uptodate.
<fig//rHeston_grid=300_Huniform_kappa1=0.1_kappa2=0.03_theta=0.3_v0=0.01-eps-co
nverted-to.pdf, id=634, 620.3175pt x 551.05875pt>
File: fig//rHeston_grid=300_Huniform_kappa1=0.1_kappa2=0.03_theta=0.3_v0=0.01-e
ps-converted-to.pdf Graphic file (type pdf)
<use fig//rHeston_grid=300_Huniform_kappa1=0.1_kappa2=0.03_theta=0.3_v0=0.01-ep
s-converted-to.pdf>
Package pdftex.def Info: fig//rHeston_grid=300_Huniform_kappa1=0.1_kappa2=0.03_
theta=0.3_v0=0.01-eps-converted-to.pdf  used on input line 693.
(pdftex.def)             Requested size: 110.40253pt x 98.07637pt.
Package epstopdf Info: Source file: <fig//fBm_grid=300_Hbeta.eps>
(epstopdf)                    date: 2024-02-29 15:53:14
(epstopdf)                    size: 34598 bytes
(epstopdf)             Output file: <fig//fBm_grid=300_Hbeta-eps-converted-to.p
df>
(epstopdf)                    date: 2024-03-03 09:29:25
(epstopdf)                    size: 16622 bytes
(epstopdf)             Command: <repstopdf --outfile=fig//fBm_grid=300_Hbeta-ep
s-converted-to.pdf fig//fBm_grid=300_Hbeta.eps>
(epstopdf)             \includegraphics on input line 699.
Package epstopdf Info: Output file is already uptodate.
<fig//fBm_grid=300_Hbeta-eps-converted-to.pdf, id=635, 620.3175pt x 551.05875pt
>
File: fig//fBm_grid=300_Hbeta-eps-converted-to.pdf Graphic file (type pdf)
<use fig//fBm_grid=300_Hbeta-eps-converted-to.pdf>
Package pdftex.def Info: fig//fBm_grid=300_Hbeta-eps-converted-to.pdf  used on 
input line 699.
(pdftex.def)             Requested size: 110.40253pt x 98.07637pt.
Package epstopdf Info: Source file: <fig//rBergomi_grid=300_Hbeta_eta=1_v0=0.01
.eps>
(epstopdf)                    date: 2024-02-29 17:29:32
(epstopdf)                    size: 32807 bytes
(epstopdf)             Output file: <fig//rBergomi_grid=300_Hbeta_eta=1_v0=0.01
-eps-converted-to.pdf>
(epstopdf)                    date: 2024-03-03 09:29:26
(epstopdf)                    size: 15913 bytes
(epstopdf)             Command: <repstopdf --outfile=fig//rBergomi_grid=300_Hbe
ta_eta=1_v0=0.01-eps-converted-to.pdf fig//rBergomi_grid=300_Hbeta_eta=1_v0=0.0
1.eps>
(epstopdf)             \includegraphics on input line 699.
Package epstopdf Info: Output file is already uptodate.
<fig//rBergomi_grid=300_Hbeta_eta=1_v0=0.01-eps-converted-to.pdf, id=636, 620.3
175pt x 551.05875pt>
File: fig//rBergomi_grid=300_Hbeta_eta=1_v0=0.01-eps-converted-to.pdf Graphic f
ile (type pdf)
<use fig//rBergomi_grid=300_Hbeta_eta=1_v0=0.01-eps-converted-to.pdf>
Package pdftex.def Info: fig//rBergomi_grid=300_Hbeta_eta=1_v0=0.01-eps-convert
ed-to.pdf  used on input line 699.
(pdftex.def)             Requested size: 110.40253pt x 98.07637pt.
Package epstopdf Info: Source file: <fig//rHeston_grid=300_Hbeta_kappa1=0.1_kap
pa2=0.03_theta=0.3_v0=0.01.eps>
(epstopdf)                    date: 2024-02-29 19:12:50
(epstopdf)                    size: 32438 bytes
(epstopdf)             Output file: <fig//rHeston_grid=300_Hbeta_kappa1=0.1_kap
pa2=0.03_theta=0.3_v0=0.01-eps-converted-to.pdf>
(epstopdf)                    date: 2024-03-03 09:29:26
(epstopdf)                    size: 15942 bytes
(epstopdf)             Command: <repstopdf --outfile=fig//rHeston_grid=300_Hbet
a_kappa1=0.1_kappa2=0.03_theta=0.3_v0=0.01-eps-converted-to.pdf fig//rHeston_gr
id=300_Hbeta_kappa1=0.1_kappa2=0.03_theta=0.3_v0=0.01.eps>
(epstopdf)             \includegraphics on input line 699.
Package epstopdf Info: Output file is already uptodate.
<fig//rHeston_grid=300_Hbeta_kappa1=0.1_kappa2=0.03_theta=0.3_v0=0.01-eps-conve
rted-to.pdf, id=637, 620.3175pt x 551.05875pt>
File: fig//rHeston_grid=300_Hbeta_kappa1=0.1_kappa2=0.03_theta=0.3_v0=0.01-eps-
converted-to.pdf Graphic file (type pdf)
<use fig//rHeston_grid=300_Hbeta_kappa1=0.1_kappa2=0.03_theta=0.3_v0=0.01-eps-c
onverted-to.pdf>
Package pdftex.def Info: fig//rHeston_grid=300_Hbeta_kappa1=0.1_kappa2=0.03_the
ta=0.3_v0=0.01-eps-converted-to.pdf  used on input line 699.
(pdftex.def)             Requested size: 110.40253pt x 98.07637pt.
Package epstopdf Info: Source file: <fig//fBm_grid=400_Huniform.eps>
(epstopdf)                    date: 2024-02-29 21:57:18
(epstopdf)                    size: 34448 bytes
(epstopdf)             Output file: <fig//fBm_grid=400_Huniform-eps-converted-t
o.pdf>
(epstopdf)                    date: 2024-03-03 09:29:27
(epstopdf)                    size: 16625 bytes
(epstopdf)             Command: <repstopdf --outfile=fig//fBm_grid=400_Huniform
-eps-converted-to.pdf fig//fBm_grid=400_Huniform.eps>
(epstopdf)             \includegraphics on input line 710.
Package epstopdf Info: Output file is already uptodate.
<fig//fBm_grid=400_Huniform-eps-converted-to.pdf, id=638, 620.3175pt x 551.0587
5pt>
File: fig//fBm_grid=400_Huniform-eps-converted-to.pdf Graphic file (type pdf)
<use fig//fBm_grid=400_Huniform-eps-converted-to.pdf>
Package pdftex.def Info: fig//fBm_grid=400_Huniform-eps-converted-to.pdf  used 
on input line 710.
(pdftex.def)             Requested size: 110.40253pt x 98.07637pt.
Package epstopdf Info: Source file: <fig//rBergomi_grid=400_Huniform_eta=1_v0=0
.01.eps>
(epstopdf)                    date: 2024-03-01 00:23:50
(epstopdf)                    size: 32590 bytes
(epstopdf)             Output file: <fig//rBergomi_grid=400_Huniform_eta=1_v0=0
.01-eps-converted-to.pdf>
(epstopdf)                    date: 2024-03-03 09:29:28
(epstopdf)                    size: 15861 bytes
(epstopdf)             Command: <repstopdf --outfile=fig//rBergomi_grid=400_Hun
iform_eta=1_v0=0.01-eps-converted-to.pdf fig//rBergomi_grid=400_Huniform_eta=1_
v0=0.01.eps>
(epstopdf)             \includegraphics on input line 710.
Package epstopdf Info: Output file is already uptodate.
<fig//rBergomi_grid=400_Huniform_eta=1_v0=0.01-eps-converted-to.pdf, id=639, 62
0.3175pt x 551.05875pt>
File: fig//rBergomi_grid=400_Huniform_eta=1_v0=0.01-eps-converted-to.pdf Graphi
c file (type pdf)
<use fig//rBergomi_grid=400_Huniform_eta=1_v0=0.01-eps-converted-to.pdf>
Package pdftex.def Info: fig//rBergomi_grid=400_Huniform_eta=1_v0=0.01-eps-conv
erted-to.pdf  used on input line 710.
(pdftex.def)             Requested size: 110.40253pt x 98.07637pt.
Package epstopdf Info: Source file: <fig//rHeston_grid=400_Huniform_kappa1=0.1_
kappa2=0.03_theta=0.3_v0=0.01.eps>
(epstopdf)                    date: 2024-03-01 09:41:34
(epstopdf)                    size: 32000 bytes
(epstopdf)             Output file: <fig//rHeston_grid=400_Huniform_kappa1=0.1_
kappa2=0.03_theta=0.3_v0=0.01-eps-converted-to.pdf>
(epstopdf)                    date: 2024-03-03 09:29:28
(epstopdf)                    size: 15859 bytes
(epstopdf)             Command: <repstopdf --outfile=fig//rHeston_grid=400_Huni
form_kappa1=0.1_kappa2=0.03_theta=0.3_v0=0.01-eps-converted-to.pdf fig//rHeston
_grid=400_Huniform_kappa1=0.1_kappa2=0.03_theta=0.3_v0=0.01.eps>
(epstopdf)             \includegraphics on input line 710.
Package epstopdf Info: Output file is already uptodate.
<fig//rHeston_grid=400_Huniform_kappa1=0.1_kappa2=0.03_theta=0.3_v0=0.01-eps-co
nverted-to.pdf, id=640, 620.3175pt x 551.05875pt>
File: fig//rHeston_grid=400_Huniform_kappa1=0.1_kappa2=0.03_theta=0.3_v0=0.01-e
ps-converted-to.pdf Graphic file (type pdf)
<use fig//rHeston_grid=400_Huniform_kappa1=0.1_kappa2=0.03_theta=0.3_v0=0.01-ep
s-converted-to.pdf>
Package pdftex.def Info: fig//rHeston_grid=400_Huniform_kappa1=0.1_kappa2=0.03_
theta=0.3_v0=0.01-eps-converted-to.pdf  used on input line 710.
(pdftex.def)             Requested size: 110.40253pt x 98.07637pt.
Package epstopdf Info: Source file: <fig//fBm_grid=400_Hbeta.eps>
(epstopdf)                    date: 2024-02-29 21:58:28
(epstopdf)                    size: 35511 bytes
(epstopdf)             Output file: <fig//fBm_grid=400_Hbeta-eps-converted-to.p
df>
(epstopdf)                    date: 2024-03-03 09:29:29
(epstopdf)                    size: 16694 bytes
(epstopdf)             Command: <repstopdf --outfile=fig//fBm_grid=400_Hbeta-ep
s-converted-to.pdf fig//fBm_grid=400_Hbeta.eps>
(epstopdf)             \includegraphics on input line 716.
Package epstopdf Info: Output file is already uptodate.
<fig//fBm_grid=400_Hbeta-eps-converted-to.pdf, id=641, 620.3175pt x 551.05875pt
>
File: fig//fBm_grid=400_Hbeta-eps-converted-to.pdf Graphic file (type pdf)
<use fig//fBm_grid=400_Hbeta-eps-converted-to.pdf>
Package pdftex.def Info: fig//fBm_grid=400_Hbeta-eps-converted-to.pdf  used on 
input line 716.
(pdftex.def)             Requested size: 110.40253pt x 98.07637pt.
Package epstopdf Info: Source file: <fig//rBergomi_grid=400_Hbeta_eta=1_v0=0.01
.eps>
(epstopdf)                    date: 2024-03-01 00:23:56
(epstopdf)                    size: 34699 bytes
(epstopdf)             Output file: <fig//rBergomi_grid=400_Hbeta_eta=1_v0=0.01
-eps-converted-to.pdf>
(epstopdf)                    date: 2024-03-03 09:29:30
(epstopdf)                    size: 16485 bytes
(epstopdf)             Command: <repstopdf --outfile=fig//rBergomi_grid=400_Hbe
ta_eta=1_v0=0.01-eps-converted-to.pdf fig//rBergomi_grid=400_Hbeta_eta=1_v0=0.0
1.eps>
(epstopdf)             \includegraphics on input line 716.
Package epstopdf Info: Output file is already uptodate.
<fig//rBergomi_grid=400_Hbeta_eta=1_v0=0.01-eps-converted-to.pdf, id=642, 620.3
175pt x 551.05875pt>
File: fig//rBergomi_grid=400_Hbeta_eta=1_v0=0.01-eps-converted-to.pdf Graphic f
ile (type pdf)
<use fig//rBergomi_grid=400_Hbeta_eta=1_v0=0.01-eps-converted-to.pdf>
Package pdftex.def Info: fig//rBergomi_grid=400_Hbeta_eta=1_v0=0.01-eps-convert
ed-to.pdf  used on input line 716.
(pdftex.def)             Requested size: 110.40253pt x 98.07637pt.
Package epstopdf Info: Source file: <fig//rHeston_grid=400_Hbeta_kappa1=0.1_kap
pa2=0.03_theta=0.3_v0=0.01.eps>
(epstopdf)                    date: 2024-03-01 09:41:34
(epstopdf)                    size: 35575 bytes
(epstopdf)             Output file: <fig//rHeston_grid=400_Hbeta_kappa1=0.1_kap
pa2=0.03_theta=0.3_v0=0.01-eps-converted-to.pdf>
(epstopdf)                    date: 2024-03-03 09:29:30
(epstopdf)                    size: 16482 bytes
(epstopdf)             Command: <repstopdf --outfile=fig//rHeston_grid=400_Hbet
a_kappa1=0.1_kappa2=0.03_theta=0.3_v0=0.01-eps-converted-to.pdf fig//rHeston_gr
id=400_Hbeta_kappa1=0.1_kappa2=0.03_theta=0.3_v0=0.01.eps>
(epstopdf)             \includegraphics on input line 716.
Package epstopdf Info: Output file is already uptodate.
<fig//rHeston_grid=400_Hbeta_kappa1=0.1_kappa2=0.03_theta=0.3_v0=0.01-eps-conve
rted-to.pdf, id=643, 620.3175pt x 551.05875pt>
File: fig//rHeston_grid=400_Hbeta_kappa1=0.1_kappa2=0.03_theta=0.3_v0=0.01-eps-
converted-to.pdf Graphic file (type pdf)
<use fig//rHeston_grid=400_Hbeta_kappa1=0.1_kappa2=0.03_theta=0.3_v0=0.01-eps-c
onverted-to.pdf>
Package pdftex.def Info: fig//rHeston_grid=400_Hbeta_kappa1=0.1_kappa2=0.03_the
ta=0.3_v0=0.01-eps-converted-to.pdf  used on input line 716.
(pdftex.def)             Requested size: 110.40253pt x 98.07637pt.
 [21 <./fig//fBm_grid=200_Huniform-eps-converted-to.pdf> <./fig//rBergomi_grid=
200_Huniform_eta=1_v0=0.01-eps-converted-to.pdf> <./fig//rHeston_grid=200_Hunif
orm_kappa1=0.1_kappa2=0.03_theta=0.3_v0=0.01-eps-converted-to.pdf> <./fig//fBm_
grid=200_Hbeta-eps-converted-to.pdf> <./fig//rBergomi_grid=200_Hbeta_eta=1_v0=0
.01-eps-converted-to.pdf> <./fig//rHeston_grid=200_Hbeta_kappa1=0.1_kappa2=0.03
_theta=0.3_v0=0.01-eps-converted-to.pdf> <./fig//fBm_grid=300_Huniform-eps-conv
erted-to.pdf> <./fig//rBergomi_grid=300_Huniform_eta=1_v0=0.01-eps-converted-to
.pdf> <./fig//rHeston_grid=300_Huniform_kappa1=0.1_kappa2=0.03_theta=0.3_v0=0.0
1-eps-converted-to.pdf> <./fig//fBm_grid=300_Hbeta-eps-converted-to.pdf> <./fig
//rBergomi_grid=300_Hbeta_eta=1_v0=0.01-eps-converted-to.pdf> <./fig//rHeston_g
rid=300_Hbeta_kappa1=0.1_kappa2=0.03_theta=0.3_v0=0.01-eps-converted-to.pdf>]
Package epstopdf Info: Source file: <fig//fBm_grid=500_Huniform.eps>
(epstopdf)                    date: 2024-03-01 11:32:02
(epstopdf)                    size: 34423 bytes
(epstopdf)             Output file: <fig//fBm_grid=500_Huniform-eps-converted-t
o.pdf>
(epstopdf)                    date: 2024-03-03 09:29:31
(epstopdf)                    size: 16605 bytes
(epstopdf)             Command: <repstopdf --outfile=fig//fBm_grid=500_Huniform
-eps-converted-to.pdf fig//fBm_grid=500_Huniform.eps>
(epstopdf)             \includegraphics on input line 727.
Package epstopdf Info: Output file is already uptodate.
<fig//fBm_grid=500_Huniform-eps-converted-to.pdf, id=1042, 620.3175pt x 551.058
75pt>
File: fig//fBm_grid=500_Huniform-eps-converted-to.pdf Graphic file (type pdf)
<use fig//fBm_grid=500_Huniform-eps-converted-to.pdf>
Package pdftex.def Info: fig//fBm_grid=500_Huniform-eps-converted-to.pdf  used 
on input line 727.
(pdftex.def)             Requested size: 110.40253pt x 98.07637pt.
Package epstopdf Info: Source file: <fig//rBergomi_grid=500_Huniform_eta=1_v0=0
.01.eps>
(epstopdf)                    date: 2024-03-01 15:26:54
(epstopdf)                    size: 31547 bytes
(epstopdf)             Output file: <fig//rBergomi_grid=500_Huniform_eta=1_v0=0
.01-eps-converted-to.pdf>
(epstopdf)                    date: 2024-03-03 09:29:32
(epstopdf)                    size: 15837 bytes
(epstopdf)             Command: <repstopdf --outfile=fig//rBergomi_grid=500_Hun
iform_eta=1_v0=0.01-eps-converted-to.pdf fig//rBergomi_grid=500_Huniform_eta=1_
v0=0.01.eps>
(epstopdf)             \includegraphics on input line 727.
Package epstopdf Info: Output file is already uptodate.
<fig//rBergomi_grid=500_Huniform_eta=1_v0=0.01-eps-converted-to.pdf, id=1043, 6
20.3175pt x 551.05875pt>
File: fig//rBergomi_grid=500_Huniform_eta=1_v0=0.01-eps-converted-to.pdf Graphi
c file (type pdf)
<use fig//rBergomi_grid=500_Huniform_eta=1_v0=0.01-eps-converted-to.pdf>
Package pdftex.def Info: fig//rBergomi_grid=500_Huniform_eta=1_v0=0.01-eps-conv
erted-to.pdf  used on input line 727.
(pdftex.def)             Requested size: 110.40253pt x 98.07637pt.
Package epstopdf Info: Source file: <fig//rHeston_grid=500_Huniform_kappa1=0.1_
kappa2=0.03_theta=0.3_v0=0.01.eps>
(epstopdf)                    date: 2024-03-01 13:35:36
(epstopdf)                    size: 31999 bytes
(epstopdf)             Output file: <fig//rHeston_grid=500_Huniform_kappa1=0.1_
kappa2=0.03_theta=0.3_v0=0.01-eps-converted-to.pdf>
(epstopdf)                    date: 2024-03-03 09:29:32
(epstopdf)                    size: 15833 bytes
(epstopdf)             Command: <repstopdf --outfile=fig//rHeston_grid=500_Huni
form_kappa1=0.1_kappa2=0.03_theta=0.3_v0=0.01-eps-converted-to.pdf fig//rHeston
_grid=500_Huniform_kappa1=0.1_kappa2=0.03_theta=0.3_v0=0.01.eps>
(epstopdf)             \includegraphics on input line 727.
Package epstopdf Info: Output file is already uptodate.
<fig//rHeston_grid=500_Huniform_kappa1=0.1_kappa2=0.03_theta=0.3_v0=0.01-eps-co
nverted-to.pdf, id=1044, 620.3175pt x 551.05875pt>
File: fig//rHeston_grid=500_Huniform_kappa1=0.1_kappa2=0.03_theta=0.3_v0=0.01-e
ps-converted-to.pdf Graphic file (type pdf)
<use fig//rHeston_grid=500_Huniform_kappa1=0.1_kappa2=0.03_theta=0.3_v0=0.01-ep
s-converted-to.pdf>
Package pdftex.def Info: fig//rHeston_grid=500_Huniform_kappa1=0.1_kappa2=0.03_
theta=0.3_v0=0.01-eps-converted-to.pdf  used on input line 727.
(pdftex.def)             Requested size: 110.40253pt x 98.07637pt.
Package epstopdf Info: Source file: <fig//fBm_grid=500_Hbeta.eps>
(epstopdf)                    date: 2024-03-01 11:32:02
(epstopdf)                    size: 35516 bytes
(epstopdf)             Output file: <fig//fBm_grid=500_Hbeta-eps-converted-to.p
df>
(epstopdf)                    date: 2024-03-03 09:29:33
(epstopdf)                    size: 16688 bytes
(epstopdf)             Command: <repstopdf --outfile=fig//fBm_grid=500_Hbeta-ep
s-converted-to.pdf fig//fBm_grid=500_Hbeta.eps>
(epstopdf)             \includegraphics on input line 733.
Package epstopdf Info: Output file is already uptodate.
<fig//fBm_grid=500_Hbeta-eps-converted-to.pdf, id=1045, 620.3175pt x 551.05875p
t>
File: fig//fBm_grid=500_Hbeta-eps-converted-to.pdf Graphic file (type pdf)
<use fig//fBm_grid=500_Hbeta-eps-converted-to.pdf>
Package pdftex.def Info: fig//fBm_grid=500_Hbeta-eps-converted-to.pdf  used on 
input line 733.
(pdftex.def)             Requested size: 110.40253pt x 98.07637pt.
Package epstopdf Info: Source file: <fig//rBergomi_grid=500_Hbeta_eta=1_v0=0.01
.eps>
(epstopdf)                    date: 2024-03-01 15:26:46
(epstopdf)                    size: 35122 bytes
(epstopdf)             Output file: <fig//rBergomi_grid=500_Hbeta_eta=1_v0=0.01
-eps-converted-to.pdf>
(epstopdf)                    date: 2024-03-03 09:29:34
(epstopdf)                    size: 16529 bytes
(epstopdf)             Command: <repstopdf --outfile=fig//rBergomi_grid=500_Hbe
ta_eta=1_v0=0.01-eps-converted-to.pdf fig//rBergomi_grid=500_Hbeta_eta=1_v0=0.0
1.eps>
(epstopdf)             \includegraphics on input line 733.
Package epstopdf Info: Output file is already uptodate.
<fig//rBergomi_grid=500_Hbeta_eta=1_v0=0.01-eps-converted-to.pdf, id=1046, 620.
3175pt x 551.05875pt>
File: fig//rBergomi_grid=500_Hbeta_eta=1_v0=0.01-eps-converted-to.pdf Graphic f
ile (type pdf)
<use fig//rBergomi_grid=500_Hbeta_eta=1_v0=0.01-eps-converted-to.pdf>
Package pdftex.def Info: fig//rBergomi_grid=500_Hbeta_eta=1_v0=0.01-eps-convert
ed-to.pdf  used on input line 733.
(pdftex.def)             Requested size: 110.40253pt x 98.07637pt.
Package epstopdf Info: Source file: <fig//rHeston_grid=500_Hbeta_kappa1=0.1_kap
pa2=0.03_theta=0.3_v0=0.01.eps>
(epstopdf)                    date: 2024-03-01 13:35:24
(epstopdf)                    size: 35783 bytes
(epstopdf)             Output file: <fig//rHeston_grid=500_Hbeta_kappa1=0.1_kap
pa2=0.03_theta=0.3_v0=0.01-eps-converted-to.pdf>
(epstopdf)                    date: 2024-03-03 09:29:34
(epstopdf)                    size: 16522 bytes
(epstopdf)             Command: <repstopdf --outfile=fig//rHeston_grid=500_Hbet
a_kappa1=0.1_kappa2=0.03_theta=0.3_v0=0.01-eps-converted-to.pdf fig//rHeston_gr
id=500_Hbeta_kappa1=0.1_kappa2=0.03_theta=0.3_v0=0.01.eps>
(epstopdf)             \includegraphics on input line 733.
Package epstopdf Info: Output file is already uptodate.
<fig//rHeston_grid=500_Hbeta_kappa1=0.1_kappa2=0.03_theta=0.3_v0=0.01-eps-conve
rted-to.pdf, id=1047, 620.3175pt x 551.05875pt>
File: fig//rHeston_grid=500_Hbeta_kappa1=0.1_kappa2=0.03_theta=0.3_v0=0.01-eps-
converted-to.pdf Graphic file (type pdf)
<use fig//rHeston_grid=500_Hbeta_kappa1=0.1_kappa2=0.03_theta=0.3_v0=0.01-eps-c
onverted-to.pdf>
Package pdftex.def Info: fig//rHeston_grid=500_Hbeta_kappa1=0.1_kappa2=0.03_the
ta=0.3_v0=0.01-eps-converted-to.pdf  used on input line 733.
(pdftex.def)             Requested size: 110.40253pt x 98.07637pt.


Package hyperref Warning: Token not allowed in a PDF string (Unicode):
(hyperref)                removing `math shift' on input line 737.


Package hyperref Warning: Token not allowed in a PDF string (Unicode):
(hyperref)                removing `math shift' on input line 737.


Package hyperref Warning: Token not allowed in a PDF string (Unicode):
(hyperref)                removing `math shift' on input line 737.


Package hyperref Warning: Token not allowed in a PDF string (Unicode):
(hyperref)                removing `math shift' on input line 737.

Package epstopdf Info: Source file: <fig//fBm_grid=100_Hbeta_Trun1.eps>
(epstopdf)                    date: 2024-02-29 11:04:50
(epstopdf)                    size: 31363 bytes
(epstopdf)             Output file: <fig//fBm_grid=100_Hbeta_Trun1-eps-converte
d-to.pdf>
(epstopdf)                    date: 2024-03-03 09:29:35
(epstopdf)                    size: 15511 bytes
(epstopdf)             Command: <repstopdf --outfile=fig//fBm_grid=100_Hbeta_Tr
un1-eps-converted-to.pdf fig//fBm_grid=100_Hbeta_Trun1.eps>
(epstopdf)             \includegraphics on input line 741.
Package epstopdf Info: Output file is already uptodate.
<fig//fBm_grid=100_Hbeta_Trun1-eps-converted-to.pdf, id=1048, 620.3175pt x 528.
97626pt>
File: fig//fBm_grid=100_Hbeta_Trun1-eps-converted-to.pdf Graphic file (type pdf
)
<use fig//fBm_grid=100_Hbeta_Trun1-eps-converted-to.pdf>
Package pdftex.def Info: fig//fBm_grid=100_Hbeta_Trun1-eps-converted-to.pdf  us
ed on input line 741.
(pdftex.def)             Requested size: 103.50105pt x 88.25397pt.
Package epstopdf Info: Source file: <fig//fBm_grid=100_Hbeta_Trun2.eps>
(epstopdf)                    date: 2024-02-29 11:12:28
(epstopdf)                    size: 33412 bytes
(epstopdf)             Output file: <fig//fBm_grid=100_Hbeta_Trun2-eps-converte
d-to.pdf>
(epstopdf)                    date: 2024-03-03 09:29:36
(epstopdf)                    size: 15771 bytes
(epstopdf)             Command: <repstopdf --outfile=fig//fBm_grid=100_Hbeta_Tr
un2-eps-converted-to.pdf fig//fBm_grid=100_Hbeta_Trun2.eps>
(epstopdf)             \includegraphics on input line 742.
Package epstopdf Info: Output file is already uptodate.
<fig//fBm_grid=100_Hbeta_Trun2-eps-converted-to.pdf, id=1049, 620.3175pt x 528.
97626pt>
File: fig//fBm_grid=100_Hbeta_Trun2-eps-converted-to.pdf Graphic file (type pdf
)
<use fig//fBm_grid=100_Hbeta_Trun2-eps-converted-to.pdf>
Package pdftex.def Info: fig//fBm_grid=100_Hbeta_Trun2-eps-converted-to.pdf  us
ed on input line 742.
(pdftex.def)             Requested size: 103.50105pt x 88.25397pt.
Package epstopdf Info: Source file: <fig//fBm_grid=100_Hbeta_Trun3.eps>
(epstopdf)                    date: 2024-02-29 11:31:36
(epstopdf)                    size: 32175 bytes
(epstopdf)             Output file: <fig//fBm_grid=100_Hbeta_Trun3-eps-converte
d-to.pdf>
(epstopdf)                    date: 2024-03-03 09:29:36
(epstopdf)                    size: 15671 bytes
(epstopdf)             Command: <repstopdf --outfile=fig//fBm_grid=100_Hbeta_Tr
un3-eps-converted-to.pdf fig//fBm_grid=100_Hbeta_Trun3.eps>
(epstopdf)             \includegraphics on input line 743.
Package epstopdf Info: Output file is already uptodate.
<fig//fBm_grid=100_Hbeta_Trun3-eps-converted-to.pdf, id=1050, 620.3175pt x 528.
97626pt>
File: fig//fBm_grid=100_Hbeta_Trun3-eps-converted-to.pdf Graphic file (type pdf
)
<use fig//fBm_grid=100_Hbeta_Trun3-eps-converted-to.pdf>
Package pdftex.def Info: fig//fBm_grid=100_Hbeta_Trun3-eps-converted-to.pdf  us
ed on input line 743.
(pdftex.def)             Requested size: 103.50105pt x 88.25397pt.
Package epstopdf Info: Source file: <fig//fBm_grid=100_Hbeta_Trun4.eps>
(epstopdf)                    date: 2024-02-29 13:00:38
(epstopdf)                    size: 31612 bytes
(epstopdf)             Output file: <fig//fBm_grid=100_Hbeta_Trun4-eps-converte
d-to.pdf>
(epstopdf)                    date: 2024-03-03 09:29:37
(epstopdf)                    size: 15614 bytes
(epstopdf)             Command: <repstopdf --outfile=fig//fBm_grid=100_Hbeta_Tr
un4-eps-converted-to.pdf fig//fBm_grid=100_Hbeta_Trun4.eps>
(epstopdf)             \includegraphics on input line 744.
Package epstopdf Info: Output file is already uptodate.
<fig//fBm_grid=100_Hbeta_Trun4-eps-converted-to.pdf, id=1051, 620.3175pt x 528.
97626pt>
File: fig//fBm_grid=100_Hbeta_Trun4-eps-converted-to.pdf Graphic file (type pdf
)
<use fig//fBm_grid=100_Hbeta_Trun4-eps-converted-to.pdf>
Package pdftex.def Info: fig//fBm_grid=100_Hbeta_Trun4-eps-converted-to.pdf  us
ed on input line 744.
(pdftex.def)             Requested size: 103.50105pt x 88.25397pt.
Package epstopdf Info: Source file: <fig//fBm_grid=100_Hbeta_Trun5.eps>
(epstopdf)                    date: 2024-02-29 23:55:46
(epstopdf)                    size: 30296 bytes
(epstopdf)             Output file: <fig//fBm_grid=100_Hbeta_Trun5-eps-converte
d-to.pdf>
(epstopdf)                    date: 2024-03-03 09:29:38
(epstopdf)                    size: 15518 bytes
(epstopdf)             Command: <repstopdf --outfile=fig//fBm_grid=100_Hbeta_Tr
un5-eps-converted-to.pdf fig//fBm_grid=100_Hbeta_Trun5.eps>
(epstopdf)             \includegraphics on input line 745.
Package epstopdf Info: Output file is already uptodate.
<fig//fBm_grid=100_Hbeta_Trun5-eps-converted-to.pdf, id=1052, 620.3175pt x 528.
97626pt>
File: fig//fBm_grid=100_Hbeta_Trun5-eps-converted-to.pdf Graphic file (type pdf
)
<use fig//fBm_grid=100_Hbeta_Trun5-eps-converted-to.pdf>
Package pdftex.def Info: fig//fBm_grid=100_Hbeta_Trun5-eps-converted-to.pdf  us
ed on input line 745.
(pdftex.def)             Requested size: 103.50105pt x 88.25397pt.
[22 <./fig//fBm_grid=400_Huniform-eps-converted-to.pdf> <./fig//rBergomi_grid=4
00_Huniform_eta=1_v0=0.01-eps-converted-to.pdf> <./fig//rHeston_grid=400_Hunifo
rm_kappa1=0.1_kappa2=0.03_theta=0.3_v0=0.01-eps-converted-to.pdf> <./fig//fBm_g
rid=400_Hbeta-eps-converted-to.pdf> <./fig//rBergomi_grid=400_Hbeta_eta=1_v0=0.
01-eps-converted-to.pdf> <./fig//rHeston_grid=400_Hbeta_kappa1=0.1_kappa2=0.03_
theta=0.3_v0=0.01-eps-converted-to.pdf> <./fig//fBm_grid=500_Huniform-eps-conve
rted-to.pdf> <./fig//rBergomi_grid=500_Huniform_eta=1_v0=0.01-eps-converted-to.
pdf> <./fig//rHeston_grid=500_Huniform_kappa1=0.1_kappa2=0.03_theta=0.3_v0=0.01
-eps-converted-to.pdf> <./fig//fBm_grid=500_Hbeta-eps-converted-to.pdf> <./fig/
/rBergomi_grid=500_Hbeta_eta=1_v0=0.01-eps-converted-to.pdf> <./fig//rHeston_gr
id=500_Hbeta_kappa1=0.1_kappa2=0.03_theta=0.3_v0=0.01-eps-converted-to.pdf>]
Package epstopdf Info: Source file: <fig//rBergomi_grid=100_Hbeta_eta=1_v0=0.01
_Trun1.eps>
(epstopdf)                    date: 2024-02-29 11:04:50
(epstopdf)                    size: 28888 bytes
(epstopdf)             Output file: <fig//rBergomi_grid=100_Hbeta_eta=1_v0=0.01
_Trun1-eps-converted-to.pdf>
(epstopdf)                    date: 2024-03-03 09:29:38
(epstopdf)                    size: 14617 bytes
(epstopdf)             Command: <repstopdf --outfile=fig//rBergomi_grid=100_Hbe
ta_eta=1_v0=0.01_Trun1-eps-converted-to.pdf fig//rBergomi_grid=100_Hbeta_eta=1_
v0=0.01_Trun1.eps>
(epstopdf)             \includegraphics on input line 751.
Package epstopdf Info: Output file is already uptodate.
<fig//rBergomi_grid=100_Hbeta_eta=1_v0=0.01_Trun1-eps-converted-to.pdf, id=1456
, 620.3175pt x 528.97626pt>
File: fig//rBergomi_grid=100_Hbeta_eta=1_v0=0.01_Trun1-eps-converted-to.pdf Gra
phic file (type pdf)
<use fig//rBergomi_grid=100_Hbeta_eta=1_v0=0.01_Trun1-eps-converted-to.pdf>
Package pdftex.def Info: fig//rBergomi_grid=100_Hbeta_eta=1_v0=0.01_Trun1-eps-c
onverted-to.pdf  used on input line 751.
(pdftex.def)             Requested size: 103.50105pt x 88.25397pt.
Package epstopdf Info: Source file: <fig//rBergomi_grid=100_Hbeta_eta=1_v0=0.01
_Trun2.eps>
(epstopdf)                    date: 2024-02-29 11:12:28
(epstopdf)                    size: 28914 bytes
(epstopdf)             Output file: <fig//rBergomi_grid=100_Hbeta_eta=1_v0=0.01
_Trun2-eps-converted-to.pdf>
(epstopdf)                    date: 2024-03-03 09:29:39
(epstopdf)                    size: 14895 bytes
(epstopdf)             Command: <repstopdf --outfile=fig//rBergomi_grid=100_Hbe
ta_eta=1_v0=0.01_Trun2-eps-converted-to.pdf fig//rBergomi_grid=100_Hbeta_eta=1_
v0=0.01_Trun2.eps>
(epstopdf)             \includegraphics on input line 752.
Package epstopdf Info: Output file is already uptodate.
<fig//rBergomi_grid=100_Hbeta_eta=1_v0=0.01_Trun2-eps-converted-to.pdf, id=1457
, 620.3175pt x 528.97626pt>
File: fig//rBergomi_grid=100_Hbeta_eta=1_v0=0.01_Trun2-eps-converted-to.pdf Gra
phic file (type pdf)
<use fig//rBergomi_grid=100_Hbeta_eta=1_v0=0.01_Trun2-eps-converted-to.pdf>
Package pdftex.def Info: fig//rBergomi_grid=100_Hbeta_eta=1_v0=0.01_Trun2-eps-c
onverted-to.pdf  used on input line 752.
(pdftex.def)             Requested size: 103.50105pt x 88.25397pt.
Package epstopdf Info: Source file: <fig//rBergomi_grid=100_Hbeta_eta=1_v0=0.01
_Trun3.eps>
(epstopdf)                    date: 2024-02-29 11:31:36
(epstopdf)                    size: 29287 bytes
(epstopdf)             Output file: <fig//rBergomi_grid=100_Hbeta_eta=1_v0=0.01
_Trun3-eps-converted-to.pdf>
(epstopdf)                    date: 2024-03-03 09:29:40
(epstopdf)                    size: 14881 bytes
(epstopdf)             Command: <repstopdf --outfile=fig//rBergomi_grid=100_Hbe
ta_eta=1_v0=0.01_Trun3-eps-converted-to.pdf fig//rBergomi_grid=100_Hbeta_eta=1_
v0=0.01_Trun3.eps>
(epstopdf)             \includegraphics on input line 753.
Package epstopdf Info: Output file is already uptodate.
<fig//rBergomi_grid=100_Hbeta_eta=1_v0=0.01_Trun3-eps-converted-to.pdf, id=1458
, 620.3175pt x 528.97626pt>
File: fig//rBergomi_grid=100_Hbeta_eta=1_v0=0.01_Trun3-eps-converted-to.pdf Gra
phic file (type pdf)
<use fig//rBergomi_grid=100_Hbeta_eta=1_v0=0.01_Trun3-eps-converted-to.pdf>
Package pdftex.def Info: fig//rBergomi_grid=100_Hbeta_eta=1_v0=0.01_Trun3-eps-c
onverted-to.pdf  used on input line 753.
(pdftex.def)             Requested size: 103.50105pt x 88.25397pt.
Package epstopdf Info: Source file: <fig//rBergomi_grid=100_Hbeta_eta=1_v0=0.01
_Trun4.eps>
(epstopdf)                    date: 2024-02-29 13:00:26
(epstopdf)                    size: 29314 bytes
(epstopdf)             Output file: <fig//rBergomi_grid=100_Hbeta_eta=1_v0=0.01
_Trun4-eps-converted-to.pdf>
(epstopdf)                    date: 2024-03-03 09:29:40
(epstopdf)                    size: 14872 bytes
(epstopdf)             Command: <repstopdf --outfile=fig//rBergomi_grid=100_Hbe
ta_eta=1_v0=0.01_Trun4-eps-converted-to.pdf fig//rBergomi_grid=100_Hbeta_eta=1_
v0=0.01_Trun4.eps>
(epstopdf)             \includegraphics on input line 754.
Package epstopdf Info: Output file is already uptodate.
<fig//rBergomi_grid=100_Hbeta_eta=1_v0=0.01_Trun4-eps-converted-to.pdf, id=1459
, 620.3175pt x 528.97626pt>
File: fig//rBergomi_grid=100_Hbeta_eta=1_v0=0.01_Trun4-eps-converted-to.pdf Gra
phic file (type pdf)
<use fig//rBergomi_grid=100_Hbeta_eta=1_v0=0.01_Trun4-eps-converted-to.pdf>
Package pdftex.def Info: fig//rBergomi_grid=100_Hbeta_eta=1_v0=0.01_Trun4-eps-c
onverted-to.pdf  used on input line 754.
(pdftex.def)             Requested size: 103.50105pt x 88.25397pt.
Package epstopdf Info: Source file: <fig//rBergomi_grid=100_Hbeta_eta=1_v0=0.01
_Trun5.eps>
(epstopdf)                    date: 2024-02-29 23:55:24
(epstopdf)                    size: 29487 bytes
(epstopdf)             Output file: <fig//rBergomi_grid=100_Hbeta_eta=1_v0=0.01
_Trun5-eps-converted-to.pdf>
(epstopdf)                    date: 2024-03-03 09:29:41
(epstopdf)                    size: 14931 bytes
(epstopdf)             Command: <repstopdf --outfile=fig//rBergomi_grid=100_Hbe
ta_eta=1_v0=0.01_Trun5-eps-converted-to.pdf fig//rBergomi_grid=100_Hbeta_eta=1_
v0=0.01_Trun5.eps>
(epstopdf)             \includegraphics on input line 755.
Package epstopdf Info: Output file is already uptodate.
<fig//rBergomi_grid=100_Hbeta_eta=1_v0=0.01_Trun5-eps-converted-to.pdf, id=1460
, 620.3175pt x 528.97626pt>
File: fig//rBergomi_grid=100_Hbeta_eta=1_v0=0.01_Trun5-eps-converted-to.pdf Gra
phic file (type pdf)
<use fig//rBergomi_grid=100_Hbeta_eta=1_v0=0.01_Trun5-eps-converted-to.pdf>
Package pdftex.def Info: fig//rBergomi_grid=100_Hbeta_eta=1_v0=0.01_Trun5-eps-c
onverted-to.pdf  used on input line 755.
(pdftex.def)             Requested size: 103.50105pt x 88.25397pt.

[23 <./fig//fBm_grid=100_Hbeta_Trun1-eps-converted-to.pdf> <./fig//fBm_grid=100
_Hbeta_Trun2-eps-converted-to.pdf> <./fig//fBm_grid=100_Hbeta_Trun3-eps-convert
ed-to.pdf> <./fig//fBm_grid=100_Hbeta_Trun4-eps-converted-to.pdf> <./fig//fBm_g
rid=100_Hbeta_Trun5-eps-converted-to.pdf>]
Package epstopdf Info: Source file: <fig//rHeston_grid=100_Hbeta_kappa1=0.1_kap
pa2=0.03_theta=0.3_v0=0.01_Trun1.eps>
(epstopdf)                    date: 2024-02-29 11:04:50
(epstopdf)                    size: 28709 bytes
(epstopdf)             Output file: <fig//rHeston_grid=100_Hbeta_kappa1=0.1_kap
pa2=0.03_theta=0.3_v0=0.01_Trun1-eps-converted-to.pdf>
(epstopdf)                    date: 2024-03-03 09:29:42
(epstopdf)                    size: 14653 bytes
(epstopdf)             Command: <repstopdf --outfile=fig//rHeston_grid=100_Hbet
a_kappa1=0.1_kappa2=0.03_theta=0.3_v0=0.01_Trun1-eps-converted-to.pdf fig//rHes
ton_grid=100_Hbeta_kappa1=0.1_kappa2=0.03_theta=0.3_v0=0.01_Trun1.eps>
(epstopdf)             \includegraphics on input line 761.
Package epstopdf Info: Output file is already uptodate.
<fig//rHeston_grid=100_Hbeta_kappa1=0.1_kappa2=0.03_theta=0.3_v0=0.01_Trun1-eps
-converted-to.pdf, id=1631, 620.3175pt x 528.97626pt>
File: fig//rHeston_grid=100_Hbeta_kappa1=0.1_kappa2=0.03_theta=0.3_v0=0.01_Trun
1-eps-converted-to.pdf Graphic file (type pdf)
<use fig//rHeston_grid=100_Hbeta_kappa1=0.1_kappa2=0.03_theta=0.3_v0=0.01_Trun1
-eps-converted-to.pdf>
Package pdftex.def Info: fig//rHeston_grid=100_Hbeta_kappa1=0.1_kappa2=0.03_the
ta=0.3_v0=0.01_Trun1-eps-converted-to.pdf  used on input line 761.
(pdftex.def)             Requested size: 103.50105pt x 88.25397pt.
Package epstopdf Info: Source file: <fig//rHeston_grid=100_Hbeta_kappa1=0.1_kap
pa2=0.03_theta=0.3_v0=0.01_Trun2.eps>
(epstopdf)                    date: 2024-02-29 11:12:30
(epstopdf)                    size: 29127 bytes
(epstopdf)             Output file: <fig//rHeston_grid=100_Hbeta_kappa1=0.1_kap
pa2=0.03_theta=0.3_v0=0.01_Trun2-eps-converted-to.pdf>
(epstopdf)                    date: 2024-03-03 09:29:42
(epstopdf)                    size: 14810 bytes
(epstopdf)             Command: <repstopdf --outfile=fig//rHeston_grid=100_Hbet
a_kappa1=0.1_kappa2=0.03_theta=0.3_v0=0.01_Trun2-eps-converted-to.pdf fig//rHes
ton_grid=100_Hbeta_kappa1=0.1_kappa2=0.03_theta=0.3_v0=0.01_Trun2.eps>
(epstopdf)             \includegraphics on input line 762.
Package epstopdf Info: Output file is already uptodate.
<fig//rHeston_grid=100_Hbeta_kappa1=0.1_kappa2=0.03_theta=0.3_v0=0.01_Trun2-eps
-converted-to.pdf, id=1632, 620.3175pt x 528.97626pt>
File: fig//rHeston_grid=100_Hbeta_kappa1=0.1_kappa2=0.03_theta=0.3_v0=0.01_Trun
2-eps-converted-to.pdf Graphic file (type pdf)
<use fig//rHeston_grid=100_Hbeta_kappa1=0.1_kappa2=0.03_theta=0.3_v0=0.01_Trun2
-eps-converted-to.pdf>
Package pdftex.def Info: fig//rHeston_grid=100_Hbeta_kappa1=0.1_kappa2=0.03_the
ta=0.3_v0=0.01_Trun2-eps-converted-to.pdf  used on input line 762.
(pdftex.def)             Requested size: 103.50105pt x 88.25397pt.
Package epstopdf Info: Source file: <fig//rHeston_grid=100_Hbeta_kappa1=0.1_kap
pa2=0.03_theta=0.3_v0=0.01_Trun3.eps>
(epstopdf)                    date: 2024-02-29 11:31:40
(epstopdf)                    size: 28925 bytes
(epstopdf)             Output file: <fig//rHeston_grid=100_Hbeta_kappa1=0.1_kap
pa2=0.03_theta=0.3_v0=0.01_Trun3-eps-converted-to.pdf>
(epstopdf)                    date: 2024-03-03 09:29:43
(epstopdf)                    size: 14849 bytes
(epstopdf)             Command: <repstopdf --outfile=fig//rHeston_grid=100_Hbet
a_kappa1=0.1_kappa2=0.03_theta=0.3_v0=0.01_Trun3-eps-converted-to.pdf fig//rHes
ton_grid=100_Hbeta_kappa1=0.1_kappa2=0.03_theta=0.3_v0=0.01_Trun3.eps>
(epstopdf)             \includegraphics on input line 763.
Package epstopdf Info: Output file is already uptodate.
<fig//rHeston_grid=100_Hbeta_kappa1=0.1_kappa2=0.03_theta=0.3_v0=0.01_Trun3-eps
-converted-to.pdf, id=1633, 620.3175pt x 528.97626pt>
File: fig//rHeston_grid=100_Hbeta_kappa1=0.1_kappa2=0.03_theta=0.3_v0=0.01_Trun
3-eps-converted-to.pdf Graphic file (type pdf)
<use fig//rHeston_grid=100_Hbeta_kappa1=0.1_kappa2=0.03_theta=0.3_v0=0.01_Trun3
-eps-converted-to.pdf>
Package pdftex.def Info: fig//rHeston_grid=100_Hbeta_kappa1=0.1_kappa2=0.03_the
ta=0.3_v0=0.01_Trun3-eps-converted-to.pdf  used on input line 763.
(pdftex.def)             Requested size: 103.50105pt x 88.25397pt.
Package epstopdf Info: Source file: <fig//rHeston_grid=100_Hbeta_kappa1=0.1_kap
pa2=0.03_theta=0.3_v0=0.01_Trun4.eps>
(epstopdf)                    date: 2024-02-29 13:00:40
(epstopdf)                    size: 28940 bytes
(epstopdf)             Output file: <fig//rHeston_grid=100_Hbeta_kappa1=0.1_kap
pa2=0.03_theta=0.3_v0=0.01_Trun4-eps-converted-to.pdf>
(epstopdf)                    date: 2024-03-03 09:29:44
(epstopdf)                    size: 14911 bytes
(epstopdf)             Command: <repstopdf --outfile=fig//rHeston_grid=100_Hbet
a_kappa1=0.1_kappa2=0.03_theta=0.3_v0=0.01_Trun4-eps-converted-to.pdf fig//rHes
ton_grid=100_Hbeta_kappa1=0.1_kappa2=0.03_theta=0.3_v0=0.01_Trun4.eps>
(epstopdf)             \includegraphics on input line 764.
Package epstopdf Info: Output file is already uptodate.
<fig//rHeston_grid=100_Hbeta_kappa1=0.1_kappa2=0.03_theta=0.3_v0=0.01_Trun4-eps
-converted-to.pdf, id=1634, 620.3175pt x 528.97626pt>
File: fig//rHeston_grid=100_Hbeta_kappa1=0.1_kappa2=0.03_theta=0.3_v0=0.01_Trun
4-eps-converted-to.pdf Graphic file (type pdf)
<use fig//rHeston_grid=100_Hbeta_kappa1=0.1_kappa2=0.03_theta=0.3_v0=0.01_Trun4
-eps-converted-to.pdf>
Package pdftex.def Info: fig//rHeston_grid=100_Hbeta_kappa1=0.1_kappa2=0.03_the
ta=0.3_v0=0.01_Trun4-eps-converted-to.pdf  used on input line 764.
(pdftex.def)             Requested size: 103.50105pt x 88.25397pt.
Package epstopdf Info: Source file: <fig//rHeston_grid=100_Hbeta_kappa1=0.1_kap
pa2=0.03_theta=0.3_v0=0.01_Trun5.eps>
(epstopdf)                    date: 2024-02-29 23:58:18
(epstopdf)                    size: 28926 bytes
(epstopdf)             Output file: <fig//rHeston_grid=100_Hbeta_kappa1=0.1_kap
pa2=0.03_theta=0.3_v0=0.01_Trun5-eps-converted-to.pdf>
(epstopdf)                    date: 2024-03-03 09:29:44
(epstopdf)                    size: 14899 bytes
(epstopdf)             Command: <repstopdf --outfile=fig//rHeston_grid=100_Hbet
a_kappa1=0.1_kappa2=0.03_theta=0.3_v0=0.01_Trun5-eps-converted-to.pdf fig//rHes
ton_grid=100_Hbeta_kappa1=0.1_kappa2=0.03_theta=0.3_v0=0.01_Trun5.eps>
(epstopdf)             \includegraphics on input line 765.
Package epstopdf Info: Output file is already uptodate.
<fig//rHeston_grid=100_Hbeta_kappa1=0.1_kappa2=0.03_theta=0.3_v0=0.01_Trun5-eps
-converted-to.pdf, id=1635, 620.3175pt x 528.97626pt>
File: fig//rHeston_grid=100_Hbeta_kappa1=0.1_kappa2=0.03_theta=0.3_v0=0.01_Trun
5-eps-converted-to.pdf Graphic file (type pdf)
<use fig//rHeston_grid=100_Hbeta_kappa1=0.1_kappa2=0.03_theta=0.3_v0=0.01_Trun5
-eps-converted-to.pdf>
Package pdftex.def Info: fig//rHeston_grid=100_Hbeta_kappa1=0.1_kappa2=0.03_the
ta=0.3_v0=0.01_Trun5-eps-converted-to.pdf  used on input line 765.
(pdftex.def)             Requested size: 103.50105pt x 88.25397pt.
Package epstopdf Info: Source file: <fig//rBergomi_grid=100_Hbeta_etauniform_v0
=0.01.eps>
(epstopdf)                    date: 2024-03-01 13:58:40
(epstopdf)                    size: 31620 bytes
(epstopdf)             Output file: <fig//rBergomi_grid=100_Hbeta_etauniform_v0
=0.01-eps-converted-to.pdf>
(epstopdf)                    date: 2024-03-03 09:29:45
(epstopdf)                    size: 14976 bytes
(epstopdf)             Command: <repstopdf --outfile=fig//rBergomi_grid=100_Hbe
ta_etauniform_v0=0.01-eps-converted-to.pdf fig//rBergomi_grid=100_Hbeta_etaunif
orm_v0=0.01.eps>
(epstopdf)             \includegraphics on input line 775.
Package epstopdf Info: Output file is already uptodate.
<fig//rBergomi_grid=100_Hbeta_etauniform_v0=0.01-eps-converted-to.pdf, id=1636,
 614.295pt x 551.05875pt>
File: fig//rBergomi_grid=100_Hbeta_etauniform_v0=0.01-eps-converted-to.pdf Grap
hic file (type pdf)
<use fig//rBergomi_grid=100_Hbeta_etauniform_v0=0.01-eps-converted-to.pdf>
Package pdftex.def Info: fig//rBergomi_grid=100_Hbeta_etauniform_v0=0.01-eps-co
nverted-to.pdf  used on input line 775.
(pdftex.def)             Requested size: 155.24895pt x 139.26945pt.
Package epstopdf Info: Source file: <fig//rHeston_grid=100_Hbeta_kappa1=0.1_kap
pa2uniform_theta=0.3_v0=0.01.eps>
(epstopdf)                    date: 2024-03-01 13:58:44
(epstopdf)                    size: 31418 bytes
(epstopdf)             Output file: <fig//rHeston_grid=100_Hbeta_kappa1=0.1_kap
pa2uniform_theta=0.3_v0=0.01-eps-converted-to.pdf>
(epstopdf)                    date: 2024-03-03 09:29:46
(epstopdf)                    size: 15097 bytes
(epstopdf)             Command: <repstopdf --outfile=fig//rHeston_grid=100_Hbet
a_kappa1=0.1_kappa2uniform_theta=0.3_v0=0.01-eps-converted-to.pdf fig//rHeston_
grid=100_Hbeta_kappa1=0.1_kappa2uniform_theta=0.3_v0=0.01.eps>
(epstopdf)             \includegraphics on input line 776.
Package epstopdf Info: Output file is already uptodate.
<fig//rHeston_grid=100_Hbeta_kappa1=0.1_kappa2uniform_theta=0.3_v0=0.01-eps-con
verted-to.pdf, id=1637, 614.295pt x 551.05875pt>
File: fig//rHeston_grid=100_Hbeta_kappa1=0.1_kappa2uniform_theta=0.3_v0=0.01-ep
s-converted-to.pdf Graphic file (type pdf)
<use fig//rHeston_grid=100_Hbeta_kappa1=0.1_kappa2uniform_theta=0.3_v0=0.01-eps
-converted-to.pdf>
Package pdftex.def Info: fig//rHeston_grid=100_Hbeta_kappa1=0.1_kappa2uniform_t
heta=0.3_v0=0.01-eps-converted-to.pdf  used on input line 776.
(pdftex.def)             Requested size: 155.24895pt x 139.26945pt.
 [24 <./fig//rBergomi_grid=100_Hbeta_eta=1_v0=0.01_Trun1-eps-converted-to.pdf> 
<./fig//rBergomi_grid=100_Hbeta_eta=1_v0=0.01_Trun2-eps-converted-to.pdf> <./fi
g//rBergomi_grid=100_Hbeta_eta=1_v0=0.01_Trun3-eps-converted-to.pdf> <./fig//rB
ergomi_grid=100_Hbeta_eta=1_v0=0.01_Trun4-eps-converted-to.pdf> <./fig//rBergom
i_grid=100_Hbeta_eta=1_v0=0.01_Trun5-eps-converted-to.pdf> <./fig//rHeston_grid
=100_Hbeta_kappa1=0.1_kappa2=0.03_theta=0.3_v0=0.01_Trun1-eps-converted-to.pdf>
 <./fig//rHeston_grid=100_Hbeta_kappa1=0.1_kappa2=0.03_theta=0.3_v0=0.01_Trun2-
eps-converted-to.pdf> <./fig//rHeston_grid=100_Hbeta_kappa1=0.1_kappa2=0.03_the
ta=0.3_v0=0.01_Trun3-eps-converted-to.pdf> <./fig//rHeston_grid=100_Hbeta_kappa
1=0.1_kappa2=0.03_theta=0.3_v0=0.01_Trun4-eps-converted-to.pdf> <./fig//rHeston
_grid=100_Hbeta_kappa1=0.1_kappa2=0.03_theta=0.3_v0=0.01_Trun5-eps-converted-to
.pdf>]
Package epstopdf Info: Source file: <fig//rHeston_grid=100_Hbeta_kappa1uniform_
kappa2uniform_theta=0.3_v0=0.01.eps>
(epstopdf)                    date: 2024-03-01 14:14:02
(epstopdf)                    size: 32690 bytes
(epstopdf)             Output file: <fig//rHeston_grid=100_Hbeta_kappa1uniform_
kappa2uniform_theta=0.3_v0=0.01-eps-converted-to.pdf>
(epstopdf)                    date: 2024-03-03 09:29:46
(epstopdf)                    size: 15942 bytes
(epstopdf)             Command: <repstopdf --outfile=fig//rHeston_grid=100_Hbet
a_kappa1uniform_kappa2uniform_theta=0.3_v0=0.01-eps-converted-to.pdf fig//rHest
on_grid=100_Hbeta_kappa1uniform_kappa2uniform_theta=0.3_v0=0.01.eps>
(epstopdf)             \includegraphics on input line 782.
Package epstopdf Info: Output file is already uptodate.
<fig//rHeston_grid=100_Hbeta_kappa1uniform_kappa2uniform_theta=0.3_v0=0.01-eps-
converted-to.pdf, id=1964, 631.35875pt x 551.05875pt>
File: fig//rHeston_grid=100_Hbeta_kappa1uniform_kappa2uniform_theta=0.3_v0=0.01
-eps-converted-to.pdf Graphic file (type pdf)
<use fig//rHeston_grid=100_Hbeta_kappa1uniform_kappa2uniform_theta=0.3_v0=0.01-
eps-converted-to.pdf>
Package pdftex.def Info: fig//rHeston_grid=100_Hbeta_kappa1uniform_kappa2unifor
m_theta=0.3_v0=0.01-eps-converted-to.pdf  used on input line 782.
(pdftex.def)             Requested size: 155.24895pt x 135.50246pt.
Package epstopdf Info: Source file: <fig//rHeston_grid=100_Hbeta_kappa1uniform_
kappa2uniform_thetauniform_v0=0.01.eps>
(epstopdf)                    date: 2024-03-01 14:30:00
(epstopdf)                    size: 32148 bytes
(epstopdf)             Output file: <fig//rHeston_grid=100_Hbeta_kappa1uniform_
kappa2uniform_thetauniform_v0=0.01-eps-converted-to.pdf>
(epstopdf)                    date: 2024-03-03 09:29:47
(epstopdf)                    size: 15975 bytes
(epstopdf)             Command: <repstopdf --outfile=fig//rHeston_grid=100_Hbet
a_kappa1uniform_kappa2uniform_thetauniform_v0=0.01-eps-converted-to.pdf fig//rH
eston_grid=100_Hbeta_kappa1uniform_kappa2uniform_thetauniform_v0=0.01.eps>
(epstopdf)             \includegraphics on input line 783.
Package epstopdf Info: Output file is already uptodate.
<fig//rHeston_grid=100_Hbeta_kappa1uniform_kappa2uniform_thetauniform_v0=0.01-e
ps-converted-to.pdf, id=1965, 631.35875pt x 551.05875pt>
File: fig//rHeston_grid=100_Hbeta_kappa1uniform_kappa2uniform_thetauniform_v0=0
.01-eps-converted-to.pdf Graphic file (type pdf)
<use fig//rHeston_grid=100_Hbeta_kappa1uniform_kappa2uniform_thetauniform_v0=0.
01-eps-converted-to.pdf>
Package pdftex.def Info: fig//rHeston_grid=100_Hbeta_kappa1uniform_kappa2unifor
m_thetauniform_v0=0.01-eps-converted-to.pdf  used on input line 783.
(pdftex.def)             Requested size: 155.24895pt x 135.50246pt.
Package epstopdf Info: Source file: <fig//rHeston_grid=100_Hbeta_kappa1uniform_
kappa2uniform_thetauniform_v0=0.01_diffstride.eps>
(epstopdf)                    date: 2024-03-12 19:40:59
(epstopdf)                    size: 33787 bytes
(epstopdf)             Output file: <fig//rHeston_grid=100_Hbeta_kappa1uniform_
kappa2uniform_thetauniform_v0=0.01_diffstride-eps-converted-to.pdf>
(epstopdf)                    date: 2024-03-13 10:25:04
(epstopdf)                    size: 16101 bytes
(epstopdf)             Command: <repstopdf --outfile=fig//rHeston_grid=100_Hbet
a_kappa1uniform_kappa2uniform_thetauniform_v0=0.01_diffstride-eps-converted-to.
pdf fig//rHeston_grid=100_Hbeta_kappa1uniform_kappa2uniform_thetauniform_v0=0.0
1_diffstride.eps>
(epstopdf)             \includegraphics on input line 793.
Package epstopdf Info: Output file is already uptodate.
<fig//rHeston_grid=100_Hbeta_kappa1uniform_kappa2uniform_thetauniform_v0=0.01_d
iffstride-eps-converted-to.pdf, id=1966, 631.35875pt x 554.07pt>
File: fig//rHeston_grid=100_Hbeta_kappa1uniform_kappa2uniform_thetauniform_v0=0
.01_diffstride-eps-converted-to.pdf Graphic file (type pdf)
<use fig//rHeston_grid=100_Hbeta_kappa1uniform_kappa2uniform_thetauniform_v0=0.
01_diffstride-eps-converted-to.pdf>
Package pdftex.def Info: fig//rHeston_grid=100_Hbeta_kappa1uniform_kappa2unifor
m_thetauniform_v0=0.01_diffstride-eps-converted-to.pdf  used on input line 793.

(pdftex.def)             Requested size: 276.00105pt x 242.21902pt.
 [25 <./fig//rBergomi_grid=100_Hbeta_etauniform_v0=0.01-eps-converted-to.pdf> <
./fig//rHeston_grid=100_Hbeta_kappa1=0.1_kappa2uniform_theta=0.3_v0=0.01-eps-co
nverted-to.pdf> <./fig//rHeston_grid=100_Hbeta_kappa1uniform_kappa2uniform_thet
a=0.3_v0=0.01-eps-converted-to.pdf> <./fig//rHeston_grid=100_Hbeta_kappa1unifor
m_kappa2uniform_thetauniform_v0=0.01-eps-converted-to.pdf>] [26 <./fig//rHeston
_grid=100_Hbeta_kappa1uniform_kappa2uniform_thetauniform_v0=0.01_diffstride-eps
-converted-to.pdf>]
(./signature_2023_ver_4.aux)
Package rerunfilecheck Info: File `signature_2023_ver_4.out' has not changed.
(rerunfilecheck)             Checksum: 7F419524108852701B8B9E7FEF6E18B0;6756.
 ) 
Here is how much of TeX's memory you used:
 23662 strings out of 476025
 455017 string characters out of 5794015
 1879382 words of memory out of 5000000
 43473 multiletter control sequences out of 15000+600000
 523482 words of font info for 74 fonts, out of 8000000 for 9000
 1141 hyphenation exceptions out of 8191
 83i,15n,89p,1269b,569s stack positions out of 10000i,1000n,20000p,200000b,200000s
<c:/texlive/2023/texmf-dist/fonts/type1/public/amsfonts/cm/cmbx10.pfb><c:/tex
live/2023/texmf-dist/fonts/type1/public/amsfonts/cm/cmbx12.pfb><c:/texlive/2023
/texmf-dist/fonts/type1/public/amsfonts/cm/cmbx9.pfb><c:/texlive/2023/texmf-dis
t/fonts/type1/public/amsfonts/cm/cmex10.pfb><c:/texlive/2023/texmf-dist/fonts/t
ype1/public/amsfonts/cmextra/cmex7.pfb><c:/texlive/2023/texmf-dist/fonts/type1/
public/amsfonts/cm/cmmi10.pfb><c:/texlive/2023/texmf-dist/fonts/type1/public/am
sfonts/cm/cmmi5.pfb><c:/texlive/2023/texmf-dist/fonts/type1/public/amsfonts/cm/
cmmi7.pfb><c:/texlive/2023/texmf-dist/fonts/type1/public/amsfonts/cm/cmmi8.pfb>
<c:/texlive/2023/texmf-dist/fonts/type1/public/amsfonts/cm/cmr10.pfb><c:/texliv
e/2023/texmf-dist/fonts/type1/public/amsfonts/cm/cmr12.pfb><c:/texlive/2023/tex
mf-dist/fonts/type1/public/amsfonts/cm/cmr17.pfb><c:/texlive/2023/texmf-dist/fo
nts/type1/public/amsfonts/cm/cmr5.pfb><c:/texlive/2023/texmf-dist/fonts/type1/p
ublic/amsfonts/cm/cmr6.pfb><c:/texlive/2023/texmf-dist/fonts/type1/public/amsfo
nts/cm/cmr7.pfb><c:/texlive/2023/texmf-dist/fonts/type1/public/amsfonts/cm/cmr8
.pfb><c:/texlive/2023/texmf-dist/fonts/type1/public/amsfonts/cm/cmr9.pfb><c:/te
xlive/2023/texmf-dist/fonts/type1/public/amsfonts/cm/cmsy10.pfb><c:/texlive/202
3/texmf-dist/fonts/type1/public/amsfonts/cm/cmsy5.pfb><c:/texlive/2023/texmf-di
st/fonts/type1/public/amsfonts/cm/cmsy7.pfb><c:/texlive/2023/texmf-dist/fonts/t
ype1/public/amsfonts/cm/cmsy8.pfb><c:/texlive/2023/texmf-dist/fonts/type1/publi
c/amsfonts/cm/cmti10.pfb><c:/texlive/2023/texmf-dist/fonts/type1/public/amsfont
s/symbols/msbm10.pfb><c:/texlive/2023/texmf-dist/fonts/type1/public/cm-super/sf
rm1000.pfb>
Output written on signature_2023_ver_4.pdf (26 pages, 1434204 bytes).
PDF statistics:
 2267 PDF objects out of 2487 (max. 8388607)
 651 compressed objects within 7 object streams
 139 named destinations out of 1000 (max. 500000)
 521 words of extra memory for PDF output out of 10000 (max. 10000000)

