date,Symbol,rv5_ss,rv10_ss,medrv,rk_twoscale,rsv,rv10,rsv_ss,bv,rk_th2,rk_parzen,open_price,close_time,rv5,bv_ss
2017-12-08 00:00:00+00:00,AEX,1.8108E-05,1.8092E-05,6.9306E-06,1.7864E-05,8.0511E-06,1.8092E-05,8.0511E-06,1.5239E-05,1.8150E-05,2.1366E-05,5.4637E+02,1.7302E+05,1.8108E-05,1.5239E-05
2017-12-11 00:00:00+00:00,AEX,1.2464E-05,1.0812E-05,5.1601E-06,1.4356E-05,6.3044E-06,1.0812E-05,6.3044E-06,1.1475E-05,1.4466E-05,4.0174E-06,5.4795E+02,1.7300E+05,1.2464E-05,1.1475E-05
2017-12-12 00:00:00+00:00,AEX,1.4590E-05,1.7178E-05,4.7523E-06,1.6183E-05,5.4423E-06,1.7178E-05,5.4423E-06,1.1882E-05,1.6255E-05,1.0506E-05,5.4997E+02,1.7302E+05,1.4590E-05,1.1882E-05
2017-12-13 00:00:00+00:00,AEX,1.2760E-05,1.1588E-05,5.2534E-06,1.3892E-05,7.5674E-06,1.1588E-05,7.5674E-06,1.2121E-05,1.3862E-05,3.9300E-06,5.5213E+02,1.7302E+05,1.2760E-05,1.2121E-05
2017-12-14 00:00:00+00:00,AEX,2.2477E-05,1.7742E-05,1.2831E-05,2.2292E-05,1.2540E-05,1.7742E-05,1.2540E-05,2.0113E-05,2.2225E-05,1.1567E-05,5.5003E+02,1.7300E+05,2.2477E-05,2.0113E-05
2017-12-15 00:00:00+00:00,AEX,1.7812E-05,2.1714E-05,5.8534E-06,1.7903E-05,7.3666E-06,2.1714E-05,7.3666E-06,1.3632E-05,1.8105E-05,1.5265E-05,5.4685E+02,1.7302E+05,1.7812E-05,1.3632E-05
2017-12-18 00:00:00+00:00,AEX,1.1402E-05,1.0428E-05,6.1079E-06,1.2318E-05,4.3793E-06,1.0428E-05,4.3793E-06,1.0487E-05,1.2402E-05,6.7112E-06,5.5133E+02,1.7303E+05,1.1402E-05,1.0487E-05
2017-12-19 00:00:00+00:00,AEX,1.0716E-05,1.0637E-05,3.1632E-06,1.0538E-05,5.8294E-06,1.0637E-05,5.8294E-06,8.8416E-06,1.0673E-05,1.2305E-05,5.5373E+02,1.7300E+05,1.0716E-05,8.8416E-06
2017-12-20 00:00:00+00:00,AEX,3.1510E-05,3.8050E-05,1.1750E-05,2.9162E-05,1.9664E-05,3.8050E-05,1.9664E-05,3.4805E-05,2.9410E-05,4.7719E-05,5.5220E+02,1.7300E+05,3.1510E-05,3.4805E-05
2017-12-21 00:00:00+00:00,AEX,1.8483E-05,1.9984E-05,1.0382E-05,1.8918E-05,8.7854E-06,1.9984E-05,8.7854E-06,1.4833E-05,1.9061E-05,2.5199E-05,5.4627E+02,1.7300E+05,1.8483E-05,1.4833E-05
2017-12-22 00:00:00+00:00,AEX,1.1873E-05,1.0793E-05,6.9185E-06,1.2476E-05,6.2698E-06,1.0793E-05,6.2698E-06,1.2765E-05,1.2665E-05,1.2091E-05,5.4836E+02,1.7302E+05,1.1873E-05,1.2765E-05
2017-12-27 00:00:00+00:00,AEX,1.1522E-05,1.5850E-05,5.3250E-06,1.2339E-05,6.1934E-06,1.5850E-05,6.1934E-06,1.2090E-05,1.2412E-05,1.7667E-05,5.4875E+02,1.7302E+05,1.1522E-05,1.2090E-05
2017-12-28 00:00:00+00:00,AEX,9.4457E-06,8.1330E-06,3.4976E-06,8.9990E-06,5.8309E-06,8.1330E-06,5.8309E-06,8.9957E-06,9.0634E-06,9.0202E-06,5.4835E+02,1.7300E+05,9.4457E-06,8.9957E-06
2017-12-29 00:00:00+00:00,AEX,1.3869E-05,1.7578E-05,6.4143E-06,1.1583E-05,6.7370E-06,1.7578E-05,6.7370E-06,1.5308E-05,1.1693E-05,1.4520E-05,5.4620E+02,1.7300E+05,1.3869E-05,1.5308E-05
2018-01-02 00:00:00+00:00,AEX,4.4823E-05,6.5398E-05,1.2329E-05,3.2900E-05,3.3099E-05,6.5398E-05,3.3099E-05,4.4236E-05,3.3081E-05,7.0709E-05,5.4524E+02,1.7302E+05,4.4823E-05,4.4236E-05
2018-01-03 00:00:00+00:00,AEX,1.6935E-05,2.1607E-05,6.9590E-06,1.5667E-05,7.1998E-06,2.1607E-05,7.1998E-06,1.6849E-05,1.5673E-05,2.0017E-05,5.4642E+02,1.7302E+05,1.6935E-05,1.6849E-05
2018-01-04 00:00:00+00:00,AEX,1.2399E-05,1.2469E-05,7.0387E-06,1.4281E-05,5.0875E-06,1.2469E-05,5.0875E-06,1.2350E-05,1.4214E-05,9.2084E-06,5.5137E+02,1.7300E+05,1.2399E-05,1.2350E-05
2018-01-05 00:00:00+00:00,AEX,1.3640E-05,1.1402E-05,8.9509E-06,1.4081E-05,5.5996E-06,1.1402E-05,5.5996E-06,1.3195E-05,1.3966E-05,7.7477E-06,5.5452E+02,1.7302E+05,1.3640E-05,1.3195E-05
2018-01-08 00:00:00+00:00,AEX,1.1837E-05,8.8036E-06,9.0285E-06,1.1665E-05,5.2394E-06,8.8036E-06,5.2394E-06,1.2450E-05,1.1847E-05,5.8472E-06,5.5982E+02,1.7302E+05,1.1837E-05,1.2450E-05
2018-01-09 00:00:00+00:00,AEX,1.2039E-05,1.4584E-05,3.7109E-06,1.3965E-05,5.1672E-06,1.4584E-05,5.1672E-06,1.1212E-05,1.3732E-05,1.0999E-05,5.6125E+02,1.7310E+05,1.2039E-05,1.1212E-05
2018-01-10 00:00:00+00:00,AEX,2.3682E-05,2.6400E-05,1.1276E-05,2.4818E-05,1.4862E-05,2.6400E-05,1.4862E-05,2.0036E-05,2.4948E-05,1.9675E-05,5.6297E+02,1.7300E+05,2.3682E-05,2.0036E-05
2018-01-11 00:00:00+00:00,AEX,1.8087E-05,1.3614E-05,1.0880E-05,1.8918E-05,1.0780E-05,1.3614E-05,1.0780E-05,1.9492E-05,1.8684E-05,2.2134E-05,5.6117E+02,1.7302E+05,1.8087E-05,1.9492E-05
2018-01-12 00:00:00+00:00,AEX,1.6983E-05,1.6713E-05,7.8189E-06,1.7265E-05,1.0512E-05,1.6713E-05,1.0512E-05,1.3629E-05,1.7591E-05,1.3372E-05,5.6016E+02,1.7302E+05,1.6983E-05,1.3629E-05
2018-01-15 00:00:00+00:00,AEX,9.0034E-06,1.1914E-05,2.9500E-06,1.1941E-05,5.5056E-06,1.1914E-05,5.5056E-06,8.7236E-06,1.2137E-05,8.3004E-06,5.6170E+02,1.7302E+05,9.0034E-06,8.7236E-06
2018-01-16 00:00:00+00:00,AEX,1.7845E-05,1.7912E-05,5.5531E-06,1.7226E-05,8.3184E-06,1.7912E-05,8.3184E-06,1.9633E-05,1.7295E-05,8.9326E-06,5.6123E+02,1.7302E+05,1.7845E-05,1.9633E-05
2018-01-17 00:00:00+00:00,AEX,3.0545E-05,2.4708E-05,1.0278E-05,2.4890E-05,1.6761E-05,2.4708E-05,1.6761E-05,2.5410E-05,2.4537E-05,1.0498E-05,5.6285E+02,1.7302E+05,3.0545E-05,2.5410E-05
2018-01-18 00:00:00+00:00,AEX,1.6982E-05,1.0904E-05,7.8700E-06,1.7702E-05,8.6185E-06,1.0904E-05,8.6185E-06,1.5881E-05,1.7934E-05,6.0937E-06,5.6532E+02,1.7300E+05,1.6982E-05,1.5881E-05
2018-01-19 00:00:00+00:00,AEX,2.1780E-05,1.6370E-05,1.1519E-05,2.0216E-05,9.7708E-06,1.6370E-05,9.7708E-06,2.2171E-05,2.0420E-05,1.9368E-05,5.6603E+02,1.7302E+05,2.1780E-05,2.2171E-05
2018-01-22 00:00:00+00:00,AEX,1.0422E-05,9.3534E-06,5.7320E-06,1.1429E-05,4.7261E-06,9.3534E-06,4.7261E-06,1.0178E-05,1.1383E-05,5.3276E-06,5.6937E+02,1.7302E+05,1.0422E-05,1.0178E-05
2018-01-23 00:00:00+00:00,AEX,1.3037E-05,1.2272E-05,5.3893E-06,1.8581E-05,7.4922E-06,1.2272E-05,7.4922E-06,1.3173E-05,1.8875E-05,6.2838E-06,5.7148E+02,1.7300E+05,1.3037E-05,1.3173E-05
2018-01-24 00:00:00+00:00,AEX,1.3054E-05,9.9677E-06,6.6196E-06,1.4226E-05,8.5015E-06,9.9677E-06,8.5015E-06,1.2885E-05,1.4486E-05,1.3445E-05,5.6980E+02,1.7300E+05,1.3054E-05,1.2885E-05
2018-01-25 00:00:00+00:00,AEX,4.3060E-05,4.0267E-05,1.1506E-05,3.8538E-05,2.7672E-05,4.0267E-05,2.7672E-05,3.4801E-05,3.8887E-05,4.6719E-05,5.6509E+02,1.7302E+05,4.3060E-05,3.4801E-05
2018-01-26 00:00:00+00:00,AEX,1.6091E-05,1.3289E-05,6.4880E-06,1.4817E-05,6.2128E-06,1.3289E-05,6.2128E-06,1.5565E-05,1.5159E-05,1.2766E-05,5.6479E+02,1.7300E+05,1.6091E-05,1.5565E-05
2018-01-29 00:00:00+00:00,AEX,1.4387E-05,1.6354E-05,7.6376E-06,1.3756E-05,8.5407E-06,1.6354E-05,8.5407E-06,1.3443E-05,1.3640E-05,7.5818E-06,5.6758E+02,1.7302E+05,1.4387E-05,1.3443E-05
2018-01-30 00:00:00+00:00,AEX,2.1309E-05,2.0612E-05,1.0295E-05,2.4033E-05,1.1986E-05,2.0612E-05,1.1986E-05,2.2015E-05,2.4338E-05,1.5607E-05,5.6430E+02,1.7300E+05,2.1309E-05,2.2015E-05
2018-01-31 00:00:00+00:00,AEX,2.5106E-05,2.2707E-05,7.7798E-06,2.0178E-05,7.5762E-06,2.2707E-05,7.5762E-06,1.4533E-05,2.0059E-05,2.0067E-05,5.5984E+02,1.7300E+05,2.5106E-05,1.4533E-05
2018-02-01 00:00:00+00:00,AEX,3.7015E-05,3.4733E-05,1.4941E-05,4.2158E-05,2.5604E-05,3.4733E-05,2.5604E-05,3.5874E-05,4.3171E-05,4.6727E-05,5.6302E+02,1.7300E+05,3.7015E-05,3.5874E-05
2018-02-02 00:00:00+00:00,AEX,3.2559E-05,3.8680E-05,1.2105E-05,3.2270E-05,2.1548E-05,3.8680E-05,2.1548E-05,2.9064E-05,3.2746E-05,4.4553E-05,5.5568E+02,1.7300E+05,3.2559E-05,2.9064E-05
2018-02-05 00:00:00+00:00,AEX,4.8484E-05,5.1296E-05,2.4236E-05,5.4498E-05,2.4568E-05,5.1296E-05,2.4568E-05,4.1035E-05,5.4526E-05,4.0247E-05,5.4407E+02,1.7302E+05,4.8484E-05,4.1035E-05
2018-02-06 00:00:00+00:00,AEX,3.0519E-04,2.7498E-04,1.3263E-04,2.9946E-04,1.0570E-04,2.7498E-04,1.0570E-04,2.6651E-04,2.9917E-04,3.7305E-04,5.2319E+02,1.7302E+05,3.0519E-04,2.6651E-04
2018-02-07 00:00:00+00:00,AEX,8.0697E-05,6.1300E-05,3.7224E-05,8.5760E-05,2.3295E-05,6.1300E-05,2.3295E-05,7.0561E-05,8.2014E-05,6.1957E-05,5.2968E+02,1.7300E+05,8.0697E-05,7.0561E-05
2018-02-08 00:00:00+00:00,AEX,1.0055E-04,7.8967E-05,4.3125E-05,9.8151E-05,6.5891E-05,7.8967E-05,6.5891E-05,9.9791E-05,9.7714E-05,1.6036E-04,5.3294E+02,1.7300E+05,1.0055E-04,9.9791E-05
2018-02-09 00:00:00+00:00,AEX,2.1201E-04,1.8179E-04,1.1000E-04,1.7812E-04,1.2749E-04,1.8179E-04,1.2749E-04,2.2923E-04,1.7975E-04,2.0457E-04,5.2523E+02,1.7302E+05,2.1201E-04,2.2923E-04
2018-02-12 00:00:00+00:00,AEX,7.0942E-05,6.1710E-05,3.9762E-05,9.1368E-05,2.7185E-05,6.1710E-05,2.7185E-05,7.2952E-05,9.1695E-05,4.6009E-05,5.2177E+02,1.7302E+05,7.0942E-05,7.2952E-05
2018-02-13 00:00:00+00:00,AEX,4.7633E-05,3.8427E-05,2.5241E-05,5.4339E-05,3.0748E-05,3.8427E-05,3.0748E-05,4.3583E-05,5.5932E-05,3.2971E-05,5.2456E+02,1.7302E+05,4.7633E-05,4.3583E-05
2018-02-14 00:00:00+00:00,AEX,1.1218E-04,8.9591E-05,3.4889E-05,1.1606E-04,7.3862E-05,8.9591E-05,7.3862E-05,1.1508E-04,1.1910E-04,1.3395E-04,5.2396E+02,1.7302E+05,1.1218E-04,1.1508E-04
2018-02-15 00:00:00+00:00,AEX,4.3403E-05,5.1093E-05,1.6823E-05,3.9268E-05,2.4487E-05,5.1093E-05,2.4487E-05,3.5316E-05,3.9285E-05,2.7099E-05,5.2800E+02,1.7300E+05,4.3403E-05,3.5316E-05
2018-02-16 00:00:00+00:00,AEX,2.6355E-05,2.5724E-05,1.6555E-05,2.7672E-05,1.1693E-05,2.5724E-05,1.1693E-05,2.6038E-05,2.7137E-05,3.1641E-05,5.3011E+02,1.7305E+05,2.6355E-05,2.6038E-05
2018-02-19 00:00:00+00:00,AEX,1.9465E-05,2.1489E-05,9.8557E-06,1.8113E-05,1.3517E-05,2.1489E-05,1.3517E-05,1.7928E-05,1.8536E-05,1.9370E-05,5.3312E+02,1.7302E+05,1.9465E-05,1.7928E-05
2018-02-20 00:00:00+00:00,AEX,3.6516E-05,4.1126E-05,1.7585E-05,3.4295E-05,1.4334E-05,4.1126E-05,1.4334E-05,3.3603E-05,3.4539E-05,3.5031E-05,5.2872E+02,1.7302E+05,3.6516E-05,3.3603E-05
2018-02-21 00:00:00+00:00,AEX,2.7735E-05,2.6015E-05,1.9536E-05,2.9589E-05,1.1879E-05,2.6015E-05,1.1879E-05,2.9828E-05,2.9624E-05,2.1060E-05,5.3151E+02,1.7300E+05,2.7735E-05,2.9828E-05
2018-02-22 00:00:00+00:00,AEX,6.6644E-05,5.2369E-05,1.1322E-05,5.1077E-05,4.2143E-05,5.2369E-05,4.2143E-05,4.2729E-05,5.1495E-05,6.0183E-05,5.3132E+02,1.7300E+05,6.6644E-05,4.2729E-05
2018-02-23 00:00:00+00:00,AEX,2.1242E-05,2.1372E-05,8.6191E-06,2.5505E-05,1.2064E-05,2.1372E-05,1.2064E-05,2.0827E-05,2.5826E-05,2.1606E-05,5.3384E+02,1.7300E+05,2.1242E-05,2.0827E-05
2018-02-26 00:00:00+00:00,AEX,2.3975E-05,2.2368E-05,9.5605E-06,2.0640E-05,8.4187E-06,2.2368E-05,8.4187E-06,1.6938E-05,2.0817E-05,2.5203E-05,5.3688E+02,1.7300E+05,2.3975E-05,1.6938E-05
2018-02-27 00:00:00+00:00,AEX,3.3087E-05,3.5421E-05,2.3517E-05,3.4211E-05,1.9267E-05,3.5421E-05,1.9267E-05,3.4510E-05,3.4578E-05,3.0080E-05,5.3992E+02,1.7302E+05,3.3087E-05,3.4510E-05
2018-02-28 00:00:00+00:00,AEX,2.8287E-05,2.8187E-05,1.6550E-05,3.2245E-05,1.6175E-05,2.8187E-05,1.6175E-05,2.8155E-05,3.1878E-05,2.9027E-05,5.3739E+02,1.7302E+05,2.8287E-05,2.8155E-05
2018-03-01 00:00:00+00:00,AEX,6.6144E-05,6.0856E-05,2.4801E-05,6.9782E-05,3.9290E-05,6.0856E-05,3.9290E-05,4.9497E-05,7.0560E-05,7.9940E-05,5.3305E+02,1.7302E+05,6.6144E-05,4.9497E-05
2018-03-02 00:00:00+00:00,AEX,5.8363E-05,5.1228E-05,3.1794E-05,6.3926E-05,3.5307E-05,5.1228E-05,3.5307E-05,5.2727E-05,6.5578E-05,5.1504E-05,5.2478E+02,1.7300E+05,5.8363E-05,5.2727E-05
2018-03-05 00:00:00+00:00,AEX,6.7139E-05,7.2074E-05,2.7104E-05,5.9709E-05,1.3157E-05,7.2074E-05,1.3157E-05,5.4307E-05,6.0328E-05,1.1342E-04,5.1812E+02,1.7300E+05,6.7139E-05,5.4307E-05
2018-03-06 00:00:00+00:00,AEX,3.7467E-05,3.6039E-05,2.3888E-05,3.5047E-05,2.2653E-05,3.6039E-05,2.2653E-05,3.5065E-05,3.4236E-05,1.7802E-05,5.3010E+02,1.7300E+05,3.7467E-05,3.5065E-05
2018-03-07 00:00:00+00:00,AEX,5.6101E-05,6.6722E-05,2.5128E-05,5.4160E-05,2.0611E-05,6.6722E-05,2.0611E-05,4.8931E-05,5.4742E-05,3.0176E-05,5.2691E+02,1.7302E+05,5.6101E-05,4.8931E-05
2018-03-08 00:00:00+00:00,AEX,3.3350E-05,2.4930E-05,1.7662E-05,3.2241E-05,1.3802E-05,2.4930E-05,1.3802E-05,3.2758E-05,3.2480E-05,4.1231E-05,5.3159E+02,1.7300E+05,3.3350E-05,3.2758E-05
2018-03-09 00:00:00+00:00,AEX,3.8673E-05,2.9853E-05,1.2955E-05,4.3572E-05,8.9779E-06,2.9853E-05,8.9779E-06,2.6062E-05,4.3416E-05,2.6157E-05,5.3492E+02,1.7300E+05,3.8673E-05,2.6062E-05
2018-03-12 00:00:00+00:00,AEX,2.8860E-05,2.8051E-05,1.3617E-05,3.1804E-05,1.6505E-05,2.8051E-05,1.6505E-05,2.5081E-05,3.1832E-05,1.8130E-05,5.3865E+02,1.7300E+05,2.8860E-05,2.5081E-05
2018-03-13 00:00:00+00:00,AEX,3.9987E-05,4.3516E-05,1.4517E-05,5.1401E-05,2.7887E-05,4.3516E-05,2.7887E-05,4.2737E-05,5.2442E-05,5.4906E-05,5.3838E+02,1.7302E+05,3.9987E-05,4.2737E-05
2018-03-14 00:00:00+00:00,AEX,5.2484E-05,5.9542E-05,2.1442E-05,4.6883E-05,2.6590E-05,5.9542E-05,2.6590E-05,5.6303E-05,4.6797E-05,2.7726E-05,5.3152E+02,1.7302E+05,5.2484E-05,5.6303E-05
2018-03-15 00:00:00+00:00,AEX,2.9818E-05,2.8054E-05,1.8085E-05,2.9317E-05,1.1947E-05,2.8054E-05,1.1947E-05,2.5671E-05,2.9331E-05,2.3069E-05,5.3237E+02,1.7303E+05,2.9818E-05,2.5671E-05
2018-03-16 00:00:00+00:00,AEX,2.0183E-05,2.2649E-05,1.2387E-05,2.4385E-05,8.1350E-06,2.2649E-05,8.1350E-06,1.8734E-05,2.4683E-05,2.6241E-05,5.3357E+02,1.7302E+05,2.0183E-05,1.8734E-05
2018-03-19 00:00:00+00:00,AEX,4.2245E-05,4.8763E-05,1.6504E-05,3.8940E-05,3.0189E-05,4.8763E-05,3.0189E-05,3.7207E-05,3.9366E-05,6.0156E-05,5.3642E+02,1.7300E+05,4.2245E-05,3.7207E-05
2018-03-20 00:00:00+00:00,AEX,3.7081E-05,3.7515E-05,1.9397E-05,3.8166E-05,1.5635E-05,3.7515E-05,1.5635E-05,3.5921E-05,3.8540E-05,2.6967E-05,5.3178E+02,1.7302E+05,3.7081E-05,3.5921E-05
2018-03-21 00:00:00+00:00,AEX,2.6151E-05,2.1077E-05,1.4385E-05,2.5145E-05,1.0463E-05,2.1077E-05,1.0463E-05,2.4633E-05,2.5207E-05,2.2977E-05,5.3511E+02,1.7302E+05,2.6151E-05,2.4633E-05
2018-03-22 00:00:00+00:00,AEX,9.3897E-05,8.2916E-05,5.3933E-05,9.4963E-05,5.3822E-05,8.2916E-05,5.3822E-05,8.7631E-05,9.6689E-05,1.0542E-04,5.3436E+02,1.7302E+05,9.3897E-05,8.7631E-05
2018-03-23 00:00:00+00:00,AEX,9.8539E-05,1.1757E-04,6.1320E-05,8.2571E-05,5.1143E-05,1.1757E-04,5.1143E-05,1.0715E-04,8.2715E-05,9.9829E-05,5.2367E+02,1.7302E+05,9.8539E-05,1.0715E-04
2018-03-26 00:00:00+01:00,AEX,5.1151E-05,5.5657E-05,2.8041E-05,6.1508E-05,3.2286E-05,5.5657E-05,3.2286E-05,4.9611E-05,6.2454E-05,7.1846E-05,5.2226E+02,1.8302E+05,5.1151E-05,4.9611E-05
2018-03-27 00:00:00+01:00,AEX,4.8420E-05,4.0920E-05,1.8309E-05,4.6596E-05,2.8859E-05,4.0920E-05,2.8859E-05,5.3620E-05,4.6901E-05,3.2488E-05,5.2716E+02,1.8300E+05,4.8420E-05,5.3620E-05
2018-03-28 00:00:00+01:00,AEX,8.4158E-05,8.4550E-05,4.9646E-05,9.9462E-05,3.4618E-05,8.4550E-05,3.4618E-05,8.8353E-05,1.0113E-04,7.9570E-05,5.2223E+02,1.8300E+05,8.4158E-05,8.8353E-05
2018-03-29 00:00:00+01:00,AEX,4.4166E-05,3.5791E-05,2.0620E-05,4.4772E-05,2.2473E-05,3.5791E-05,2.2473E-05,4.4263E-05,4.5233E-05,4.6795E-05,5.2830E+02,1.8300E+05,4.4166E-05,4.4263E-05
2018-04-03 00:00:00+01:00,AEX,5.8092E-05,6.0970E-05,2.7636E-05,6.2995E-05,3.3351E-05,6.0970E-05,3.3351E-05,4.6872E-05,6.3028E-05,5.6484E-05,5.2768E+02,1.8300E+05,5.8092E-05,4.6872E-05
2018-04-04 00:00:00+01:00,AEX,7.7439E-05,7.7578E-05,4.6343E-05,7.7527E-05,4.0389E-05,7.7578E-05,4.0389E-05,7.8752E-05,7.7641E-05,8.3595E-05,5.2862E+02,1.8300E+05,7.7439E-05,7.8752E-05
2018-04-05 00:00:00+01:00,AEX,2.7766E-05,2.5301E-05,1.1255E-05,2.6799E-05,7.5855E-06,2.5301E-05,7.5855E-06,2.9907E-05,2.6903E-05,3.3877E-05,5.3445E+02,1.8302E+05,2.7766E-05,2.9907E-05
2018-04-06 00:00:00+01:00,AEX,3.5123E-05,3.2880E-05,1.4434E-05,4.2648E-05,1.3509E-05,3.2880E-05,1.3509E-05,3.2940E-05,4.3742E-05,2.1806E-05,5.3840E+02,1.8302E+05,3.5123E-05,3.2940E-05
2018-04-09 00:00:00+01:00,AEX,2.7699E-05,3.3915E-05,1.4323E-05,3.1328E-05,1.6095E-05,3.3915E-05,1.6095E-05,2.9795E-05,3.1349E-05,1.6318E-05,5.3994E+02,1.8302E+05,2.7699E-05,2.9795E-05
2018-04-10 00:00:00+01:00,AEX,2.9640E-05,3.1548E-05,1.0091E-05,3.8778E-05,1.1536E-05,3.1548E-05,1.1536E-05,2.8791E-05,3.8973E-05,1.5056E-05,5.4156E+02,1.8302E+05,2.9640E-05,2.8791E-05
2018-04-11 00:00:00+01:00,AEX,2.8786E-05,2.6201E-05,1.4155E-05,2.9170E-05,1.4078E-05,2.6201E-05,1.4078E-05,2.7813E-05,2.9486E-05,1.7706E-05,5.4429E+02,1.8300E+05,2.8786E-05,2.7813E-05
2018-04-12 00:00:00+01:00,AEX,2.1550E-05,1.4699E-05,1.1198E-05,2.5362E-05,7.6455E-06,1.4699E-05,7.6455E-06,2.1590E-05,2.5451E-05,1.1220E-05,5.4482E+02,1.8302E+05,2.1550E-05,2.1590E-05
2018-04-13 00:00:00+01:00,AEX,1.4373E-05,1.5885E-05,6.9389E-06,1.6508E-05,7.6848E-06,1.5885E-05,7.6848E-06,1.3673E-05,1.6521E-05,9.5511E-06,5.4760E+02,1.8302E+05,1.4373E-05,1.3673E-05
2018-04-16 00:00:00+01:00,AEX,1.7800E-05,1.7644E-05,8.8040E-06,1.6157E-05,9.2298E-06,1.7644E-05,9.2298E-06,1.9429E-05,1.6339E-05,1.4837E-05,5.4832E+02,1.9070E+05,1.7800E-05,1.9429E-05
2018-04-17 00:00:00+01:00,AEX,1.3938E-05,1.4381E-05,6.1715E-06,1.2440E-05,4.8349E-06,1.4381E-05,4.8349E-06,1.4128E-05,1.2248E-05,1.4062E-05,5.4796E+02,1.8300E+05,1.3938E-05,1.4128E-05
2018-04-18 00:00:00+01:00,AEX,1.5899E-05,1.6509E-05,8.0171E-06,1.9358E-05,8.0319E-06,1.6509E-05,8.0319E-06,1.5234E-05,1.9335E-05,2.7992E-05,5.5160E+02,1.8300E+05,1.5899E-05,1.5234E-05
2018-04-19 00:00:00+01:00,AEX,1.6056E-05,1.5389E-05,8.0316E-06,1.5836E-05,8.3601E-06,1.5389E-05,8.3601E-06,1.6104E-05,1.5643E-05,1.5534E-05,5.5367E+02,1.8300E+05,1.6056E-05,1.6104E-05
2018-04-20 00:00:00+01:00,AEX,3.0017E-05,3.1264E-05,1.2237E-05,2.4962E-05,1.3312E-05,3.1264E-05,1.3312E-05,3.0220E-05,2.4819E-05,1.8011E-05,5.4988E+02,1.8300E+05,3.0017E-05,3.0220E-05
2018-04-23 00:00:00+01:00,AEX,1.6480E-05,1.6400E-05,1.0523E-05,1.8097E-05,6.1041E-06,1.6400E-05,6.1041E-06,1.3768E-05,1.7842E-05,1.6627E-05,5.5059E+02,1.8302E+05,1.6480E-05,1.3768E-05
2018-04-24 00:00:00+01:00,AEX,2.2627E-05,2.6431E-05,1.0566E-05,2.2599E-05,8.3684E-06,2.6431E-05,8.3684E-06,2.5229E-05,2.2503E-05,2.7539E-05,5.5276E+02,1.8300E+05,2.2627E-05,2.5229E-05
2018-04-25 00:00:00+01:00,AEX,4.2511E-05,4.6418E-05,1.3793E-05,3.1799E-05,2.1955E-05,4.6418E-05,2.1955E-05,3.8559E-05,3.1833E-05,3.6626E-05,5.5270E+02,1.8302E+05,4.2511E-05,3.8559E-05
2018-04-26 00:00:00+01:00,AEX,3.8456E-05,4.0176E-05,1.3833E-05,2.9575E-05,2.1569E-05,4.0176E-05,2.1569E-05,3.0452E-05,2.9371E-05,3.6880E-05,5.5136E+02,1.8302E+05,3.8456E-05,3.0452E-05
2018-04-27 00:00:00+01:00,AEX,1.6930E-05,1.7015E-05,8.5615E-06,2.0586E-05,7.9866E-06,1.7015E-05,7.9866E-06,1.8739E-05,1.9983E-05,1.8204E-05,5.5454E+02,1.8302E+05,1.6930E-05,1.8739E-05
2018-04-30 00:00:00+01:00,AEX,1.3300E-05,1.1988E-05,6.4083E-06,1.3632E-05,6.3362E-06,1.1988E-05,6.3362E-06,1.0460E-05,1.3643E-05,5.2266E-06,5.5494E+02,1.8302E+05,1.3300E-05,1.0460E-05
2018-05-02 00:00:00+01:00,AEX,1.7195E-05,1.6669E-05,1.0520E-05,1.9206E-05,8.4374E-06,1.6669E-05,8.4374E-06,1.6831E-05,1.9155E-05,7.9325E-06,5.5655E+02,1.8302E+05,1.7195E-05,1.6831E-05
2018-05-03 00:00:00+01:00,AEX,1.5686E-05,1.6937E-05,8.8446E-06,1.9515E-05,1.0382E-05,1.6937E-05,1.0382E-05,1.5315E-05,1.9569E-05,1.5526E-05,5.5459E+02,1.8302E+05,1.5686E-05,1.5315E-05
2018-05-04 00:00:00+01:00,AEX,1.5410E-05,1.4122E-05,9.7134E-06,1.7673E-05,5.3690E-06,1.4122E-05,5.3690E-06,1.3778E-05,1.8166E-05,2.0091E-05,5.5265E+02,1.8300E+05,1.5410E-05,1.3778E-05
2018-05-07 00:00:00+01:00,AEX,8.1832E-06,8.3392E-06,5.6643E-06,8.8974E-06,2.6782E-06,8.3392E-06,2.6782E-06,8.9647E-06,8.8738E-06,5.3684E-06,5.5548E+02,1.8300E+05,8.1832E-06,8.9647E-06
2018-05-08 00:00:00+01:00,AEX,1.7655E-05,1.6307E-05,7.8554E-06,1.9176E-05,7.9419E-06,1.6307E-05,7.9419E-06,1.9843E-05,1.9213E-05,1.4996E-05,5.5780E+02,1.8302E+05,1.7655E-05,1.9843E-05
2018-05-09 00:00:00+01:00,AEX,1.2478E-05,1.3182E-05,6.6505E-06,1.3535E-05,5.6727E-06,1.3182E-05,5.6727E-06,9.4451E-06,1.3604E-05,1.1088E-05,5.5904E+02,1.8302E+05,1.2478E-05,9.4451E-06
2018-05-10 00:00:00+01:00,AEX,1.6735E-05,1.7566E-05,7.1710E-06,1.3539E-05,8.9594E-06,1.7566E-05,8.9594E-06,1.5666E-05,1.3553E-05,1.2101E-05,5.6196E+02,1.8302E+05,1.6735E-05,1.5666E-05
2018-05-11 00:00:00+01:00,AEX,1.3370E-05,1.1856E-05,8.1803E-06,1.1744E-05,6.2582E-06,1.1856E-05,6.2582E-06,1.3480E-05,1.1789E-05,7.3845E-06,5.6219E+02,1.8300E+05,1.3370E-05,1.3480E-05
2018-05-14 00:00:00+01:00,AEX,1.3699E-05,1.6056E-05,5.5335E-06,1.2311E-05,6.8061E-06,1.6056E-05,6.8061E-06,1.2236E-05,1.2353E-05,5.9215E-06,5.6226E+02,1.8302E+05,1.3699E-05,1.2236E-05
2018-05-15 00:00:00+01:00,AEX,1.8332E-05,2.3469E-05,9.5688E-06,1.7063E-05,8.0903E-06,2.3469E-05,8.0903E-06,2.0286E-05,1.7130E-05,2.3305E-05,5.6304E+02,1.8302E+05,1.8332E-05,2.0286E-05
2018-05-16 00:00:00+01:00,AEX,1.1872E-05,1.2477E-05,7.6890E-06,1.2664E-05,4.1272E-06,1.2477E-05,4.1272E-06,1.1813E-05,1.2722E-05,1.2785E-05,5.6330E+02,1.8300E+05,1.1872E-05,1.1813E-05
2018-05-17 00:00:00+01:00,AEX,1.3911E-05,1.3029E-05,6.1854E-06,1.2115E-05,4.6646E-06,1.3029E-05,4.6646E-06,1.0692E-05,1.2143E-05,1.3634E-05,5.6512E+02,1.8302E+05,1.3911E-05,1.0692E-05
2018-05-18 00:00:00+01:00,AEX,2.2639E-05,2.2584E-05,9.6634E-06,2.1607E-05,1.0310E-05,2.2584E-05,1.0310E-05,2.4415E-05,2.1555E-05,2.4895E-05,5.6811E+02,1.8302E+05,2.2639E-05,2.4415E-05
2018-05-21 00:00:00+01:00,AEX,8.4333E-06,7.3994E-06,3.6077E-06,9.0905E-06,3.4475E-06,7.3994E-06,3.4475E-06,9.5123E-06,8.9938E-06,8.1141E-06,5.6829E+02,1.8300E+05,8.4333E-06,9.5123E-06
2018-05-22 00:00:00+01:00,AEX,1.7961E-05,1.6189E-05,6.3806E-06,1.8869E-05,6.7305E-06,1.6189E-05,6.7305E-06,1.5843E-05,1.8811E-05,7.1885E-06,5.7032E+02,1.8302E+05,1.7961E-05,1.5843E-05
2018-05-23 00:00:00+01:00,AEX,3.0881E-05,2.6571E-05,1.7480E-05,3.1781E-05,1.9798E-05,2.6571E-05,1.9798E-05,3.1091E-05,3.2197E-05,3.5308E-05,5.6995E+02,1.8302E+05,3.0881E-05,3.1091E-05
2018-05-24 00:00:00+01:00,AEX,2.7223E-05,3.1188E-05,1.2777E-05,2.8717E-05,1.5781E-05,3.1188E-05,1.5781E-05,2.8630E-05,2.8807E-05,3.5880E-05,5.6532E+02,1.8300E+05,2.7223E-05,2.8630E-05
2018-05-25 00:00:00+01:00,AEX,2.8056E-05,2.7478E-05,2.0734E-05,3.0399E-05,1.4819E-05,2.7478E-05,1.4819E-05,3.0523E-05,3.0619E-05,2.5135E-05,5.6401E+02,1.8302E+05,2.8056E-05,3.0523E-05
2018-05-28 00:00:00+01:00,AEX,3.2373E-05,3.4871E-05,1.0369E-05,3.1786E-05,1.7450E-05,3.4871E-05,1.7450E-05,2.5329E-05,3.1849E-05,3.9483E-05,5.6347E+02,1.8302E+05,3.2373E-05,2.5329E-05
2018-05-29 00:00:00+01:00,AEX,8.0901E-05,9.0741E-05,2.4453E-05,7.3319E-05,4.8500E-05,9.0741E-05,4.8500E-05,8.3229E-05,7.3328E-05,9.1871E-05,5.5761E+02,1.8302E+05,8.0901E-05,8.3229E-05
2018-05-30 00:00:00+01:00,AEX,3.6349E-05,3.6800E-05,1.4362E-05,4.0747E-05,1.5223E-05,3.6800E-05,1.5223E-05,3.1272E-05,4.1066E-05,3.1439E-05,5.5490E+02,1.8302E+05,3.6349E-05,3.1272E-05
2018-05-31 00:00:00+01:00,AEX,6.8338E-05,6.5103E-05,2.1208E-05,5.7121E-05,3.8679E-05,6.5103E-05,3.8679E-05,4.5120E-05,5.7749E-05,5.4639E-05,5.5848E+02,1.8295E+05,6.8338E-05,4.5120E-05
2018-06-01 00:00:00+01:00,AEX,2.2983E-05,2.1391E-05,1.4729E-05,2.7568E-05,1.0233E-05,2.1391E-05,1.0233E-05,2.3852E-05,2.7497E-05,1.9982E-05,5.5652E+02,1.8302E+05,2.2983E-05,2.3852E-05
2018-06-04 00:00:00+01:00,AEX,2.0218E-05,1.3576E-05,7.7416E-06,1.7477E-05,1.0030E-05,1.3576E-05,1.0030E-05,2.0653E-05,1.7542E-05,9.1409E-06,5.6193E+02,1.8302E+05,2.0218E-05,2.0653E-05
2018-06-05 00:00:00+01:00,AEX,3.1925E-05,3.7865E-05,1.4711E-05,3.0861E-05,1.5749E-05,3.7865E-05,1.5749E-05,2.8650E-05,3.1080E-05,3.3974E-05,5.6198E+02,1.8303E+05,3.1925E-05,2.8650E-05
2018-06-06 00:00:00+01:00,AEX,2.9193E-05,3.6249E-05,1.4784E-05,2.9857E-05,1.5346E-05,3.6249E-05,1.5346E-05,3.0522E-05,3.0297E-05,5.5342E-05,5.6330E+02,1.8302E+05,2.9193E-05,3.0522E-05
2018-06-07 00:00:00+01:00,AEX,2.9432E-05,3.1447E-05,1.1730E-05,2.9543E-05,1.5908E-05,3.1447E-05,1.5908E-05,2.6333E-05,2.9528E-05,2.2980E-05,5.6414E+02,1.8302E+05,2.9432E-05,2.6333E-05
2018-06-08 00:00:00+01:00,AEX,6.0322E-05,7.4985E-05,2.0547E-05,5.8349E-05,3.4590E-05,7.4985E-05,3.4590E-05,5.4728E-05,5.9082E-05,3.2819E-05,5.5900E+02,1.8300E+05,6.0322E-05,5.4728E-05
2018-06-11 00:00:00+01:00,AEX,1.5719E-05,1.3840E-05,6.7723E-06,2.4849E-05,6.0054E-06,1.3840E-05,6.0054E-06,1.3760E-05,2.5273E-05,1.9682E-05,5.6218E+02,1.8302E+05,1.5719E-05,1.3760E-05
2018-06-12 00:00:00+01:00,AEX,2.4181E-05,2.3936E-05,1.3196E-05,2.5257E-05,1.5281E-05,2.3936E-05,1.5281E-05,2.3727E-05,2.5313E-05,1.7307E-05,5.6651E+02,1.8302E+05,2.4181E-05,2.3727E-05
2018-06-13 00:00:00+01:00,AEX,1.3904E-05,1.4098E-05,8.8713E-06,1.6486E-05,6.2061E-06,1.4098E-05,6.2061E-06,1.3584E-05,1.6955E-05,1.1497E-05,5.6356E+02,1.8302E+05,1.3904E-05,1.3584E-05
2018-06-14 00:00:00+01:00,AEX,5.5181E-05,5.3044E-05,2.6076E-05,4.8625E-05,1.9046E-05,5.3044E-05,1.9046E-05,5.7594E-05,4.9012E-05,1.0384E-04,5.6148E+02,1.8300E+05,5.5181E-05,5.7594E-05
2018-06-15 00:00:00+01:00,AEX,2.6882E-05,3.4002E-05,1.5463E-05,2.9545E-05,1.8462E-05,3.4002E-05,1.8462E-05,2.5598E-05,2.9269E-05,3.3355E-05,5.6784E+02,1.8300E+05,2.6882E-05,2.5598E-05
2018-06-18 00:00:00+01:00,AEX,3.8386E-05,3.9270E-05,1.7371E-05,3.0235E-05,1.9650E-05,3.9270E-05,1.9650E-05,3.1233E-05,3.0570E-05,3.5496E-05,5.6088E+02,1.8300E+05,3.8386E-05,3.1233E-05
2018-06-19 00:00:00+01:00,AEX,3.7292E-05,5.0334E-05,2.1856E-05,3.4649E-05,1.6750E-05,5.0334E-05,1.6750E-05,3.5923E-05,3.4985E-05,4.6630E-05,5.5312E+02,1.8300E+05,3.7292E-05,3.5923E-05
2018-06-20 00:00:00+01:00,AEX,2.5596E-05,2.2903E-05,1.0473E-05,2.5101E-05,1.1759E-05,2.2903E-05,1.1759E-05,1.9654E-05,2.5219E-05,2.6634E-05,5.5681E+02,1.8302E+05,2.5596E-05,1.9654E-05
2018-06-21 00:00:00+01:00,AEX,5.4483E-05,5.5535E-05,3.1268E-05,4.5895E-05,3.1049E-05,5.5535E-05,3.1049E-05,5.7180E-05,4.6314E-05,4.5687E-05,5.5680E+02,1.8300E+05,5.4483E-05,5.7180E-05
2018-06-22 00:00:00+01:00,AEX,4.6645E-05,4.6634E-05,1.3581E-05,3.3054E-05,2.1479E-05,4.6634E-05,2.1479E-05,4.0962E-05,3.3022E-05,2.7122E-05,5.5370E+02,1.8300E+05,4.6645E-05,4.0962E-05
2018-06-26 00:00:00+01:00,AEX,3.1704E-05,3.0908E-05,1.3354E-05,3.1560E-05,1.7956E-05,3.0908E-05,1.7956E-05,2.4120E-05,3.2024E-05,2.3266E-05,5.4899E+02,1.8300E+05,3.1704E-05,2.4120E-05
2018-06-27 00:00:00+01:00,AEX,9.2802E-05,7.9455E-05,3.4519E-05,7.2906E-05,2.5047E-05,7.9455E-05,2.5047E-05,7.1297E-05,7.3868E-05,1.1489E-04,5.4723E+02,1.8300E+05,9.2802E-05,7.1297E-05
2018-06-28 00:00:00+01:00,AEX,6.8015E-05,7.0515E-05,3.2131E-05,8.1809E-05,4.1537E-05,7.0515E-05,4.1537E-05,5.8881E-05,8.2559E-05,5.0729E-05,5.5198E+02,1.8300E+05,6.8015E-05,5.8881E-05
2018-06-29 00:00:00+01:00,AEX,4.6558E-05,5.5676E-05,2.2845E-05,4.4728E-05,2.9255E-05,5.5676E-05,2.9255E-05,4.0670E-05,4.4778E-05,2.0219E-05,5.5297E+02,1.8302E+05,4.6558E-05,4.0670E-05
2018-07-02 00:00:00+01:00,AEX,4.4657E-05,3.6074E-05,2.7758E-05,4.8920E-05,2.2142E-05,3.6074E-05,2.2142E-05,4.0899E-05,4.9579E-05,2.6804E-05,5.4546E+02,1.8300E+05,4.4657E-05,4.0899E-05
2018-07-03 00:00:00+01:00,AEX,3.7369E-05,3.6030E-05,1.5493E-05,3.4374E-05,2.1036E-05,3.6030E-05,2.1036E-05,3.5437E-05,3.4791E-05,2.0078E-05,5.4954E+02,1.8300E+05,3.7369E-05,3.5437E-05
2018-07-04 00:00:00+01:00,AEX,1.6094E-05,1.7913E-05,5.1375E-06,1.9604E-05,1.0633E-05,1.7913E-05,1.0633E-05,1.1462E-05,2.0304E-05,1.1721E-05,5.5003E+02,1.8300E+05,1.6094E-05,1.1462E-05
2018-07-05 00:00:00+01:00,AEX,3.3595E-05,4.3344E-05,2.0411E-05,3.3525E-05,1.3649E-05,4.3344E-05,1.3649E-05,3.4764E-05,3.4055E-05,6.6949E-05,5.4930E+02,1.8300E+05,3.3595E-05,3.4764E-05
2018-07-06 00:00:00+01:00,AEX,4.2093E-05,3.2862E-05,1.8991E-05,3.2404E-05,1.4203E-05,3.2862E-05,1.4203E-05,3.8111E-05,3.2693E-05,2.6677E-05,5.5291E+02,1.8300E+05,4.2093E-05,3.8111E-05
2018-07-09 00:00:00+01:00,AEX,2.0669E-05,1.5633E-05,1.0496E-05,1.7923E-05,7.8254E-06,1.5633E-05,7.8254E-06,1.9302E-05,1.7773E-05,1.6138E-05,5.5700E+02,1.8300E+05,2.0669E-05,1.9302E-05
2018-07-10 00:00:00+01:00,AEX,1.4387E-05,1.3566E-05,7.8170E-06,1.4322E-05,6.8078E-06,1.3566E-05,6.8078E-06,1.2496E-05,1.4327E-05,1.0021E-05,5.5903E+02,1.8300E+05,1.4387E-05,1.2496E-05
2018-07-11 00:00:00+01:00,AEX,2.8348E-05,3.0156E-05,1.1775E-05,2.7193E-05,1.7289E-05,3.0156E-05,1.7289E-05,2.6991E-05,2.7249E-05,1.6431E-05,5.5654E+02,1.8300E+05,2.8348E-05,2.6991E-05
2018-07-12 00:00:00+01:00,AEX,2.2894E-05,2.3307E-05,1.0320E-05,2.3389E-05,8.9617E-06,2.3307E-05,8.9617E-06,2.1832E-05,2.3598E-05,2.1505E-05,5.5342E+02,1.8300E+05,2.2894E-05,2.1832E-05
2018-07-13 00:00:00+01:00,AEX,1.6230E-05,1.6125E-05,5.5768E-06,1.6307E-05,5.8878E-06,1.6125E-05,5.8878E-06,1.2274E-05,1.6457E-05,1.8503E-05,5.5842E+02,1.8300E+05,1.6230E-05,1.2274E-05
2018-07-16 00:00:00+01:00,AEX,1.6027E-05,1.6001E-05,7.2342E-06,1.7199E-05,8.5475E-06,1.6001E-05,8.5475E-06,1.5729E-05,1.7412E-05,1.6656E-05,5.6030E+02,1.8300E+05,1.6027E-05,1.5729E-05
2018-07-17 00:00:00+01:00,AEX,3.2033E-05,2.9191E-05,1.3404E-05,2.4985E-05,1.5330E-05,2.9191E-05,1.5330E-05,2.4809E-05,2.5226E-05,5.0502E-05,5.5842E+02,1.8300E+05,3.2033E-05,2.4809E-05
2018-07-18 00:00:00+01:00,AEX,1.7880E-05,1.2090E-05,8.2565E-06,2.0586E-05,6.7205E-06,1.2090E-05,6.7205E-06,1.8315E-05,2.0535E-05,1.6416E-05,5.6395E+02,1.8300E+05,1.7880E-05,1.8315E-05
2018-07-19 00:00:00+01:00,AEX,2.5508E-05,2.8453E-05,1.3695E-05,2.6081E-05,1.3223E-05,2.8453E-05,1.3223E-05,2.5584E-05,2.6405E-05,1.0648E-05,5.6838E+02,1.8300E+05,2.5508E-05,2.5584E-05
2018-07-20 00:00:00+01:00,AEX,4.8259E-05,5.6514E-05,1.3421E-05,4.2228E-05,2.4148E-05,5.6514E-05,2.4148E-05,3.9046E-05,4.1975E-05,7.4816E-05,5.7018E+02,1.8300E+05,4.8259E-05,3.9046E-05
2018-07-23 00:00:00+01:00,AEX,1.8276E-05,1.9439E-05,8.6996E-06,2.1510E-05,1.0855E-05,1.9439E-05,1.0855E-05,1.5246E-05,2.1431E-05,2.1328E-05,5.7107E+02,1.8302E+05,1.8276E-05,1.5246E-05
2018-07-24 00:00:00+01:00,AEX,2.5364E-05,2.2771E-05,7.6391E-06,2.2820E-05,1.1448E-05,2.2771E-05,1.1448E-05,2.0799E-05,2.2904E-05,1.7184E-05,5.7137E+02,1.8302E+05,2.5364E-05,2.0799E-05
2018-07-25 00:00:00+01:00,AEX,1.2121E-05,1.1950E-05,6.1895E-06,1.5013E-05,6.8605E-06,1.1950E-05,6.8605E-06,1.0755E-05,1.4843E-05,4.6318E-06,5.7360E+02,1.8300E+05,1.2121E-05,1.0755E-05
2018-07-26 00:00:00+01:00,AEX,2.5103E-05,2.3868E-05,8.6414E-06,2.6217E-05,8.5607E-06,2.3868E-05,8.5607E-06,2.0562E-05,2.6444E-05,1.6533E-05,5.7290E+02,1.8300E+05,2.5103E-05,2.0562E-05
2018-07-27 00:00:00+01:00,AEX,1.2776E-05,1.5475E-05,6.2752E-06,1.0857E-05,4.8736E-06,1.5475E-05,4.8736E-06,1.1821E-05,1.0781E-05,1.1714E-05,5.7388E+02,1.8302E+05,1.2776E-05,1.1821E-05
2018-07-30 00:00:00+01:00,AEX,1.3041E-05,8.3432E-06,6.3314E-06,1.0854E-05,5.4465E-06,8.3432E-06,5.4465E-06,1.3876E-05,1.0759E-05,6.7321E-06,5.7265E+02,1.8303E+05,1.3041E-05,1.3876E-05
2018-07-31 00:00:00+01:00,AEX,1.3501E-05,1.5109E-05,2.8331E-07,1.5292E-05,5.9884E-06,1.5109E-05,5.9884E-06,5.4777E-06,1.5494E-05,9.3291E-06,5.7402E+02,1.9300E+05,1.3501E-05,5.4777E-06
2018-08-01 00:00:00+01:00,AEX,1.8354E-05,1.4917E-05,7.1025E-06,1.7835E-05,8.4941E-06,1.4917E-05,8.4941E-06,1.6424E-05,1.7775E-05,5.9593E-06,5.7418E+02,1.8300E+05,1.8354E-05,1.6424E-05
2018-08-02 00:00:00+01:00,AEX,4.4246E-05,2.4791E-05,1.6709E-05,3.7273E-05,2.2387E-05,2.4791E-05,2.2387E-05,5.1877E-05,3.5814E-05,2.0845E-05,5.7147E+02,1.8300E+05,4.4246E-05,5.1877E-05
2018-08-03 00:00:00+01:00,AEX,1.9831E-05,1.5203E-05,9.7163E-06,2.2001E-05,8.5085E-06,1.5203E-05,8.5085E-06,1.9595E-05,2.1788E-05,1.3802E-05,5.7118E+02,1.8302E+05,1.9831E-05,1.9595E-05
2018-08-06 00:00:00+01:00,AEX,2.4212E-05,2.2348E-05,9.5351E-06,2.1612E-05,1.0973E-05,2.2348E-05,1.0973E-05,2.2360E-05,2.1965E-05,2.6645E-05,5.7279E+02,1.8300E+05,2.4212E-05,2.2360E-05
2018-08-07 00:00:00+01:00,AEX,1.0064E-05,8.7410E-06,6.3123E-06,1.0726E-05,5.0230E-06,8.7410E-06,5.0230E-06,1.0428E-05,1.0704E-05,6.8322E-06,5.7395E+02,1.8303E+05,1.0064E-05,1.0428E-05
2018-08-08 00:00:00+01:00,AEX,1.7517E-05,1.4302E-05,8.6076E-06,2.0433E-05,1.0294E-05,1.4302E-05,1.0294E-05,1.4287E-05,2.0598E-05,1.1217E-05,5.7378E+02,1.8300E+05,1.7517E-05,1.4287E-05
2018-08-09 00:00:00+01:00,AEX,1.2131E-05,1.0417E-05,7.4682E-06,1.0487E-05,6.0963E-06,1.0417E-05,6.0963E-06,1.0423E-05,1.0507E-05,6.3209E-06,5.7136E+02,1.8303E+05,1.2131E-05,1.0423E-05
2018-08-10 00:00:00+01:00,AEX,4.1988E-05,4.1890E-05,2.1658E-05,3.4663E-05,2.3849E-05,4.1890E-05,2.3849E-05,4.8557E-05,3.5190E-05,2.4515E-05,5.6781E+02,1.8302E+05,4.1988E-05,4.8557E-05
2018-08-13 00:00:00+01:00,AEX,2.4902E-05,2.5300E-05,9.8906E-06,3.2391E-05,1.2660E-05,2.5300E-05,1.2660E-05,1.7347E-05,3.2693E-05,2.1253E-05,5.6167E+02,1.8302E+05,2.4902E-05,1.7347E-05
2018-08-14 00:00:00+01:00,AEX,3.4064E-05,3.8137E-05,1.2413E-05,3.3247E-05,1.1519E-05,3.8137E-05,1.1519E-05,2.2293E-05,3.3750E-05,4.1493E-05,5.6144E+02,1.8300E+05,3.4064E-05,2.2293E-05
2018-08-15 00:00:00+01:00,AEX,4.9089E-05,4.3387E-05,1.6753E-05,4.1831E-05,3.7768E-05,4.3387E-05,3.7768E-05,4.6452E-05,4.2683E-05,7.5870E-05,5.6153E+02,1.8300E+05,4.9089E-05,4.6452E-05
2018-08-16 00:00:00+01:00,AEX,1.3249E-05,1.3975E-05,7.9147E-06,1.3315E-05,6.0762E-06,1.3975E-05,6.0762E-06,1.3685E-05,1.3115E-05,8.4498E-06,5.5527E+02,1.8303E+05,1.3249E-05,1.3685E-05
2018-08-17 00:00:00+01:00,AEX,2.8678E-05,2.9870E-05,2.2913E-05,2.8005E-05,1.6408E-05,2.9870E-05,1.6408E-05,3.1443E-05,2.8212E-05,3.9498E-05,5.5610E+02,1.8303E+05,2.8678E-05,3.1443E-05
2018-08-20 00:00:00+01:00,AEX,1.4159E-05,1.4926E-05,4.6738E-06,1.3641E-05,5.4617E-06,1.4926E-05,5.4617E-06,1.0578E-05,1.3630E-05,1.7177E-05,5.5456E+02,1.8303E+05,1.4159E-05,1.0578E-05
2018-08-21 00:00:00+01:00,AEX,1.0609E-05,8.7064E-06,6.3616E-06,1.2430E-05,4.6502E-06,8.7064E-06,4.6502E-06,1.0763E-05,1.2276E-05,4.1675E-06,5.5605E+02,1.8300E+05,1.0609E-05,1.0763E-05
2018-08-22 00:00:00+01:00,AEX,1.5883E-05,1.4394E-05,9.3482E-06,2.0060E-05,7.5241E-06,1.4394E-05,7.5241E-06,1.7359E-05,1.9963E-05,1.4263E-05,5.5719E+02,1.8300E+05,1.5883E-05,1.7359E-05
2018-08-23 00:00:00+01:00,AEX,1.5729E-05,1.8038E-05,7.0169E-06,1.3930E-05,8.4975E-06,1.8038E-05,8.4975E-06,1.3967E-05,1.4053E-05,1.9894E-05,5.5943E+02,1.8300E+05,1.5729E-05,1.3967E-05
2018-08-24 00:00:00+01:00,AEX,1.3839E-05,1.4638E-05,6.1474E-06,1.4962E-05,6.3126E-06,1.4638E-05,6.3126E-06,1.4728E-05,1.5041E-05,1.0480E-05,5.5932E+02,1.8302E+05,1.3839E-05,1.4728E-05
2018-08-27 00:00:00+01:00,AEX,1.1340E-05,1.1839E-05,3.7145E-06,1.2052E-05,4.0478E-06,1.1839E-05,4.0478E-06,1.0386E-05,1.2056E-05,1.2752E-05,5.6146E+02,1.8302E+05,1.1340E-05,1.0386E-05
2018-08-28 00:00:00+01:00,AEX,1.4989E-05,1.2052E-05,8.6863E-06,1.7481E-05,6.9641E-06,1.2052E-05,6.9641E-06,1.5213E-05,1.7760E-05,8.5259E-06,5.6413E+02,1.8300E+05,1.4989E-05,1.5213E-05
2018-08-29 00:00:00+01:00,AEX,1.8235E-05,1.4384E-05,6.7721E-06,1.9751E-05,7.4162E-06,1.4384E-05,7.4162E-06,1.6684E-05,1.9978E-05,2.1389E-05,5.6304E+02,1.8300E+05,1.8235E-05,1.6684E-05
2018-08-30 00:00:00+01:00,AEX,2.9526E-05,3.1991E-05,1.6543E-05,2.6105E-05,1.6507E-05,3.1991E-05,1.6507E-05,3.0928E-05,2.6166E-05,2.2707E-05,5.6454E+02,1.8303E+05,2.9526E-05,3.0928E-05
2018-08-31 00:00:00+01:00,AEX,2.8410E-05,3.2106E-05,9.9931E-06,2.5227E-05,2.0521E-05,3.2106E-05,2.0521E-05,2.7872E-05,2.5299E-05,2.3344E-05,5.6195E+02,1.8303E+05,2.8410E-05,2.7872E-05
2018-09-03 00:00:00+01:00,AEX,9.7897E-06,7.2400E-06,4.6213E-06,1.2744E-05,3.8435E-06,7.2400E-06,3.8435E-06,1.0282E-05,1.3188E-05,6.7625E-06,5.5841E+02,1.8300E+05,9.7897E-06,1.0282E-05
2018-09-04 00:00:00+01:00,AEX,4.6526E-05,4.6278E-05,2.4945E-05,5.1320E-05,2.7355E-05,4.6278E-05,2.7355E-05,3.7783E-05,5.1858E-05,5.8552E-05,5.5979E+02,1.8300E+05,4.6526E-05,3.7783E-05
2018-09-05 00:00:00+01:00,AEX,4.4444E-05,4.2179E-05,2.4361E-05,4.1077E-05,2.7018E-05,4.2179E-05,2.7018E-05,3.9715E-05,4.0621E-05,5.7396E-05,5.5221E+02,1.8302E+05,4.4444E-05,3.9715E-05
2018-09-06 00:00:00+01:00,AEX,3.7485E-05,4.0107E-05,1.6185E-05,3.4201E-05,2.5164E-05,4.0107E-05,2.5164E-05,3.6607E-05,3.4346E-05,5.1340E-05,5.4501E+02,1.8302E+05,3.7485E-05,3.6607E-05
2018-09-07 00:00:00+01:00,AEX,4.8601E-05,3.4480E-05,1.9466E-05,3.8423E-05,2.7300E-05,3.4480E-05,2.7300E-05,4.2720E-05,3.7938E-05,5.3941E-05,5.3937E+02,1.8300E+05,4.8601E-05,4.2720E-05
2018-09-10 00:00:00+01:00,AEX,2.6419E-05,1.8500E-05,9.7485E-06,2.5295E-05,1.3205E-05,1.8500E-05,1.3205E-05,2.6255E-05,2.5993E-05,1.6912E-05,5.3852E+02,1.8300E+05,2.6419E-05,2.6255E-05
2018-09-11 00:00:00+01:00,AEX,2.9264E-05,3.5430E-05,2.0017E-05,2.4994E-05,1.5557E-05,3.5430E-05,1.5557E-05,2.7737E-05,2.5246E-05,3.6684E-05,5.4001E+02,1.8300E+05,2.9264E-05,2.7737E-05
2018-09-12 00:00:00+01:00,AEX,5.5452E-05,5.2291E-05,2.5080E-05,4.5867E-05,2.3340E-05,5.2291E-05,2.3340E-05,5.7035E-05,4.5884E-05,6.4753E-05,5.3988E+02,1.8300E+05,5.5452E-05,5.7035E-05
2018-09-13 00:00:00+01:00,AEX,3.5347E-05,4.0005E-05,1.2426E-05,3.3828E-05,1.9695E-05,4.0005E-05,1.9695E-05,2.9471E-05,3.4196E-05,3.5895E-05,5.4035E+02,1.8300E+05,3.5347E-05,2.9471E-05
2018-09-14 00:00:00+01:00,AEX,2.9054E-05,2.7289E-05,9.7085E-06,2.6793E-05,1.3795E-05,2.7289E-05,1.3795E-05,2.5153E-05,2.7048E-05,1.7153E-05,5.4043E+02,1.8302E+05,2.9054E-05,2.5153E-05
2018-09-17 00:00:00+01:00,AEX,3.3546E-05,3.6620E-05,1.3517E-05,3.0631E-05,1.5481E-05,3.6620E-05,1.5481E-05,3.5383E-05,3.1028E-05,3.7754E-05,5.4036E+02,1.8300E+05,3.3546E-05,3.5383E-05
2018-09-18 00:00:00+01:00,AEX,3.5387E-05,5.3240E-05,1.8430E-05,3.1244E-05,1.4655E-05,5.3240E-05,1.4655E-05,3.5449E-05,3.1743E-05,3.8221E-05,5.4084E+02,1.8300E+05,3.5387E-05,3.5449E-05
2018-09-19 00:00:00+01:00,AEX,2.3710E-05,2.6356E-05,1.2353E-05,2.2366E-05,1.2820E-05,2.6356E-05,1.2820E-05,2.3679E-05,2.2707E-05,2.1561E-05,5.4343E+02,1.8300E+05,2.3710E-05,2.3679E-05
2018-09-20 00:00:00+01:00,AEX,1.8534E-05,2.0644E-05,1.1169E-05,2.2642E-05,6.4153E-06,2.0644E-05,6.4153E-06,1.7215E-05,2.2885E-05,1.6392E-05,5.4361E+02,1.8303E+05,1.8534E-05,1.7215E-05
2018-09-21 00:00:00+01:00,AEX,2.3923E-05,2.0742E-05,1.2043E-05,2.2898E-05,9.7196E-06,2.0742E-05,9.7196E-06,1.8308E-05,2.2856E-05,1.5880E-05,5.4902E+02,1.8303E+05,2.3923E-05,1.8308E-05
2018-09-24 00:00:00+01:00,AEX,1.9290E-05,1.8501E-05,7.1038E-06,2.1791E-05,1.2263E-05,1.8501E-05,1.2263E-05,1.8767E-05,2.2002E-05,1.3857E-05,5.4974E+02,1.8300E+05,1.9290E-05,1.8767E-05
2018-09-25 00:00:00+01:00,AEX,4.1761E-05,3.4967E-05,8.0221E-06,3.0131E-05,1.2522E-05,3.4967E-05,1.2522E-05,2.9843E-05,2.9344E-05,1.6706E-05,5.4951E+02,1.8303E+05,4.1761E-05,2.9843E-05
2017-12-07 00:00:00+00:00,AllOrdinary,1.0061E-05,1.1619E-05,3.7949E-06,8.2709E-06,2.6029E-06,1.1619E-05,2.6029E-06,9.8045E-06,8.3122E-06,1.7207E-05,6.0299E+03,1.6001E+05,1.0061E-05,9.8045E-06
2017-12-08 00:00:00+00:00,AllOrdinary,1.0258E-05,1.5671E-05,3.3485E-06,7.8827E-06,4.0989E-06,1.5671E-05,4.0989E-06,1.1354E-05,7.9831E-06,2.6976E-05,6.0608E+03,1.6001E+05,1.0258E-05,1.1354E-05
2017-12-11 00:00:00+00:00,AllOrdinary,1.1051E-05,1.5723E-05,3.1490E-06,7.8453E-06,3.8760E-06,1.5723E-05,3.8760E-06,9.8595E-06,8.0780E-06,6.6264E-06,6.0774E+03,1.6001E+05,1.1051E-05,9.8595E-06
2017-12-12 00:00:00+00:00,AllOrdinary,6.8994E-06,8.3942E-06,2.4086E-06,5.6591E-06,2.4448E-06,8.3942E-06,2.4448E-06,7.0764E-06,5.5230E-06,7.4429E-06,6.0819E+03,1.5594E+05,6.8994E-06,7.0764E-06
2017-12-13 00:00:00+00:00,AllOrdinary,1.2709E-05,1.2314E-05,2.6633E-06,9.4261E-06,4.9739E-06,1.2314E-05,4.9739E-06,1.2905E-05,9.4275E-06,6.7173E-06,6.0931E+03,1.5594E+05,1.2709E-05,1.2905E-05
2017-12-14 00:00:00+00:00,AllOrdinary,8.1299E-06,1.0103E-05,2.5072E-06,9.5057E-06,2.3773E-06,1.0103E-05,2.3773E-06,6.1030E-06,9.5049E-06,9.1889E-06,6.1031E+03,1.6001E+05,8.1299E-06,6.1030E-06
2017-12-15 00:00:00+00:00,AllOrdinary,1.0413E-05,1.3803E-05,3.3414E-06,9.1550E-06,5.8981E-06,1.3803E-05,5.8981E-06,9.7719E-06,9.3882E-06,8.1302E-06,6.0964E+03,1.5594E+05,1.0413E-05,9.7719E-06
2017-12-18 00:00:00+00:00,AllOrdinary,1.8220E-05,3.1357E-05,2.0503E-06,1.0694E-05,2.2889E-06,3.1357E-05,2.2889E-06,1.6992E-05,1.0737E-05,2.4456E-05,6.0871E+03,1.5594E+05,1.8220E-05,1.6992E-05
2017-12-19 00:00:00+00:00,AllOrdinary,1.1345E-05,1.7985E-05,1.2016E-06,6.5834E-06,1.0806E-06,1.7985E-05,1.0806E-06,1.0265E-05,6.2728E-06,1.8540E-05,6.1300E+03,1.6001E+05,1.1345E-05,1.0265E-05
2017-12-20 00:00:00+00:00,AllOrdinary,1.0267E-05,9.1611E-06,3.8719E-06,7.4716E-06,4.6289E-06,9.1611E-06,4.6289E-06,9.3584E-06,7.6934E-06,5.5991E-06,6.1632E+03,1.6001E+05,1.0267E-05,9.3584E-06
2017-12-21 00:00:00+00:00,AllOrdinary,5.7015E-06,6.7651E-06,1.7249E-06,8.5935E-06,4.0873E-06,6.7651E-06,4.0873E-06,5.3074E-06,8.4134E-06,9.4205E-06,6.1679E+03,1.6001E+05,5.7015E-06,5.3074E-06
2017-12-22 00:00:00+00:00,AllOrdinary,6.8063E-06,1.0259E-05,2.1694E-06,4.6937E-06,1.6512E-06,1.0259E-05,1.6512E-06,6.6567E-06,4.6757E-06,1.0030E-05,6.1563E+03,1.6001E+05,6.8063E-06,6.6567E-06
2017-12-27 00:00:00+00:00,AllOrdinary,9.0404E-06,1.1197E-05,2.6759E-06,1.0263E-05,3.8449E-06,1.1197E-05,3.8449E-06,9.0068E-06,1.0411E-05,1.0103E-05,6.1673E+03,1.5594E+05,9.0404E-06,9.0068E-06
2017-12-28 00:00:00+00:00,AllOrdinary,5.0475E-06,3.7814E-06,1.3149E-06,5.1496E-06,2.5104E-06,3.7814E-06,2.5104E-06,4.9253E-06,5.2028E-06,1.5255E-06,6.1697E+03,1.5594E+05,5.0475E-06,4.9253E-06
2017-12-29 00:00:00+00:00,AllOrdinary,1.4810E-05,1.1410E-05,5.2620E-06,1.1315E-05,1.0850E-05,1.1410E-05,1.0850E-05,1.1976E-05,1.1674E-05,1.9891E-05,6.1894E+03,1.6001E+05,1.4810E-05,1.1976E-05
2018-01-02 00:00:00+00:00,AllOrdinary,1.2042E-05,1.6214E-05,3.8849E-06,1.3968E-05,7.6137E-06,1.6214E-05,7.6137E-06,9.3976E-06,1.4273E-05,9.0045E-06,6.1673E+03,1.5594E+05,1.2042E-05,9.3976E-06
2018-01-03 00:00:00+00:00,AllOrdinary,1.1808E-05,1.0281E-05,2.1711E-06,1.0820E-05,3.8254E-06,1.0281E-05,3.8254E-06,5.9279E-06,1.1096E-05,3.7327E-06,6.1660E+03,1.6001E+05,1.1808E-05,5.9279E-06
2018-01-04 00:00:00+00:00,AllOrdinary,1.8232E-05,3.0740E-05,4.9901E-06,1.0721E-05,4.2102E-06,3.0740E-05,4.2102E-06,1.6093E-05,1.0867E-05,2.4890E-05,6.1753E+03,1.5594E+05,1.8232E-05,1.6093E-05
2018-01-05 00:00:00+00:00,AllOrdinary,1.3186E-05,1.9464E-05,1.2955E-06,9.3553E-06,1.6821E-06,1.9464E-05,1.6821E-06,1.2129E-05,9.7638E-06,2.3422E-05,6.1854E+03,1.6001E+05,1.3186E-05,1.2129E-05
2018-01-08 00:00:00+00:00,AllOrdinary,8.1001E-06,1.3153E-05,1.2877E-06,5.2756E-06,2.0950E-06,1.3153E-05,2.0950E-06,7.8650E-06,5.2569E-06,1.0052E-05,6.2297E+03,1.6001E+05,8.1001E-06,7.8650E-06
2018-01-09 00:00:00+00:00,AllOrdinary,7.4010E-06,9.9362E-06,2.0450E-06,5.7691E-06,2.5775E-06,9.9362E-06,2.5775E-06,6.8099E-06,5.6141E-06,8.8380E-06,6.2365E+03,1.6001E+05,7.4010E-06,6.8099E-06
2018-01-10 00:00:00+00:00,AllOrdinary,1.1681E-05,1.3433E-05,4.4648E-06,9.8332E-06,5.9501E-06,1.3433E-05,5.9501E-06,8.8779E-06,1.0204E-05,1.8629E-05,6.2415E+03,1.6001E+05,1.1681E-05,8.8779E-06
2018-01-11 00:00:00+00:00,AllOrdinary,9.7937E-06,1.3464E-05,5.2542E-06,8.3440E-06,7.0522E-06,1.3464E-05,7.0522E-06,1.0210E-05,8.5708E-06,2.0788E-05,6.2059E+03,1.6001E+05,9.7937E-06,1.0210E-05
2018-01-12 00:00:00+00:00,AllOrdinary,1.1602E-05,1.0906E-05,2.6702E-06,8.6059E-06,4.3013E-06,1.0906E-05,4.3013E-06,6.9771E-06,9.0892E-06,4.7506E-06,6.1762E+03,1.6001E+05,1.1602E-05,6.9771E-06
2018-01-15 00:00:00+00:00,AllOrdinary,1.9605E-05,3.3206E-05,2.0076E-06,1.1778E-05,3.3166E-06,3.3206E-05,3.3166E-06,1.8386E-05,1.1775E-05,3.0596E-05,6.1768E+03,1.6001E+05,1.9605E-05,1.8386E-05
2018-01-16 00:00:00+00:00,AllOrdinary,1.2204E-05,1.1725E-05,3.1506E-06,1.2078E-05,8.0305E-06,1.1725E-05,8.0305E-06,9.1097E-06,1.2353E-05,1.7780E-05,6.1877E+03,1.5594E+05,1.2204E-05,9.1097E-06
2018-01-17 00:00:00+00:00,AllOrdinary,1.6176E-05,2.0507E-05,2.5495E-06,9.9844E-06,1.4857E-05,2.0507E-05,1.4857E-05,6.3823E-06,1.0086E-05,1.9488E-05,6.1659E+03,1.6001E+05,1.6176E-05,6.3823E-06
2018-01-18 00:00:00+00:00,AllOrdinary,1.0659E-05,1.6923E-05,2.6286E-06,8.4807E-06,3.6771E-06,1.6923E-05,3.6771E-06,1.1217E-05,8.3556E-06,7.9330E-06,6.1343E+03,1.5594E+05,1.0659E-05,1.1217E-05
2018-01-19 00:00:00+00:00,AllOrdinary,7.4920E-06,9.8563E-06,6.5109E-06,4.8549E-06,3.3434E-06,9.8563E-06,3.3434E-06,7.2756E-06,5.0099E-06,5.2526E-06,6.1304E+03,1.1594E+05,7.4920E-06,7.2756E-06
2018-01-22 00:00:00+00:00,AllOrdinary,6.4940E-06,6.5424E-06,2.2975E-06,6.2918E-06,2.8822E-06,6.5424E-06,2.8822E-06,3.8680E-06,6.2942E-06,7.9471E-06,6.1193E+03,1.5594E+05,6.4940E-06,3.8680E-06
2018-01-23 00:00:00+00:00,AllOrdinary,1.7684E-05,3.0049E-05,3.3749E-06,1.0084E-05,1.9068E-06,3.0049E-05,1.9068E-06,1.7372E-05,9.7559E-06,2.7155E-05,6.1062E+03,1.5594E+05,1.7684E-05,1.7372E-05
2018-01-24 00:00:00+00:00,AllOrdinary,7.0460E-06,9.6954E-06,2.5139E-06,5.1939E-06,1.5107E-06,9.6954E-06,1.5107E-06,5.6927E-06,5.2458E-06,1.0188E-05,6.1507E+03,1.5594E+05,7.0460E-06,5.6927E-06
2018-01-25 00:00:00+00:00,AllOrdinary,8.0284E-06,9.2476E-06,2.1930E-06,6.9012E-06,5.5157E-06,9.2476E-06,5.5157E-06,6.6945E-06,7.1484E-06,1.3680E-05,6.1688E+03,1.6001E+05,8.0284E-06,6.6945E-06
2018-01-29 00:00:00+00:00,AllOrdinary,9.3371E-06,1.0255E-05,2.4097E-06,8.0938E-06,2.3374E-06,1.0255E-05,2.3374E-06,4.3552E-06,8.2383E-06,7.8269E-06,6.1647E+03,1.6001E+05,9.3371E-06,4.3552E-06
2018-01-30 00:00:00+00:00,AllOrdinary,2.3663E-05,3.4668E-05,7.5072E-06,1.6672E-05,1.8827E-05,3.4668E-05,1.8827E-05,1.9802E-05,1.7640E-05,4.9024E-05,6.1876E+03,1.6001E+05,2.3663E-05,1.9802E-05
2018-01-31 00:00:00+00:00,AllOrdinary,1.9202E-05,2.8119E-05,3.2857E-06,1.2457E-05,1.2024E-05,2.8119E-05,1.2024E-05,1.3916E-05,1.2724E-05,3.1450E-05,6.1353E+03,1.5594E+05,1.9202E-05,1.3916E-05
2018-02-01 00:00:00+00:00,AllOrdinary,1.5839E-05,2.7440E-05,2.4120E-06,1.0158E-05,1.1542E-06,2.7440E-05,1.1542E-06,1.3532E-05,1.0376E-05,3.5070E-05,6.1465E+03,1.5594E+05,1.5839E-05,1.3532E-05
2018-02-02 00:00:00+00:00,AllOrdinary,7.9818E-06,1.0151E-05,5.0693E-06,7.2871E-06,2.7184E-06,1.0151E-05,2.7184E-06,8.1854E-06,7.4237E-06,1.4708E-05,6.1988E+03,1.5594E+05,7.9818E-06,8.1854E-06
2018-02-05 00:00:00+00:00,AllOrdinary,1.1730E-04,2.2463E-04,6.2495E-06,5.8454E-05,1.1140E-04,2.2463E-04,1.1140E-04,9.6839E-05,5.9485E-05,2.0305E-04,6.2298E+03,1.5594E+05,1.1730E-04,9.6839E-05
2018-02-06 00:00:00+00:00,AllOrdinary,4.0578E-04,7.7078E-04,2.5699E-05,2.0750E-04,3.8203E-04,7.7078E-04,3.8203E-04,3.5214E-04,2.1214E-04,8.3244E-04,6.1284E+03,1.6001E+05,4.0578E-04,3.5214E-04
2018-02-07 00:00:00+00:00,AllOrdinary,1.6998E-04,2.6805E-04,2.1522E-05,8.7769E-05,2.4403E-05,2.6805E-04,2.4403E-05,1.2812E-04,9.2118E-05,2.2505E-04,5.9302E+03,1.6001E+05,1.6998E-04,1.2812E-04
2018-02-08 00:00:00+00:00,AllOrdinary,4.8563E-05,6.4368E-05,1.3897E-05,4.0469E-05,2.8456E-05,6.4368E-05,2.8456E-05,4.3919E-05,4.0698E-05,2.8895E-05,5.9815E+03,1.5594E+05,4.8563E-05,4.3919E-05
2018-02-09 00:00:00+00:00,AllOrdinary,1.8731E-04,3.2387E-04,3.1907E-05,9.7949E-05,1.6573E-04,3.2387E-04,1.6573E-04,1.6189E-04,1.0089E-04,3.0978E-04,5.9952E+03,1.5594E+05,1.8731E-04,1.6189E-04
2018-02-12 00:00:00+00:00,AllOrdinary,3.4366E-05,3.5170E-05,2.2880E-05,2.7407E-05,2.1101E-05,3.5170E-05,2.1101E-05,3.7252E-05,2.8043E-05,3.5772E-05,5.9375E+03,1.6001E+05,3.4366E-05,3.7252E-05
2018-02-13 00:00:00+00:00,AllOrdinary,2.3582E-05,2.8955E-05,8.0625E-06,2.0581E-05,6.3128E-06,2.8955E-05,6.3128E-06,1.6009E-05,2.1110E-05,1.5801E-05,5.9197E+03,1.5594E+05,2.3582E-05,1.6009E-05
2018-02-14 00:00:00+00:00,AllOrdinary,1.2797E-05,1.2621E-05,7.4097E-06,1.5118E-05,7.0359E-06,1.2621E-05,7.0359E-06,1.3432E-05,1.5257E-05,1.2873E-05,5.9570E+03,1.6001E+05,1.2797E-05,1.3432E-05
2018-02-15 00:00:00+00:00,AllOrdinary,4.5293E-05,7.8571E-05,4.5734E-06,3.2221E-05,4.2200E-06,7.8571E-05,4.2200E-06,3.7898E-05,3.3711E-05,7.2347E-05,5.9400E+03,1.6001E+05,4.5293E-05,3.7898E-05
2018-02-16 00:00:00+00:00,AllOrdinary,1.7818E-05,1.8136E-05,3.4105E-06,1.4229E-05,7.4060E-06,1.8136E-05,7.4060E-06,1.4127E-05,1.4524E-05,1.6785E-05,6.0087E+03,1.5594E+05,1.7818E-05,1.4127E-05
2018-02-19 00:00:00+00:00,AllOrdinary,1.2875E-05,1.1998E-05,7.5630E-06,1.5885E-05,3.1765E-06,1.1998E-05,3.1765E-06,1.3464E-05,1.5882E-05,2.4296E-05,6.0051E+03,1.5594E+05,1.2875E-05,1.3464E-05
2018-02-20 00:00:00+00:00,AllOrdinary,1.5255E-05,1.7315E-05,5.1350E-06,1.5541E-05,8.5228E-06,1.7315E-05,8.5228E-06,1.3162E-05,1.5576E-05,1.7962E-05,6.0440E+03,1.5594E+05,1.5255E-05,1.3162E-05
2018-02-21 00:00:00+00:00,AllOrdinary,1.4010E-05,1.4550E-05,4.5113E-06,1.4650E-05,9.6184E-06,1.4550E-05,9.6184E-06,7.3973E-06,1.4776E-05,7.3171E-06,6.0456E+03,1.6001E+05,1.4010E-05,7.3973E-06
2018-02-22 00:00:00+00:00,AllOrdinary,2.0336E-05,1.9028E-05,9.8962E-06,1.5659E-05,8.7643E-06,1.9028E-05,8.7643E-06,1.9921E-05,1.5954E-05,2.5908E-05,6.0473E+03,1.5594E+05,2.0336E-05,1.9921E-05
2018-02-23 00:00:00+00:00,AllOrdinary,2.9721E-05,4.7342E-05,6.0634E-06,1.7911E-05,7.0371E-06,4.7342E-05,7.0371E-06,3.0953E-05,1.6791E-05,2.2692E-05,6.0577E+03,1.5594E+05,2.9721E-05,3.0953E-05
2018-02-26 00:00:00+00:00,AllOrdinary,2.2929E-05,3.9535E-05,1.9681E-06,1.3016E-05,2.8932E-06,3.9535E-05,2.8932E-06,1.9390E-05,1.2760E-05,3.4781E-05,6.1052E+03,1.6001E+05,2.2929E-05,1.9390E-05
2018-02-27 00:00:00+00:00,AllOrdinary,1.8818E-05,3.2216E-05,2.9616E-06,1.1278E-05,3.3550E-06,3.2216E-05,3.3550E-06,1.6300E-05,1.0969E-05,3.1043E-05,6.1461E+03,1.5594E+05,1.8818E-05,1.6300E-05
2018-02-28 00:00:00+00:00,AllOrdinary,1.6281E-05,2.2357E-05,5.3287E-06,1.2565E-05,1.2456E-05,2.2357E-05,1.2456E-05,1.6373E-05,1.3034E-05,2.1207E-05,6.1593E+03,1.5594E+05,1.6281E-05,1.6373E-05
2018-03-01 00:00:00+00:00,AllOrdinary,2.9685E-05,5.0675E-05,5.5898E-06,1.8994E-05,2.4627E-05,5.0675E-05,2.4627E-05,3.1204E-05,1.9982E-05,5.2381E-05,6.1173E+03,1.5594E+05,2.9685E-05,3.1204E-05
2018-03-02 00:00:00+00:00,AllOrdinary,2.7380E-05,4.4592E-05,8.8198E-06,1.7962E-05,1.9990E-05,4.4592E-05,1.9990E-05,2.6301E-05,1.8353E-05,6.4691E-05,6.0757E+03,1.5594E+05,2.7380E-05,2.6301E-05
2018-03-05 00:00:00+00:00,AllOrdinary,1.2380E-05,1.2578E-05,1.0585E-05,1.2031E-05,7.8966E-06,1.2578E-05,7.8966E-06,1.3405E-05,1.2431E-05,1.3269E-05,6.0284E+03,1.5594E+05,1.2380E-05,1.3405E-05
2018-03-06 00:00:00+00:00,AllOrdinary,5.9479E-05,1.0419E-04,8.5221E-06,2.6414E-05,5.4583E-06,1.0419E-04,5.4583E-06,5.1667E-05,2.7505E-05,1.0153E-04,5.9964E+03,1.6001E+05,5.9479E-05,5.1667E-05
2018-03-07 00:00:00+00:00,AllOrdinary,4.5502E-05,5.8257E-05,1.1868E-05,2.5261E-05,3.6650E-05,5.8257E-05,3.6650E-05,3.5889E-05,2.6986E-05,4.8110E-05,6.0615E+03,1.5594E+05,4.5502E-05,3.5889E-05
2018-03-08 00:00:00+00:00,AllOrdinary,1.6162E-05,1.9744E-05,7.1714E-06,1.4786E-05,3.9974E-06,1.9744E-05,3.9974E-06,1.4085E-05,1.5173E-05,2.1813E-05,6.0054E+03,1.5594E+05,1.6162E-05,1.4085E-05
2018-03-09 00:00:00+00:00,AllOrdinary,1.1891E-05,1.2888E-05,7.0825E-06,1.1852E-05,5.8236E-06,1.2888E-05,5.8236E-06,1.1129E-05,1.2094E-05,1.3681E-05,6.0466E+03,1.6001E+05,1.1891E-05,1.1129E-05
2018-03-12 00:00:00+00:00,AllOrdinary,5.2568E-05,9.1589E-05,5.7499E-06,2.6409E-05,7.1623E-06,9.1589E-05,7.1623E-06,4.3176E-05,2.7225E-05,5.6732E-05,6.0764E+03,1.6001E+05,5.2568E-05,4.3176E-05
2018-03-13 00:00:00+00:00,AllOrdinary,1.4493E-05,1.5642E-05,3.1660E-06,1.3463E-05,1.0454E-05,1.5642E-05,1.0454E-05,8.7409E-06,1.3704E-05,2.8694E-05,6.1014E+03,1.5594E+05,1.4493E-05,8.7409E-06
2018-03-14 00:00:00+00:00,AllOrdinary,2.6751E-05,4.8326E-05,2.8058E-06,1.6046E-05,2.3097E-05,4.8326E-05,2.3097E-05,2.6406E-05,1.6782E-05,5.7445E-05,6.0771E+03,1.6001E+05,2.6751E-05,2.6406E-05
2018-03-15 00:00:00+00:00,AllOrdinary,3.0926E-05,3.4872E-05,7.0587E-06,2.2838E-05,1.7759E-05,3.4872E-05,1.7759E-05,3.0074E-05,2.3753E-05,1.4860E-05,6.0426E+03,1.6001E+05,3.0926E-05,3.0074E-05
2018-03-16 00:00:00+00:00,AllOrdinary,1.8174E-05,2.5601E-05,5.6283E-06,1.5492E-05,4.8654E-06,2.5601E-05,4.8654E-06,1.9053E-05,1.5900E-05,2.9788E-05,6.0276E+03,1.6001E+05,1.8174E-05,1.9053E-05
2018-03-19 00:00:00+00:00,AllOrdinary,3.3354E-05,4.1382E-05,1.0021E-05,1.8079E-05,1.2107E-05,4.1382E-05,1.2107E-05,3.3246E-05,1.8857E-05,3.3978E-05,6.0549E+03,1.5594E+05,3.3354E-05,3.3246E-05
2018-03-20 00:00:00+00:00,AllOrdinary,2.0162E-05,3.0459E-05,3.5097E-06,1.4216E-05,1.5783E-05,3.0459E-05,1.5783E-05,1.8284E-05,1.5110E-05,4.2680E-05,6.0647E+03,1.5594E+05,2.0162E-05,1.8284E-05
2018-03-21 00:00:00+00:00,AllOrdinary,1.2857E-05,2.2088E-05,1.8617E-06,1.0185E-05,2.9116E-06,2.2088E-05,2.9116E-06,1.0196E-05,1.0227E-05,2.0510E-05,6.0408E+03,1.6001E+05,1.2857E-05,1.0196E-05
2018-03-22 00:00:00+00:00,AllOrdinary,2.4133E-05,3.0077E-05,4.8663E-06,2.3453E-05,1.7941E-05,3.0077E-05,1.7941E-05,1.7874E-05,2.4665E-05,5.7327E-05,6.0531E+03,1.5594E+05,2.4133E-05,1.7874E-05
2018-03-23 00:00:00+00:00,AllOrdinary,1.1897E-04,2.2603E-04,5.1729E-06,5.4456E-05,1.1556E-04,2.2603E-04,1.1556E-04,9.3386E-05,5.6631E-05,2.6958E-04,6.0432E+03,1.5594E+05,1.1897E-04,9.3386E-05
2018-03-26 00:00:00+01:00,AllOrdinary,4.4368E-05,6.8366E-05,8.6657E-06,3.2321E-05,3.6116E-05,6.8366E-05,3.6116E-05,4.0318E-05,3.3349E-05,5.7245E-05,5.9290E+03,1.6594E+05,4.4368E-05,4.0318E-05
2018-03-27 00:00:00+01:00,AllOrdinary,3.1414E-05,5.1116E-05,3.6134E-06,1.8285E-05,3.2293E-06,5.1116E-05,3.2293E-06,2.4580E-05,1.8498E-05,3.5833E-05,5.9014E+03,1.7001E+05,3.1414E-05,2.4580E-05
2018-03-28 00:00:00+01:00,AllOrdinary,2.6765E-05,4.2471E-05,6.0252E-06,1.3988E-05,2.1945E-05,4.2471E-05,2.1945E-05,2.5343E-05,1.4064E-05,5.7510E-05,5.9437E+03,1.7001E+05,2.6765E-05,2.5343E-05
2018-03-29 00:00:00+01:00,AllOrdinary,1.9785E-05,1.7544E-05,7.5649E-06,1.8268E-05,1.3209E-05,1.7544E-05,1.3209E-05,1.9050E-05,1.8604E-05,2.2355E-05,5.8992E+03,1.6594E+05,1.9785E-05,1.9050E-05
2018-04-03 00:00:00+01:00,AllOrdinary,3.0700E-05,4.9657E-05,9.3158E-06,2.4603E-05,2.2356E-05,4.9657E-05,2.2356E-05,2.9531E-05,2.3964E-05,4.0567E-05,5.8689E+03,1.6594E+05,3.0700E-05,2.9531E-05
2018-04-04 00:00:00+01:00,AllOrdinary,1.8253E-05,1.7492E-05,1.7385E-05,2.1053E-05,9.5974E-06,1.7492E-05,9.5974E-06,2.2550E-05,2.1384E-05,1.2875E-05,5.8591E+03,1.7001E+05,1.8253E-05,2.2550E-05
2018-04-05 00:00:00+01:00,AllOrdinary,1.8815E-05,1.5749E-05,8.0493E-06,1.3914E-05,5.3164E-06,1.5749E-05,5.3164E-06,1.7080E-05,1.4155E-05,1.8210E-05,5.8637E+03,1.6594E+05,1.8815E-05,1.7080E-05
2018-04-06 00:00:00+01:00,AllOrdinary,1.6493E-05,1.8086E-05,4.4909E-06,1.5424E-05,1.0678E-05,1.8086E-05,1.0678E-05,1.2281E-05,1.5928E-05,1.7823E-05,5.8880E+03,1.6594E+05,1.6493E-05,1.2281E-05
2018-04-09 00:00:00+01:00,AllOrdinary,1.6396E-05,2.2147E-05,5.7440E-06,1.2659E-05,5.7446E-06,2.2147E-05,5.7446E-06,1.5192E-05,1.2915E-05,2.3972E-05,5.8869E+03,1.7001E+05,1.6396E-05,1.5192E-05
2018-04-10 00:00:00+01:00,AllOrdinary,2.3296E-05,2.9719E-05,9.2657E-06,1.9211E-05,1.0679E-05,2.9719E-05,1.0679E-05,2.1087E-05,1.9768E-05,3.1213E-05,5.9047E+03,1.6594E+05,2.3296E-05,2.1087E-05
2018-04-11 00:00:00+01:00,AllOrdinary,2.6387E-05,2.0674E-05,3.3162E-06,2.0536E-05,2.2477E-05,2.0674E-05,2.2477E-05,1.8492E-05,2.0717E-05,6.6342E-06,5.9518E+03,1.6594E+05,2.6387E-05,1.8492E-05
2018-04-12 00:00:00+01:00,AllOrdinary,3.3200E-05,2.8535E-05,9.8241E-06,2.3006E-05,2.3666E-05,2.8535E-05,2.3666E-05,2.5663E-05,2.4250E-05,2.5122E-05,5.9258E+03,1.6594E+05,3.3200E-05,2.5663E-05
2018-04-13 00:00:00+01:00,AllOrdinary,1.1451E-05,1.4770E-05,3.5132E-06,8.7044E-06,3.6629E-06,1.4770E-05,3.6629E-06,8.5620E-06,8.8052E-06,1.0564E-05,5.9114E+03,1.7001E+05,1.1451E-05,8.5620E-06
2018-04-16 00:00:00+01:00,AllOrdinary,1.8389E-05,2.0985E-05,6.9542E-06,1.2788E-05,5.0785E-06,2.0985E-05,5.0785E-06,1.4381E-05,1.3349E-05,2.5010E-05,5.9247E+03,1.7001E+05,1.8389E-05,1.4381E-05
2018-04-17 00:00:00+01:00,AllOrdinary,1.6896E-05,2.4430E-05,4.8697E-06,1.1728E-05,4.3580E-06,2.4430E-05,4.3580E-06,1.3062E-05,1.2090E-05,2.8971E-05,5.9330E+03,1.7001E+05,1.6896E-05,1.3062E-05
2018-04-18 00:00:00+01:00,AllOrdinary,1.0309E-05,1.3782E-05,3.8220E-06,6.3877E-06,2.6042E-06,1.3782E-05,2.6042E-06,1.0098E-05,6.3796E-06,9.2017E-06,5.9343E+03,1.7001E+05,1.0309E-05,1.0098E-05
2018-04-19 00:00:00+01:00,AllOrdinary,3.5369E-05,5.5756E-05,4.4901E-06,1.8643E-05,6.0961E-06,5.5756E-05,6.0961E-06,2.8833E-05,1.8706E-05,3.2960E-05,5.9563E+03,1.7001E+05,3.5369E-05,2.8833E-05
2018-04-20 00:00:00+01:00,AllOrdinary,1.1245E-05,1.4334E-05,3.7150E-06,1.0993E-05,7.3382E-06,1.4334E-05,7.3382E-06,9.7157E-06,1.1371E-05,1.3905E-05,5.9764E+03,1.6594E+05,1.1245E-05,9.7157E-06
2018-04-23 00:00:00+01:00,AllOrdinary,1.6418E-05,1.8784E-05,7.9508E-06,1.3764E-05,5.7066E-06,1.8784E-05,5.7066E-06,1.6168E-05,1.4166E-05,1.3911E-05,5.9644E+03,1.6594E+05,1.6418E-05,1.6168E-05
2018-04-24 00:00:00+01:00,AllOrdinary,8.6947E-06,1.1120E-05,3.4394E-06,1.1998E-05,2.1082E-06,1.1120E-05,2.1082E-06,7.6326E-06,1.2088E-05,1.4468E-05,5.9760E+03,1.7001E+05,8.6947E-06,7.6326E-06
2018-04-26 00:00:00+01:00,AllOrdinary,9.7662E-06,8.1678E-06,2.9290E-06,1.0291E-05,4.5354E-06,8.1678E-06,4.5354E-06,8.6762E-06,1.0311E-05,1.1409E-05,6.0092E+03,1.7001E+05,9.7662E-06,8.6762E-06
2018-04-27 00:00:00+01:00,AllOrdinary,2.0908E-05,3.2824E-05,6.4835E-06,1.3973E-05,3.1011E-06,3.2824E-05,3.1011E-06,2.0115E-05,1.4042E-05,3.3229E-05,6.0030E+03,1.7001E+05,2.0908E-05,2.0115E-05
2018-04-30 00:00:00+01:00,AllOrdinary,1.5846E-05,1.4137E-05,3.6884E-06,1.5854E-05,4.4515E-06,1.4137E-05,4.4515E-06,1.4758E-05,1.6350E-05,1.5381E-05,6.0429E+03,1.6594E+05,1.5846E-05,1.4758E-05
2018-05-01 00:00:00+01:00,AllOrdinary,1.3444E-05,1.1881E-05,5.0104E-06,1.4594E-05,4.2338E-06,1.1881E-05,4.2338E-06,1.4789E-05,1.4899E-05,1.4069E-05,6.0716E+03,1.6594E+05,1.3444E-05,1.4789E-05
2018-05-02 00:00:00+01:00,AllOrdinary,1.0119E-05,9.9502E-06,4.8360E-06,1.5559E-05,2.0857E-06,9.9502E-06,2.0857E-06,7.9217E-06,1.5453E-05,1.6490E-05,6.1000E+03,1.7001E+05,1.0119E-05,7.9217E-06
2018-05-03 00:00:00+01:00,AllOrdinary,3.6361E-05,5.6373E-05,6.2970E-06,2.5749E-05,5.3517E-06,5.6373E-05,5.3517E-06,2.7165E-05,2.5954E-05,4.1554E-05,6.1367E+03,1.7001E+05,3.6361E-05,2.7165E-05
2018-05-04 00:00:00+01:00,AllOrdinary,1.1827E-05,1.3081E-05,6.8991E-06,1.2719E-05,7.3385E-06,1.3081E-05,7.3385E-06,1.2746E-05,1.2604E-05,1.8759E-05,6.1870E+03,1.7001E+05,1.1827E-05,1.2746E-05
2018-05-07 00:00:00+01:00,AllOrdinary,3.3886E-05,5.0188E-05,6.1563E-06,2.3531E-05,6.2322E-06,5.0188E-05,6.2322E-06,2.7486E-05,2.3006E-05,4.8216E-05,6.1554E+03,1.7001E+05,3.3886E-05,2.7486E-05
2018-05-08 00:00:00+01:00,AllOrdinary,1.4224E-05,2.0958E-05,2.2406E-06,9.7858E-06,4.8162E-06,2.0958E-05,4.8162E-06,1.4431E-05,9.5465E-06,1.3776E-05,6.1756E+03,1.6594E+05,1.4224E-05,1.4431E-05
2018-05-09 00:00:00+01:00,AllOrdinary,1.8882E-05,1.1465E-05,3.5235E-06,1.6593E-05,4.4070E-06,1.1465E-05,4.4070E-06,1.7894E-05,1.6942E-05,1.6886E-05,6.1832E+03,1.7001E+05,1.8882E-05,1.7894E-05
2018-05-10 00:00:00+01:00,AllOrdinary,2.3647E-05,4.0141E-05,3.1946E-06,1.3717E-05,4.9519E-06,4.0141E-05,4.9519E-06,2.3443E-05,1.4207E-05,1.7745E-05,6.2044E+03,1.7001E+05,2.3647E-05,2.3443E-05
2018-05-11 00:00:00+01:00,AllOrdinary,9.3975E-06,1.2713E-05,3.0093E-06,8.0866E-06,2.8664E-06,1.2713E-05,2.8664E-06,6.5399E-06,8.1913E-06,1.2572E-05,6.2159E+03,1.7001E+05,9.3975E-06,6.5399E-06
2018-05-14 00:00:00+01:00,AllOrdinary,7.4684E-06,6.9625E-06,2.1319E-06,6.6060E-06,2.5270E-06,6.9625E-06,2.5270E-06,6.7882E-06,6.6400E-06,2.5197E-06,6.2164E+03,1.6594E+05,7.4684E-06,6.7882E-06
2018-05-15 00:00:00+01:00,AllOrdinary,1.4092E-05,6.8734E-06,3.0250E-06,1.0684E-05,9.3029E-06,6.8734E-06,9.3029E-06,1.3266E-05,1.0832E-05,9.9449E-06,6.2350E+03,1.7001E+05,1.4092E-05,1.3266E-05
2018-05-16 00:00:00+01:00,AllOrdinary,6.3707E-06,5.6341E-06,2.5622E-06,6.0386E-06,1.9878E-06,5.6341E-06,1.9878E-06,6.8188E-06,6.0120E-06,9.4181E-06,6.1987E+03,1.6594E+05,6.3707E-06,6.8188E-06
2018-05-17 00:00:00+01:00,AllOrdinary,1.0278E-05,5.5827E-06,3.8505E-06,6.7737E-06,6.8729E-06,5.5827E-06,6.8729E-06,1.0329E-05,6.7964E-06,1.2857E-05,6.2081E+03,1.1594E+05,1.0278E-05,1.0329E-05
2018-05-18 00:00:00+01:00,AllOrdinary,1.0594E-05,1.3576E-05,3.2294E-06,1.0126E-05,4.0982E-06,1.3576E-05,4.0982E-06,8.4412E-06,1.0303E-05,6.3481E-06,6.1972E+03,1.7001E+05,1.0594E-05,8.4412E-06
2018-05-21 00:00:00+01:00,AllOrdinary,3.2609E-06,3.8814E-06,1.6124E-06,3.2861E-06,1.7914E-06,3.8814E-06,1.7914E-06,3.1753E-06,3.2922E-06,2.9340E-06,6.1923E+03,1.7360E+05,3.2609E-06,3.1753E-06
2018-05-22 00:00:00+01:00,AllOrdinary,1.2002E-05,1.6238E-05,3.2640E-06,9.1247E-06,1.0037E-05,1.6238E-05,1.0037E-05,9.9083E-06,9.4975E-06,3.0234E-05,6.1902E+03,1.6594E+05,1.2002E-05,9.9083E-06
2018-05-23 00:00:00+01:00,AllOrdinary,1.2443E-05,1.0312E-05,8.9508E-06,1.1047E-05,5.1668E-06,1.0312E-05,5.1668E-06,1.4391E-05,1.1166E-05,1.3355E-05,6.1499E+03,1.6594E+05,1.2443E-05,1.4391E-05
2018-05-24 00:00:00+01:00,AllOrdinary,1.7874E-05,2.6006E-05,4.2548E-06,1.4628E-05,1.1499E-05,2.6006E-05,1.1499E-05,1.5310E-05,1.5292E-05,1.3084E-05,6.1403E+03,1.6594E+05,1.7874E-05,1.5310E-05
2018-05-25 00:00:00+01:00,AllOrdinary,1.4005E-05,1.6637E-05,2.9964E-06,9.5282E-06,8.1924E-06,1.6637E-05,8.1924E-06,1.6157E-05,9.7831E-06,9.6686E-06,6.1441E+03,1.7001E+05,1.4005E-05,1.6157E-05
2018-05-28 00:00:00+01:00,AllOrdinary,1.2031E-05,1.2199E-05,4.5225E-06,1.0623E-05,9.4511E-06,1.2199E-05,9.4511E-06,9.7456E-06,1.0649E-05,1.6778E-05,6.1410E+03,1.6594E+05,1.2031E-05,9.7456E-06
2018-05-29 00:00:00+01:00,AllOrdinary,7.5880E-06,8.1507E-06,2.7267E-06,8.2695E-06,3.1137E-06,8.1507E-06,3.1137E-06,7.6366E-06,8.3605E-06,7.2574E-06,6.1136E+03,1.7001E+05,7.5880E-06,7.6366E-06
2018-05-30 00:00:00+01:00,AllOrdinary,3.4268E-05,6.0246E-05,2.9529E-06,1.9604E-05,3.0560E-05,6.0246E-05,3.0560E-05,3.0076E-05,1.9525E-05,5.6841E-05,6.1217E+03,1.7001E+05,3.4268E-05,3.0076E-05
2018-05-31 00:00:00+01:00,AllOrdinary,2.4797E-05,4.3105E-05,1.9769E-06,1.4988E-05,3.0485E-06,4.3105E-05,3.0485E-06,2.2907E-05,1.4896E-05,2.8658E-05,6.0938E+03,1.7001E+05,2.4797E-05,2.2907E-05
2018-06-01 00:00:00+01:00,AllOrdinary,2.3649E-05,3.0697E-05,6.4599E-06,1.5954E-05,1.6090E-05,3.0697E-05,1.6090E-05,1.9026E-05,1.6532E-05,2.9997E-05,6.1235E+03,1.6594E+05,2.3649E-05,1.9026E-05
2018-06-04 00:00:00+01:00,AllOrdinary,2.6949E-05,4.2160E-05,2.9965E-06,1.6591E-05,2.3348E-06,4.2160E-05,2.3348E-06,1.8467E-05,1.6577E-05,3.5240E-05,6.1040E+03,1.7001E+05,2.6949E-05,1.8467E-05
2018-06-05 00:00:00+01:00,AllOrdinary,1.8691E-05,3.2130E-05,3.6181E-06,1.3093E-05,1.4482E-05,3.2130E-05,1.4482E-05,1.6901E-05,1.3561E-05,3.9602E-05,6.1386E+03,1.6594E+05,1.8691E-05,1.6901E-05
2018-06-06 00:00:00+01:00,AllOrdinary,1.2882E-05,1.5475E-05,4.5895E-06,9.1489E-06,3.0870E-06,1.5475E-05,3.0870E-06,1.2232E-05,9.3848E-06,2.0006E-05,6.1085E+03,1.7001E+05,1.2882E-05,1.2232E-05
2018-06-07 00:00:00+01:00,AllOrdinary,1.0744E-05,1.0664E-05,3.1839E-06,8.3173E-06,1.7426E-06,1.0664E-05,1.7426E-06,6.5690E-06,8.5608E-06,2.5635E-05,6.1374E+03,1.7001E+05,1.0744E-05,6.5690E-06
2018-06-08 00:00:00+01:00,AllOrdinary,4.1208E-06,6.0309E-06,9.1861E-07,4.9302E-06,2.1173E-06,6.0309E-06,2.1173E-06,3.8484E-06,4.8306E-06,5.7577E-06,6.1694E+03,1.6594E+05,4.1208E-06,3.8484E-06
2018-06-12 00:00:00+01:00,AllOrdinary,1.1016E-05,1.1069E-05,5.2653E-06,1.1177E-05,5.1053E-06,1.1069E-05,5.1053E-06,1.1296E-05,1.1286E-05,5.0133E-06,6.1568E+03,1.6594E+05,1.1016E-05,1.1296E-05
2018-06-13 00:00:00+01:00,AllOrdinary,1.5322E-05,2.0921E-05,6.1136E-06,1.4154E-05,9.2267E-06,2.0921E-05,9.2267E-06,1.6273E-05,1.4592E-05,1.6505E-05,6.1648E+03,1.6594E+05,1.5322E-05,1.6273E-05
2018-06-14 00:00:00+01:00,AllOrdinary,8.3284E-06,1.2031E-05,3.1020E-06,7.2443E-06,4.7040E-06,1.2031E-05,4.7040E-06,9.4625E-06,7.2966E-06,8.9371E-06,6.1331E+03,1.6594E+05,8.3284E-06,9.4625E-06
2018-06-15 00:00:00+01:00,AllOrdinary,3.0157E-05,5.2711E-05,5.4836E-06,1.7426E-05,2.0048E-06,5.2711E-05,2.0048E-06,2.6758E-05,1.7862E-05,7.5014E-05,6.1296E+03,1.7001E+05,3.0157E-05,2.6758E-05
2018-06-18 00:00:00+01:00,AllOrdinary,1.6966E-05,1.2712E-05,6.5058E-06,1.4629E-05,8.3169E-06,1.2712E-05,8.3169E-06,1.7513E-05,1.4968E-05,8.3480E-06,6.2053E+03,1.7001E+05,1.6966E-05,1.7513E-05
2018-06-19 00:00:00+01:00,AllOrdinary,2.9361E-05,4.4263E-05,1.0900E-05,1.7278E-05,8.8257E-06,4.4263E-05,8.8257E-06,2.8060E-05,1.8364E-05,3.0244E-05,6.2128E+03,1.6594E+05,2.9361E-05,2.8060E-05
2018-06-20 00:00:00+01:00,AllOrdinary,4.0967E-05,7.1773E-05,5.1209E-06,2.5409E-05,4.3813E-06,7.1773E-05,4.3813E-06,4.1896E-05,2.6555E-05,4.5457E-05,6.2089E+03,1.7001E+05,4.0967E-05,4.1896E-05
2018-06-21 00:00:00+01:00,AllOrdinary,3.8502E-05,5.2016E-05,7.2123E-06,3.1805E-05,5.0885E-06,5.2016E-05,5.0885E-06,2.8803E-05,3.1808E-05,5.8596E-05,6.2746E+03,1.7001E+05,3.8502E-05,2.8803E-05
2018-06-22 00:00:00+01:00,AllOrdinary,1.3692E-05,1.0389E-05,4.8923E-06,1.3716E-05,7.2368E-06,1.0389E-05,7.2368E-06,1.0636E-05,1.3931E-05,6.2355E-06,6.3329E+03,1.6594E+05,1.3692E-05,1.0636E-05
2018-06-25 00:00:00+01:00,AllOrdinary,1.8909E-05,2.1522E-05,4.9074E-06,1.4586E-05,7.1542E-06,2.1522E-05,7.1542E-06,1.1458E-05,1.4796E-05,7.9945E-06,6.3225E+03,1.7001E+05,1.8909E-05,1.1458E-05
2018-06-26 00:00:00+01:00,AllOrdinary,4.4158E-05,6.9366E-05,6.7716E-06,2.7651E-05,3.5468E-05,6.9366E-05,3.5468E-05,3.8222E-05,2.7867E-05,4.4340E-05,6.3087E+03,1.7001E+05,4.4158E-05,3.8222E-05
2018-06-27 00:00:00+01:00,AllOrdinary,1.4284E-05,1.1030E-05,7.1775E-06,1.5444E-05,7.0616E-06,1.1030E-05,7.0616E-06,1.5967E-05,1.5473E-05,8.8842E-06,6.2921E+03,1.7001E+05,1.4284E-05,1.5967E-05
2018-06-28 00:00:00+01:00,AllOrdinary,1.4685E-05,1.3186E-05,4.8168E-06,1.3565E-05,7.9403E-06,1.3186E-05,7.9403E-06,1.5049E-05,1.3784E-05,8.8317E-06,6.2905E+03,1.7001E+05,1.4685E-05,1.5049E-05
2018-06-29 00:00:00+01:00,AllOrdinary,1.6804E-05,1.4383E-05,6.0456E-06,1.4105E-05,6.5893E-06,1.4383E-05,6.5893E-06,1.1553E-05,1.4314E-05,1.0941E-05,6.3058E+03,1.6594E+05,1.6804E-05,1.1553E-05
2018-07-02 00:00:00+01:00,AllOrdinary,2.0424E-05,1.7286E-05,1.4269E-05,1.8643E-05,8.1588E-06,1.7286E-05,8.1588E-06,2.0747E-05,1.8612E-05,1.4481E-05,6.2897E+03,1.7001E+05,2.0424E-05,2.0747E-05
2018-07-03 00:00:00+01:00,AllOrdinary,1.2112E-05,1.7204E-05,7.4388E-06,1.4485E-05,4.1402E-06,1.7204E-05,4.1402E-06,1.2127E-05,1.4835E-05,1.0195E-05,6.2733E+03,1.6594E+05,1.2112E-05,1.2127E-05
2018-07-04 00:00:00+01:00,AllOrdinary,8.9290E-06,7.6498E-06,3.7387E-06,1.0412E-05,5.8741E-06,7.6498E-06,5.8741E-06,9.9956E-06,1.0429E-05,1.3487E-05,6.3028E+03,1.7001E+05,8.9290E-06,9.9956E-06
2018-07-05 00:00:00+01:00,AllOrdinary,1.4089E-05,1.6009E-05,2.5821E-06,1.4847E-05,3.3923E-06,1.6009E-05,3.3923E-06,8.5409E-06,1.4846E-05,1.9941E-05,6.2737E+03,1.7001E+05,1.4089E-05,8.5409E-06
2018-07-06 00:00:00+01:00,AllOrdinary,1.4701E-05,1.7482E-05,7.9774E-06,1.1171E-05,3.2840E-06,1.7482E-05,3.2840E-06,1.2772E-05,1.1015E-05,1.5095E-05,6.3029E+03,1.7001E+05,1.4701E-05,1.2772E-05
2018-07-09 00:00:00+01:00,AllOrdinary,8.5545E-06,1.1532E-05,5.3097E-06,7.1065E-06,3.2329E-06,1.1532E-05,3.2329E-06,8.4008E-06,7.0652E-06,1.3514E-05,6.3557E+03,1.7001E+05,8.5545E-06,8.4008E-06
2018-07-10 00:00:00+01:00,AllOrdinary,1.2593E-05,1.8735E-05,4.7337E-06,1.0349E-05,5.5455E-06,1.8735E-05,5.5455E-06,1.1924E-05,1.0294E-05,1.7770E-05,6.3664E+03,1.7001E+05,1.2593E-05,1.1924E-05
2018-07-11 00:00:00+01:00,AllOrdinary,1.0504E-05,1.1655E-05,4.2378E-06,8.7580E-06,8.6087E-06,1.1655E-05,8.6087E-06,9.1688E-06,8.6829E-06,3.0341E-05,6.3428E+03,1.7001E+05,1.0504E-05,9.1688E-06
2018-07-12 00:00:00+01:00,AllOrdinary,1.1709E-05,1.8187E-05,3.5515E-06,1.4264E-05,1.8634E-06,1.8187E-05,1.8634E-06,1.1357E-05,1.4507E-05,2.0206E-05,6.3002E+03,1.6594E+05,1.1709E-05,1.1357E-05
2018-07-13 00:00:00+01:00,AllOrdinary,1.1426E-05,1.0369E-05,2.7118E-06,9.9962E-06,4.7977E-06,1.0369E-05,4.7977E-06,7.7510E-06,1.0162E-05,1.0670E-05,6.3498E+03,1.7001E+05,1.1426E-05,7.7510E-06
2018-07-16 00:00:00+01:00,AllOrdinary,1.1030E-05,1.0549E-05,6.0123E-06,1.0836E-05,7.4874E-06,1.0549E-05,7.4874E-06,9.3902E-06,1.0803E-05,7.1256E-06,6.3512E+03,1.6594E+05,1.1030E-05,9.3902E-06
2018-07-17 00:00:00+01:00,AllOrdinary,2.1254E-05,3.3994E-05,3.8196E-06,1.2740E-05,1.5463E-05,3.3994E-05,1.5463E-05,2.2103E-05,1.3064E-05,2.0439E-05,6.3267E+03,1.7001E+05,2.1254E-05,2.2103E-05
2018-07-18 00:00:00+01:00,AllOrdinary,2.4032E-05,4.0129E-05,2.1476E-06,1.4203E-05,2.6191E-06,4.0129E-05,2.6191E-06,1.9747E-05,1.4368E-05,5.6823E-05,6.2884E+03,1.6594E+05,2.4032E-05,1.9747E-05
2018-07-19 00:00:00+01:00,AllOrdinary,1.0486E-05,8.8952E-06,2.7922E-06,1.0999E-05,3.1813E-06,8.8952E-06,3.1813E-06,8.6258E-06,1.1125E-05,1.5473E-05,6.3291E+03,1.6594E+05,1.0486E-05,8.6258E-06
2018-07-20 00:00:00+01:00,AllOrdinary,1.1999E-05,1.2160E-05,3.0427E-06,1.1577E-05,3.1777E-06,1.2160E-05,3.1777E-06,1.1658E-05,1.1964E-05,2.5093E-05,6.3550E+03,1.7001E+05,1.1999E-05,1.1658E-05
2018-07-23 00:00:00+01:00,AllOrdinary,2.0404E-05,2.9048E-05,4.1040E-06,1.4315E-05,1.8118E-05,2.9048E-05,1.8118E-05,1.8094E-05,1.4817E-05,4.4528E-05,6.3774E+03,1.6594E+05,2.0404E-05,1.8094E-05
2018-07-24 00:00:00+01:00,AllOrdinary,1.2211E-05,1.5828E-05,2.0498E-06,8.7777E-06,1.1645E-06,1.5828E-05,1.1645E-06,8.4736E-06,9.0920E-06,2.2768E-05,6.3201E+03,1.6594E+05,1.2211E-05,8.4736E-06
2018-07-25 00:00:00+01:00,AllOrdinary,1.0898E-05,9.2486E-06,3.6589E-06,1.2313E-05,5.8826E-06,9.2486E-06,5.8826E-06,9.2910E-06,1.2662E-05,1.4974E-05,6.3552E+03,1.6594E+05,1.0898E-05,9.2910E-06
2018-07-26 00:00:00+01:00,AllOrdinary,1.3272E-05,1.8805E-05,4.2948E-06,1.0876E-05,9.1068E-06,1.8805E-05,9.1068E-06,1.4069E-05,1.1430E-05,2.2462E-05,6.3417E+03,1.6594E+05,1.3272E-05,1.4069E-05
2018-07-27 00:00:00+01:00,AllOrdinary,3.1745E-05,5.9989E-05,2.5032E-06,1.6648E-05,1.4548E-06,5.9989E-05,1.4548E-06,3.0288E-05,1.7501E-05,6.4234E-05,6.3376E+03,1.6594E+05,3.1745E-05,3.0288E-05
2018-07-30 00:00:00+01:00,AllOrdinary,1.7158E-05,2.1873E-05,2.0465E-06,1.1403E-05,1.4300E-05,2.1873E-05,1.4300E-05,1.2746E-05,1.2210E-05,2.7787E-05,6.3888E+03,1.7004E+05,1.7158E-05,1.2746E-05
2018-07-31 00:00:00+01:00,AllOrdinary,1.3158E-05,1.6521E-05,3.6308E-06,1.1399E-05,6.4980E-06,1.6521E-05,6.4980E-06,1.3326E-05,1.1801E-05,7.9111E-06,6.3688E+03,1.7001E+05,1.3158E-05,1.3326E-05
2018-08-01 00:00:00+01:00,AllOrdinary,1.3199E-05,7.4079E-06,3.6288E-06,1.0873E-05,6.9926E-06,7.4079E-06,6.9926E-06,1.0196E-05,1.1088E-05,5.8437E-06,6.3662E+03,1.7001E+05,1.3199E-05,1.0196E-05
2018-08-02 00:00:00+01:00,AllOrdinary,1.5111E-05,7.9309E-06,3.5564E-06,1.2319E-05,9.1274E-06,7.9309E-06,9.1274E-06,1.4120E-05,1.2520E-05,6.5669E-06,6.3621E+03,1.6594E+05,1.5111E-05,1.4120E-05
2018-08-03 00:00:00+01:00,AllOrdinary,2.3057E-05,3.0283E-05,4.2918E-06,1.3494E-05,7.1612E-06,3.0283E-05,7.1612E-06,2.7203E-05,1.3879E-05,2.1132E-05,6.3277E+03,1.7001E+05,2.3057E-05,2.7203E-05
2018-08-06 00:00:00+01:00,AllOrdinary,1.8656E-05,2.5984E-05,3.9614E-06,1.3798E-05,2.5673E-06,2.5984E-05,2.5673E-06,1.3936E-05,1.4449E-05,2.3587E-05,6.3264E+03,1.7001E+05,1.8656E-05,1.3936E-05
2018-08-07 00:00:00+01:00,AllOrdinary,6.9797E-06,7.4417E-06,3.7723E-06,8.2949E-06,4.4973E-06,7.4417E-06,4.4973E-06,6.3448E-06,8.3398E-06,6.4153E-06,6.3590E+03,1.7001E+05,6.9797E-06,6.3448E-06
2018-08-08 00:00:00+01:00,AllOrdinary,1.4430E-05,1.3689E-05,4.3878E-06,1.3305E-05,5.3278E-06,1.3689E-05,5.3278E-06,1.2305E-05,1.3201E-05,6.8194E-06,6.3408E+03,1.6594E+05,1.4430E-05,1.2305E-05
2018-08-09 00:00:00+01:00,AllOrdinary,1.5191E-05,1.8677E-05,4.1203E-06,1.1224E-05,5.3684E-06,1.8677E-05,5.3684E-06,1.4485E-05,1.1538E-05,2.1211E-05,6.3549E+03,1.7001E+05,1.5191E-05,1.4485E-05
2018-08-10 00:00:00+01:00,AllOrdinary,8.0492E-06,8.2865E-06,4.2435E-06,9.1659E-06,4.6289E-06,8.2865E-06,4.6289E-06,9.0380E-06,9.1701E-06,7.3414E-06,6.3836E+03,1.6594E+05,8.0492E-06,9.0380E-06
2018-08-13 00:00:00+01:00,AllOrdinary,1.0349E-05,9.0617E-06,5.3519E-06,6.9175E-06,7.0163E-06,9.0617E-06,7.0163E-06,1.0978E-05,7.0467E-06,1.0231E-05,6.3666E+03,1.7001E+05,1.0349E-05,1.0978E-05
2018-08-14 00:00:00+01:00,AllOrdinary,1.8297E-05,1.8830E-05,7.9721E-06,1.6900E-05,3.6259E-06,1.8830E-05,3.6259E-06,1.8622E-05,1.7019E-05,3.2959E-05,6.3413E+03,1.7001E+05,1.8297E-05,1.8622E-05
2018-08-15 00:00:00+01:00,AllOrdinary,1.4000E-05,1.5740E-05,3.2131E-06,1.7621E-05,6.8966E-06,1.5740E-05,6.8966E-06,1.3323E-05,1.7221E-05,1.1838E-05,6.3862E+03,1.6594E+05,1.4000E-05,1.3323E-05
2018-08-16 00:00:00+01:00,AllOrdinary,2.4865E-05,3.6352E-05,3.4905E-06,2.6463E-05,1.9563E-05,3.6352E-05,1.9563E-05,1.7279E-05,2.6841E-05,5.5809E-05,6.4157E+03,1.7001E+05,2.4865E-05,1.7279E-05
2018-08-17 00:00:00+01:00,AllOrdinary,8.2098E-06,9.7247E-06,2.9101E-06,7.7949E-06,3.7482E-06,9.7247E-06,3.7482E-06,8.7744E-06,7.9326E-06,6.6525E-06,6.4126E+03,1.7001E+05,8.2098E-06,8.7744E-06
2018-08-20 00:00:00+01:00,AllOrdinary,6.9835E-06,7.5807E-06,3.0850E-06,8.0350E-06,2.8200E-06,7.5807E-06,2.8200E-06,6.6004E-06,7.9550E-06,7.7437E-06,6.4258E+03,1.6594E+05,6.9835E-06,6.6004E-06
2018-08-21 00:00:00+01:00,AllOrdinary,2.6133E-05,2.7983E-05,3.0331E-06,2.0679E-05,2.2662E-05,2.7983E-05,2.2662E-05,1.4159E-05,2.1220E-05,4.7225E-05,6.4351E+03,1.7001E+05,2.6133E-05,1.4159E-05
2018-08-22 00:00:00+01:00,AllOrdinary,1.2881E-05,1.6987E-05,2.5241E-06,8.8265E-06,9.6095E-06,1.6987E-05,9.6095E-06,1.4380E-05,9.3834E-06,1.8672E-05,6.3830E+03,1.6594E+05,1.2881E-05,1.4380E-05
2018-08-23 00:00:00+01:00,AllOrdinary,1.4250E-05,1.6569E-05,1.1101E-05,1.3011E-05,7.5225E-06,1.6569E-05,7.5225E-06,1.4712E-05,1.3286E-05,3.5476E-06,6.3738E+03,1.7001E+05,1.4250E-05,1.4712E-05
2018-08-24 00:00:00+01:00,AllOrdinary,3.2328E-05,3.5487E-05,9.0744E-06,2.4173E-05,1.1428E-05,3.5487E-05,1.1428E-05,2.7067E-05,2.4294E-05,2.8603E-05,6.3603E+03,1.7001E+05,3.2328E-05,2.7067E-05
2018-08-27 00:00:00+01:00,AllOrdinary,9.6076E-06,9.8314E-06,5.6623E-06,1.2047E-05,4.7752E-06,9.8314E-06,4.7752E-06,1.0653E-05,1.1804E-05,1.2047E-05,6.3579E+03,1.6594E+05,9.6076E-06,1.0653E-05
2018-08-28 00:00:00+01:00,AllOrdinary,1.6482E-05,1.8911E-05,6.0921E-06,1.5352E-05,4.6444E-06,1.8911E-05,4.6444E-06,1.4920E-05,1.5662E-05,2.4610E-05,6.3811E+03,1.7001E+05,1.6482E-05,1.4920E-05
2018-08-29 00:00:00+01:00,AllOrdinary,1.1071E-05,5.6309E-06,5.1794E-06,1.0618E-05,3.7465E-06,5.6309E-06,3.7465E-06,1.1700E-05,1.0372E-05,8.5744E-06,6.4136E+03,1.6594E+05,1.1071E-05,1.1700E-05
2018-08-30 00:00:00+01:00,AllOrdinary,1.3765E-05,1.9593E-05,4.0249E-06,1.1819E-05,5.1638E-06,1.9593E-05,5.1638E-06,1.1675E-05,1.1433E-05,9.6938E-06,6.4570E+03,1.7001E+05,1.3765E-05,1.1675E-05
2018-08-31 00:00:00+01:00,AllOrdinary,4.9269E-06,5.8677E-06,2.7208E-06,9.2323E-06,3.1502E-06,5.8677E-06,3.1502E-06,5.5304E-06,9.1742E-06,6.8689E-06,6.4605E+03,1.7001E+05,4.9269E-06,5.5304E-06
2018-09-03 00:00:00+01:00,AllOrdinary,8.4387E-06,6.3397E-06,3.2934E-06,8.0808E-06,4.0235E-06,6.3397E-06,4.0235E-06,7.9826E-06,7.7673E-06,5.3628E-06,6.4278E+03,1.6594E+05,8.4387E-06,7.9826E-06
2018-09-04 00:00:00+01:00,AllOrdinary,1.4144E-05,1.3358E-05,3.6005E-06,1.1180E-05,1.0695E-05,1.3358E-05,1.0695E-05,1.0386E-05,1.1354E-05,1.2654E-05,6.4165E+03,1.7001E+05,1.4144E-05,1.0386E-05
2018-09-05 00:00:00+01:00,AllOrdinary,8.8780E-06,1.0242E-05,3.1687E-06,8.5397E-06,7.3321E-06,1.0242E-05,7.3321E-06,7.9387E-06,8.5424E-06,2.1544E-05,6.3984E+03,1.6594E+05,8.8780E-06,7.9387E-06
2018-09-06 00:00:00+01:00,AllOrdinary,2.6379E-05,3.9578E-05,7.5149E-06,1.8059E-05,2.2611E-05,3.9578E-05,2.2611E-05,2.6697E-05,1.8931E-05,6.4436E-05,6.3392E+03,1.6594E+05,2.6379E-05,2.6697E-05
2018-09-07 00:00:00+01:00,AllOrdinary,4.3916E-05,7.1961E-05,1.0536E-05,2.7620E-05,3.5023E-05,7.1961E-05,3.5023E-05,4.6419E-05,2.8602E-05,5.4556E-05,6.2678E+03,1.7001E+05,4.3916E-05,4.6419E-05
2018-09-10 00:00:00+01:00,AllOrdinary,1.4840E-05,1.5568E-05,5.5062E-06,1.3635E-05,8.8038E-06,1.5568E-05,8.8038E-06,1.2753E-05,1.4140E-05,1.1279E-05,6.2523E+03,1.7001E+05,1.4840E-05,1.2753E-05
2018-09-11 00:00:00+01:00,AllOrdinary,1.0877E-05,1.2206E-05,3.7235E-06,1.0527E-05,2.6597E-06,1.2206E-05,2.6597E-06,1.1954E-05,1.0757E-05,1.1413E-05,6.2497E+03,1.7001E+05,1.0877E-05,1.1954E-05
2018-09-12 00:00:00+01:00,AllOrdinary,1.6585E-05,1.8781E-05,6.3617E-06,1.5071E-05,1.1281E-05,1.8781E-05,1.1281E-05,1.2744E-05,1.5689E-05,7.4082E-06,6.2876E+03,1.6594E+05,1.6585E-05,1.2744E-05
2018-09-13 00:00:00+01:00,AllOrdinary,1.1538E-05,1.4605E-05,3.7939E-06,9.9416E-06,8.6655E-06,1.4605E-05,8.6655E-06,9.2953E-06,9.7993E-06,1.4051E-05,6.2839E+03,1.7001E+05,1.1538E-05,9.2953E-06
2018-09-14 00:00:00+01:00,AllOrdinary,1.4947E-05,1.9047E-05,4.9682E-06,1.2143E-05,4.2345E-06,1.9047E-05,4.2345E-06,1.6229E-05,1.2740E-05,1.9897E-05,6.2399E+03,1.6594E+05,1.4947E-05,1.6229E-05
2018-09-17 00:00:00+01:00,AllOrdinary,1.3434E-05,1.5670E-05,4.7372E-06,1.2232E-05,6.0010E-06,1.5670E-05,6.0010E-06,1.4336E-05,1.2393E-05,1.9593E-05,6.2755E+03,1.6594E+05,1.3434E-05,1.4336E-05
2018-09-18 00:00:00+01:00,AllOrdinary,1.7356E-05,1.8952E-05,1.0602E-05,1.7514E-05,1.2167E-05,1.8952E-05,1.2167E-05,1.5454E-05,1.7650E-05,1.3995E-05,6.2939E+03,1.7001E+05,1.7356E-05,1.5454E-05
2018-09-19 00:00:00+01:00,AllOrdinary,8.4321E-06,8.1829E-06,5.0537E-06,9.0732E-06,2.5290E-06,8.1829E-06,2.5290E-06,6.7728E-06,8.9392E-06,1.0414E-05,6.2695E+03,1.7001E+05,8.4321E-06,6.7728E-06
2018-09-20 00:00:00+01:00,AllOrdinary,1.6917E-05,7.3863E-06,3.2724E-06,1.4484E-05,1.3915E-05,7.3863E-06,1.3915E-05,1.2987E-05,1.5112E-05,1.2188E-05,6.2970E+03,1.1594E+05,1.6917E-05,1.2987E-05
2018-09-21 00:00:00+01:00,AllOrdinary,1.1782E-05,1.4879E-05,5.7726E-06,9.5845E-06,2.8623E-06,1.4879E-05,2.8623E-06,9.6435E-06,9.9399E-06,3.0793E-05,6.2769E+03,1.6594E+05,1.1782E-05,9.6435E-06
2018-09-24 00:00:00+01:00,AllOrdinary,1.3401E-05,2.0373E-05,3.0225E-06,9.5850E-06,9.4893E-06,2.0373E-05,9.4893E-06,1.2650E-05,9.6962E-06,8.6278E-06,6.3054E+03,1.6594E+05,1.3401E-05,1.2650E-05
2018-09-25 00:00:00+01:00,AllOrdinary,7.5578E-06,8.3785E-06,5.8001E-06,6.2045E-06,4.1654E-06,8.3785E-06,4.1654E-06,7.5764E-06,6.2965E-06,9.2501E-06,6.2995E+03,1.6594E+05,7.5578E-06,7.5764E-06
2010-10-25 00:00:00+01:00,FTSE,6.9572E-05,9.0111E-05,9.6619E-06,5.5648E-05,1.3851E-05,9.0111E-05,1.3851E-05,4.1794E-05,4.4615E-05,7.4833E-05,5.7414E+03,1.7300E+05,6.9572E-05,4.1794E-05
2010-10-26 00:00:00+01:00,FTSE,4.5005E-05,4.3711E-05,1.2454E-05,3.7368E-05,2.8534E-05,4.3711E-05,2.8534E-05,3.0631E-05,3.1171E-05,5.0319E-05,5.7520E+03,1.7300E+05,4.5005E-05,3.0631E-05
2010-10-27 00:00:00+01:00,FTSE,1.0009E-04,1.1447E-04,1.9846E-05,5.6380E-05,7.9704E-05,1.1447E-04,7.9704E-05,5.3884E-05,4.5873E-05,1.0861E-04,5.7073E+03,1.7300E+05,1.0009E-04,5.3884E-05
2010-10-28 00:00:00+01:00,FTSE,9.2811E-05,1.2161E-04,1.6413E-05,5.1019E-05,2.6935E-05,1.2161E-04,2.6935E-05,5.3629E-05,4.1020E-05,1.0622E-04,5.6460E+03,1.7300E+05,9.2811E-05,5.3629E-05
2010-10-29 00:00:00+01:00,FTSE,4.3655E-05,5.3600E-05,3.0708E-05,3.3465E-05,1.9452E-05,5.3600E-05,1.9452E-05,4.0016E-05,2.8851E-05,4.1827E-05,5.6779E+03,1.7300E+05,4.3655E-05,4.0016E-05
2010-11-01 00:00:00+00:00,FTSE,7.9960E-05,1.0354E-04,2.5852E-05,5.6803E-05,3.0742E-05,1.0354E-04,3.0742E-05,5.7703E-05,4.6546E-05,1.0467E-04,5.6751E+03,1.6300E+05,7.9960E-05,5.7703E-05
2010-11-02 00:00:00+00:00,FTSE,2.9246E-05,3.1621E-05,1.6825E-05,2.2844E-05,1.0518E-05,3.1621E-05,1.0518E-05,2.7678E-05,2.0176E-05,3.3258E-05,5.6946E+03,1.6300E+05,2.9246E-05,2.7678E-05
2010-11-03 00:00:00+00:00,FTSE,3.8894E-05,3.8752E-05,1.5494E-05,2.5784E-05,2.0860E-05,3.8752E-05,2.0860E-05,3.5363E-05,2.2162E-05,3.3516E-05,5.7574E+03,1.6300E+05,3.8894E-05,3.5363E-05
2010-11-04 00:00:00+00:00,FTSE,2.0895E-04,2.8933E-04,2.3256E-05,7.6144E-05,1.6450E-05,2.8933E-04,1.6450E-05,9.8519E-05,5.7183E-05,1.9813E-04,5.7490E+03,1.6300E+05,2.0895E-04,9.8519E-05
2010-11-05 00:00:00+00:00,FTSE,8.1313E-05,8.3602E-05,2.3424E-05,5.0903E-05,2.6542E-05,8.3602E-05,2.6542E-05,4.9712E-05,4.1858E-05,8.9970E-05,5.8628E+03,1.6300E+05,8.1313E-05,4.9712E-05
2010-11-08 00:00:00+00:00,FTSE,2.5361E-05,2.0831E-05,1.1173E-05,2.3720E-05,1.3844E-05,2.0831E-05,1.3844E-05,2.3061E-05,2.1014E-05,1.7018E-05,5.8754E+03,1.6300E+05,2.5361E-05,2.3061E-05
2010-11-09 00:00:00+00:00,FTSE,2.9861E-05,3.3189E-05,1.0334E-05,2.2825E-05,1.0080E-05,3.3189E-05,1.0080E-05,2.5604E-05,2.0904E-05,3.1265E-05,5.8500E+03,1.6300E+05,2.9861E-05,2.5604E-05
2010-11-10 00:00:00+00:00,FTSE,6.1807E-05,6.2284E-05,1.8441E-05,4.6186E-05,4.3742E-05,6.2284E-05,4.3742E-05,4.5572E-05,3.8146E-05,6.3447E-05,5.8752E+03,1.6300E+05,6.1807E-05,4.5572E-05
2010-11-11 00:00:00+00:00,FTSE,6.7608E-05,5.2661E-05,3.3857E-05,6.3150E-05,3.2357E-05,5.2661E-05,3.2357E-05,5.5951E-05,5.0962E-05,5.4950E-05,5.8169E+03,1.6300E+05,6.7608E-05,5.5951E-05
2010-11-12 00:00:00+00:00,FTSE,2.6924E-04,3.5704E-04,5.9104E-05,1.2612E-04,2.0872E-04,3.5704E-04,2.0872E-04,1.6834E-04,1.0119E-04,2.8113E-04,5.8152E+03,1.6300E+05,2.6924E-04,1.6834E-04
2010-11-15 00:00:00+00:00,FTSE,5.3749E-05,4.1558E-05,2.4071E-05,4.5344E-05,3.1296E-05,4.1558E-05,3.1296E-05,3.7017E-05,4.0177E-05,5.3751E-05,5.7969E+03,1.6300E+05,5.3749E-05,3.7017E-05
2010-11-16 00:00:00+00:00,FTSE,1.3202E-04,1.3715E-04,3.8035E-05,6.9160E-05,1.0617E-04,1.3715E-04,1.0617E-04,7.9803E-05,5.9213E-05,1.2518E-04,5.8204E+03,1.6300E+05,1.3202E-04,7.9803E-05
2010-11-17 00:00:00+00:00,FTSE,4.7618E-05,3.0462E-05,1.8528E-05,5.0043E-05,2.3364E-05,3.0462E-05,2.3364E-05,4.1954E-05,4.3709E-05,4.2731E-05,5.6819E+03,1.6300E+05,4.7618E-05,4.1954E-05
2010-11-18 00:00:00+00:00,FTSE,1.0364E-04,1.0485E-04,1.5603E-05,5.7004E-05,1.6637E-05,1.0485E-04,1.6637E-05,4.4065E-05,4.7040E-05,1.0305E-04,5.6926E+03,1.6300E+05,1.0364E-04,4.4065E-05
2010-11-19 00:00:00+00:00,FTSE,5.5263E-05,6.3599E-05,2.0936E-05,3.8106E-05,2.9690E-05,6.3599E-05,2.9690E-05,5.0999E-05,3.3475E-05,6.4867E-05,5.7687E+03,1.6300E+05,5.5263E-05,5.0999E-05
2010-11-22 00:00:00+00:00,FTSE,1.1683E-04,1.4434E-04,3.5541E-05,7.5926E-05,4.4785E-05,1.4434E-04,4.4785E-05,9.6077E-05,6.3131E-05,1.4106E-04,5.7328E+03,1.6300E+05,1.1683E-04,9.6077E-05
2010-11-23 00:00:00+00:00,FTSE,1.3118E-04,1.3990E-04,5.3310E-05,9.0938E-05,9.1139E-05,1.3990E-04,9.1139E-05,1.1137E-04,7.4511E-05,1.3314E-04,5.6808E+03,1.6300E+05,1.3118E-04,1.1137E-04
2010-11-24 00:00:00+00:00,FTSE,1.1680E-04,8.4605E-05,2.2830E-05,9.4585E-05,2.8946E-05,8.4605E-05,2.8946E-05,8.4713E-05,7.8495E-05,9.7922E-05,5.5813E+03,1.6300E+05,1.1680E-04,8.4713E-05
2010-11-25 00:00:00+00:00,FTSE,3.4571E-05,3.6779E-05,1.2299E-05,2.4081E-05,1.1642E-05,3.6779E-05,1.1642E-05,3.3296E-05,2.0284E-05,3.9210E-05,5.6571E+03,1.6300E+05,3.4571E-05,3.3296E-05
2010-11-26 00:00:00+00:00,FTSE,1.3032E-04,1.4997E-04,5.3107E-05,8.4561E-05,9.6274E-05,1.4997E-04,9.6274E-05,8.4896E-05,6.7962E-05,1.7131E-04,5.6989E+03,1.6300E+05,1.3032E-04,8.4896E-05
2010-11-29 00:00:00+00:00,FTSE,1.4665E-04,1.8888E-04,1.0381E-04,1.2351E-04,8.5221E-05,1.8888E-04,8.5221E-05,1.5584E-04,1.0448E-04,1.8006E-04,5.6687E+03,1.6300E+05,1.4665E-04,1.5584E-04
2010-11-30 00:00:00+00:00,FTSE,1.7847E-04,1.6444E-04,7.9819E-05,9.8366E-05,6.7036E-05,1.6444E-04,6.7036E-05,1.3329E-04,8.1705E-05,1.4913E-04,5.5509E+03,1.6300E+05,1.7847E-04,1.3329E-04
2010-12-01 00:00:00+00:00,FTSE,9.6553E-05,1.0643E-04,2.8892E-05,7.8368E-05,2.1254E-05,1.0643E-04,2.1254E-05,5.7433E-05,6.3247E-05,1.0128E-04,5.5283E+03,1.6300E+05,9.6553E-05,5.7433E-05
2010-12-02 00:00:00+00:00,FTSE,1.2517E-04,1.3172E-04,5.1147E-05,9.5020E-05,2.9955E-05,1.3172E-04,2.9955E-05,9.4185E-05,8.0024E-05,1.5128E-04,5.6425E+03,1.6300E+05,1.2517E-04,9.4185E-05
2010-12-03 00:00:00+00:00,FTSE,9.7704E-05,6.9045E-05,2.8116E-05,8.4782E-05,6.0363E-05,6.9045E-05,6.0363E-05,7.7753E-05,7.2955E-05,1.0261E-04,5.7676E+03,1.6300E+05,9.7704E-05,7.7753E-05
2010-12-06 00:00:00+00:00,FTSE,5.2723E-05,5.1161E-05,2.5059E-05,4.7366E-05,2.1242E-05,5.1161E-05,2.1242E-05,3.9889E-05,4.3641E-05,5.6202E-05,5.7454E+03,1.6300E+05,5.2723E-05,3.9889E-05
2010-12-07 00:00:00+00:00,FTSE,5.3018E-05,6.2262E-05,2.6703E-05,3.9080E-05,1.7709E-05,6.2262E-05,1.7709E-05,4.6483E-05,3.6326E-05,5.7385E-05,5.7703E+03,1.6300E+05,5.3018E-05,4.6483E-05
2010-12-08 00:00:00+00:00,FTSE,7.6862E-05,6.0117E-05,2.8505E-05,5.7892E-05,4.9966E-05,6.0117E-05,4.9966E-05,6.4371E-05,4.9539E-05,7.0854E-05,5.8085E+03,1.6300E+05,7.6862E-05,6.4371E-05
2010-12-09 00:00:00+00:00,FTSE,6.7330E-05,7.4954E-05,1.2554E-05,5.5633E-05,1.7059E-05,7.4954E-05,1.7059E-05,3.6286E-05,4.8614E-05,7.1790E-05,5.7945E+03,1.6300E+05,6.7330E-05,3.6286E-05
2010-12-10 00:00:00+00:00,FTSE,2.8474E-05,2.1429E-05,1.1559E-05,3.3938E-05,1.6735E-05,2.1429E-05,1.6735E-05,2.3844E-05,3.1512E-05,3.0702E-05,5.8080E+03,1.6300E+05,2.8474E-05,2.3844E-05
2010-12-13 00:00:00+00:00,FTSE,2.3419E-05,3.0529E-05,5.3053E-06,2.4597E-05,6.0268E-06,3.0529E-05,6.0268E-06,1.5380E-05,2.0985E-05,2.6560E-05,5.8130E+03,1.6300E+05,2.3419E-05,1.5380E-05
2010-12-14 00:00:00+00:00,FTSE,1.8940E-05,1.6180E-05,1.0285E-05,1.7160E-05,8.6018E-06,1.6180E-05,8.6018E-06,1.9400E-05,1.5715E-05,1.9097E-05,5.8608E+03,1.6300E+05,1.8940E-05,1.9400E-05
2010-12-15 00:00:00+00:00,FTSE,2.8709E-05,3.2066E-05,1.5841E-05,3.0209E-05,1.7173E-05,3.2066E-05,1.7173E-05,2.3720E-05,2.5006E-05,3.3190E-05,5.8912E+03,1.6300E+05,2.8709E-05,2.3720E-05
2010-12-16 00:00:00+00:00,FTSE,2.9146E-05,3.6194E-05,1.3440E-05,2.3980E-05,1.3975E-05,3.6194E-05,1.3975E-05,3.0478E-05,2.2521E-05,3.1583E-05,5.8822E+03,1.6300E+05,2.9146E-05,3.0478E-05
2010-12-17 00:00:00+00:00,FTSE,3.7012E-05,4.1713E-05,1.4356E-05,2.7413E-05,2.4257E-05,4.1713E-05,2.4257E-05,2.8396E-05,2.3912E-05,4.3608E-05,5.8811E+03,1.6300E+05,3.7012E-05,2.8396E-05
2010-12-20 00:00:00+00:00,FTSE,2.7533E-05,2.4193E-05,9.5768E-06,1.8594E-05,1.1620E-05,2.4193E-05,1.1620E-05,2.6316E-05,1.6391E-05,2.9193E-05,5.8718E+03,1.6300E+05,2.7533E-05,2.6316E-05
2010-12-21 00:00:00+00:00,FTSE,4.9495E-05,5.6880E-05,4.8957E-06,3.0004E-05,6.4173E-06,5.6880E-05,6.4173E-06,2.2569E-05,2.3196E-05,4.6454E-05,5.8916E+03,1.6300E+05,4.9495E-05,2.2569E-05
2010-12-22 00:00:00+00:00,FTSE,1.4161E-05,1.2463E-05,5.4260E-06,1.1234E-05,5.5739E-06,1.2463E-05,5.5739E-06,1.2708E-05,1.0174E-05,1.5489E-05,5.9518E+03,1.6300E+05,1.4161E-05,1.2708E-05
2010-12-23 00:00:00+00:00,FTSE,1.2646E-05,1.0573E-05,2.7182E-06,1.2620E-05,3.5970E-06,1.0573E-05,3.5970E-06,8.2770E-06,1.1252E-05,9.4411E-06,5.9835E+03,1.6300E+05,1.2646E-05,8.2770E-06
2010-12-24 00:00:00+00:00,FTSE,1.4204E-05,1.4754E-05,6.5515E-07,1.4536E-05,1.1972E-06,1.4754E-05,1.1972E-06,1.5061E-06,1.4611E-05,2.1704E-05,5.9961E+03,1.3100E+05,1.4204E-05,1.5061E-06
2010-12-29 00:00:00+00:00,FTSE,1.8832E-05,2.2631E-05,8.6239E-06,1.3416E-05,1.0609E-05,2.2631E-05,1.0609E-05,1.8062E-05,1.1524E-05,2.8407E-05,6.0089E+03,1.6300E+05,1.8832E-05,1.8062E-05
2010-12-30 00:00:00+00:00,FTSE,2.3470E-05,2.2479E-05,1.0546E-05,1.2351E-05,1.3062E-05,2.2479E-05,1.3062E-05,2.3373E-05,1.0749E-05,3.2600E-05,5.9964E+03,1.6300E+05,2.3470E-05,2.3373E-05
2010-12-31 00:00:00+00:00,FTSE,4.9878E-05,5.3226E-05,1.0347E-05,3.3820E-05,3.8824E-05,5.3226E-05,3.8824E-05,2.1408E-05,3.2947E-05,6.1851E-05,5.9717E+03,1.2543E+05,4.9878E-05,2.1408E-05
2011-01-04 00:00:00+00:00,FTSE,3.3272E-04,3.4625E-04,1.8919E-05,2.0402E-04,1.8932E-05,3.4625E-04,1.8932E-05,4.0532E-05,1.5013E-04,3.2720E-04,5.8999E+03,1.6300E+05,3.3272E-04,4.0532E-05
2011-01-05 00:00:00+00:00,FTSE,4.0982E-05,3.2642E-05,1.6980E-05,3.7888E-05,2.2231E-05,3.2642E-05,2.2231E-05,4.0268E-05,3.3323E-05,4.6999E-05,6.0139E+03,1.6300E+05,4.0982E-05,4.0268E-05
2011-01-06 00:00:00+00:00,FTSE,3.3977E-05,4.3296E-05,1.1776E-05,2.4677E-05,2.2447E-05,4.3296E-05,2.2447E-05,3.5566E-05,2.1797E-05,4.5930E-05,6.0439E+03,1.6300E+05,3.3977E-05,3.5566E-05
2011-01-07 00:00:00+00:00,FTSE,6.0092E-05,5.9951E-05,4.1985E-05,7.0661E-05,3.7139E-05,5.9951E-05,3.7139E-05,6.7656E-05,6.0497E-05,7.9121E-05,6.0195E+03,1.6300E+05,6.0092E-05,6.7656E-05
2011-01-10 00:00:00+00:00,FTSE,4.7822E-05,4.8383E-05,1.6504E-05,4.1844E-05,2.9297E-05,4.8383E-05,2.9297E-05,4.0613E-05,3.7721E-05,3.8228E-05,5.9843E+03,1.6300E+05,4.7822E-05,4.0613E-05
2011-01-11 00:00:00+00:00,FTSE,5.8609E-05,6.6049E-05,1.2823E-05,4.1112E-05,8.5095E-06,6.6049E-05,8.5095E-06,3.9941E-05,3.3484E-05,5.4225E-05,5.9563E+03,1.6300E+05,5.8609E-05,3.9941E-05
2011-01-12 00:00:00+00:00,FTSE,3.4815E-05,3.2344E-05,1.6534E-05,3.0917E-05,1.2016E-05,3.2344E-05,1.2016E-05,2.1601E-05,2.8060E-05,2.9103E-05,6.0140E+03,1.6300E+05,3.4815E-05,2.1601E-05
2011-01-13 00:00:00+00:00,FTSE,3.6400E-05,4.2229E-05,1.4741E-05,2.3566E-05,2.1937E-05,4.2229E-05,2.1937E-05,3.1381E-05,2.1264E-05,3.9987E-05,6.0507E+03,1.6300E+05,3.6400E-05,3.1381E-05
2011-01-14 00:00:00+00:00,FTSE,3.9948E-05,5.3770E-05,2.3302E-05,3.7943E-05,2.4163E-05,5.3770E-05,2.4163E-05,4.1251E-05,3.3236E-05,5.4178E-05,6.0239E+03,1.6300E+05,3.9948E-05,4.1251E-05
2011-01-17 00:00:00+00:00,FTSE,2.0414E-05,2.0417E-05,1.2476E-05,1.7947E-05,1.1603E-05,2.0417E-05,1.1603E-05,2.1862E-05,1.6526E-05,2.5675E-05,6.0021E+03,1.6300E+05,2.0414E-05,2.1862E-05
2011-01-18 00:00:00+00:00,FTSE,7.8864E-05,7.4370E-05,1.3657E-05,2.9796E-05,1.1285E-05,7.4370E-05,1.1285E-05,2.4860E-05,2.6529E-05,7.7100E-05,5.9857E+03,1.6300E+05,7.8864E-05,2.4860E-05
2011-01-19 00:00:00+00:00,FTSE,4.0048E-05,4.0796E-05,1.2057E-05,3.3229E-05,3.1230E-05,4.0796E-05,3.1230E-05,3.3581E-05,2.8816E-05,5.0809E-05,6.0564E+03,1.6300E+05,4.0048E-05,3.3581E-05
2011-01-20 00:00:00+00:00,FTSE,8.6063E-05,8.9076E-05,4.1904E-05,5.3123E-05,6.3762E-05,8.9076E-05,6.3762E-05,6.3593E-05,4.6000E-05,8.7520E-05,5.9767E+03,1.6300E+05,8.6063E-05,6.3593E-05
2011-01-21 00:00:00+00:00,FTSE,5.6018E-05,6.9726E-05,1.8433E-05,3.9655E-05,2.0127E-05,6.9726E-05,2.0127E-05,5.1209E-05,3.4063E-05,7.5466E-05,5.8679E+03,1.6300E+05,5.6018E-05,5.1209E-05
2011-01-24 00:00:00+00:00,FTSE,4.4218E-05,5.3462E-05,2.2420E-05,3.7436E-05,1.6928E-05,5.3462E-05,1.6928E-05,4.0506E-05,3.3368E-05,4.6079E-05,5.8963E+03,1.6300E+05,4.4218E-05,4.0506E-05
2011-01-25 00:00:00+00:00,FTSE,5.8527E-05,6.2056E-05,2.3617E-05,4.3276E-05,3.4242E-05,6.2056E-05,3.4242E-05,4.5626E-05,3.8034E-05,6.2877E-05,5.9439E+03,1.6300E+05,5.8527E-05,4.5626E-05
2011-01-26 00:00:00+00:00,FTSE,8.9302E-05,7.2246E-05,1.7598E-05,5.6886E-05,1.6131E-05,7.2246E-05,1.6131E-05,4.6966E-05,4.7487E-05,8.0451E-05,5.9177E+03,1.6300E+05,8.9302E-05,4.6966E-05
2011-01-27 00:00:00+00:00,FTSE,4.2533E-05,3.5562E-05,1.6657E-05,3.6808E-05,2.2149E-05,3.5562E-05,2.2149E-05,4.3416E-05,3.2109E-05,4.0214E-05,5.9692E+03,1.6300E+05,4.2533E-05,4.3416E-05
2011-01-28 00:00:00+00:00,FTSE,6.7413E-05,7.0029E-05,2.1817E-05,4.9674E-05,4.8196E-05,7.0029E-05,4.8196E-05,4.6178E-05,4.2865E-05,7.5325E-05,5.9651E+03,1.6300E+05,6.7413E-05,4.6178E-05
2011-01-31 00:00:00+00:00,FTSE,7.0048E-05,7.7371E-05,3.3395E-05,4.7645E-05,4.2630E-05,7.7371E-05,4.2630E-05,6.2109E-05,4.1507E-05,7.2252E-05,5.8814E+03,1.6300E+05,7.0048E-05,6.2109E-05
2011-02-01 00:00:00+00:00,FTSE,1.0777E-04,8.8122E-05,1.7399E-05,5.3909E-05,1.2433E-05,8.8122E-05,1.2433E-05,4.4579E-05,4.2340E-05,1.0600E-04,5.8629E+03,1.6300E+05,1.0777E-04,4.4579E-05
2011-02-02 00:00:00+00:00,FTSE,4.9750E-05,6.9213E-05,1.8780E-05,4.1100E-05,1.6269E-05,6.9213E-05,1.6269E-05,5.3973E-05,3.5532E-05,6.1282E-05,5.9578E+03,1.6300E+05,4.9750E-05,5.3973E-05
2011-02-03 00:00:00+00:00,FTSE,5.0549E-05,4.9310E-05,2.5726E-05,4.6814E-05,2.7575E-05,4.9310E-05,2.7575E-05,5.4982E-05,4.2832E-05,4.7874E-05,6.0001E+03,1.6300E+05,5.0549E-05,5.4982E-05
2011-02-04 00:00:00+00:00,FTSE,4.2376E-05,3.5604E-05,1.1982E-05,4.7944E-05,2.0888E-05,3.5604E-05,2.0888E-05,3.0960E-05,4.1488E-05,3.4140E-05,5.9833E+03,1.6300E+05,4.2376E-05,3.0960E-05
2011-02-07 00:00:00+00:00,FTSE,3.0210E-05,2.5353E-05,9.5193E-06,2.6656E-05,8.3451E-06,2.5353E-05,8.3451E-06,2.6295E-05,2.4399E-05,3.8244E-05,5.9974E+03,1.6300E+05,3.0210E-05,2.6295E-05
2011-02-08 00:00:00+00:00,FTSE,3.6172E-05,2.6485E-05,1.8397E-05,3.1052E-05,1.9893E-05,2.6485E-05,1.9893E-05,3.7747E-05,2.9400E-05,2.5759E-05,6.0510E+03,1.6300E+05,3.6172E-05,3.7747E-05
2011-02-09 00:00:00+00:00,FTSE,3.2702E-05,2.7871E-05,8.3578E-06,2.7543E-05,2.4991E-05,2.7871E-05,2.4991E-05,2.3699E-05,2.6200E-05,2.5935E-05,6.0913E+03,1.6300E+05,3.2702E-05,2.3699E-05
2011-02-10 00:00:00+00:00,FTSE,5.3844E-05,6.8088E-05,2.7659E-05,4.5505E-05,3.0500E-05,6.8088E-05,3.0500E-05,5.6412E-05,3.9940E-05,5.2743E-05,6.0523E+03,1.6300E+05,5.3844E-05,5.6412E-05
2011-02-11 00:00:00+00:00,FTSE,5.7342E-05,6.4558E-05,1.7505E-05,3.6628E-05,3.1355E-05,6.4558E-05,3.1355E-05,4.1396E-05,3.2966E-05,6.2429E-05,6.0200E+03,1.6300E+05,5.7342E-05,4.1396E-05
2011-02-14 00:00:00+00:00,FTSE,3.1440E-05,4.0347E-05,1.5584E-05,3.3692E-05,1.3643E-05,4.0347E-05,1.3643E-05,3.0238E-05,3.2213E-05,2.6401E-05,6.0629E+03,1.6300E+05,3.1440E-05,3.0238E-05
2011-02-15 00:00:00+00:00,FTSE,2.6623E-05,3.3449E-05,1.0545E-05,2.3408E-05,1.4875E-05,3.3449E-05,1.4875E-05,2.7288E-05,2.1899E-05,2.5971E-05,6.0601E+03,1.6300E+05,2.6623E-05,2.7288E-05
2011-02-16 00:00:00+00:00,FTSE,2.5810E-05,2.2501E-05,1.3625E-05,2.3963E-05,9.8058E-06,2.2501E-05,9.8058E-06,2.7302E-05,2.1756E-05,2.3440E-05,6.0371E+03,1.6300E+05,2.5810E-05,2.7302E-05
2011-02-17 00:00:00+00:00,FTSE,2.2832E-05,1.5150E-05,9.4331E-06,2.1885E-05,9.5888E-06,1.5150E-05,9.5888E-06,2.1723E-05,2.0443E-05,1.5617E-05,6.0853E+03,1.6300E+05,2.2832E-05,2.1723E-05
2011-02-18 00:00:00+00:00,FTSE,1.4921E-05,1.6176E-05,7.2610E-06,1.0830E-05,8.7093E-06,1.6176E-05,8.7093E-06,1.3346E-05,9.8005E-06,1.9889E-05,6.0874E+03,1.6300E+05,1.4921E-05,1.3346E-05
2011-02-21 00:00:00+00:00,FTSE,5.3659E-05,6.2541E-05,1.3272E-05,2.4327E-05,4.0624E-05,6.2541E-05,4.0624E-05,3.8911E-05,2.0318E-05,6.6344E-05,6.0830E+03,1.6300E+05,5.3659E-05,3.8911E-05
2011-02-22 00:00:00+00:00,FTSE,9.8810E-05,1.3558E-04,2.6486E-05,5.9893E-05,6.8227E-05,1.3558E-04,6.8227E-05,7.5717E-05,5.3748E-05,1.2405E-04,6.0148E+03,1.6300E+05,9.8810E-05,7.5717E-05
2011-02-23 00:00:00+00:00,FTSE,6.7329E-05,7.7088E-05,3.1632E-05,5.1020E-05,4.2293E-05,7.7088E-05,4.2293E-05,5.3933E-05,4.4384E-05,7.6699E-05,5.9968E+03,1.6300E+05,6.7329E-05,5.3933E-05
2011-02-24 00:00:00+00:00,FTSE,1.4111E-04,1.0268E-04,3.3906E-05,1.1514E-04,1.0387E-04,1.0268E-04,1.0387E-04,8.1528E-05,1.0780E-04,1.2978E-04,5.9235E+03,1.6300E+05,1.4111E-04,8.1528E-05
2011-02-25 00:00:00+00:00,FTSE,7.8526E-05,8.3021E-05,8.5699E-08,4.6945E-05,7.0751E-06,8.3021E-05,7.0751E-06,3.4377E-05,4.5511E-05,9.4265E-05,5.9207E+03,1.6300E+05,7.8526E-05,3.4377E-05
2011-02-28 00:00:00+00:00,FTSE,5.4399E-05,4.3244E-05,2.8443E-05,3.7950E-05,2.9705E-05,4.3244E-05,2.9705E-05,5.1813E-05,3.3598E-05,4.5516E-05,6.0012E+03,1.6300E+05,5.4399E-05,5.1813E-05
2011-03-01 00:00:00+00:00,FTSE,9.4095E-05,8.7061E-05,3.6253E-05,7.3020E-05,4.0967E-05,8.7061E-05,4.0967E-05,5.9954E-05,6.7717E-05,8.7452E-05,5.9940E+03,1.6300E+05,9.4095E-05,5.9954E-05
2011-03-02 00:00:00+00:00,FTSE,1.1403E-04,1.2135E-04,2.5013E-05,1.0692E-04,8.6506E-05,1.2135E-04,8.6506E-05,6.1898E-05,9.8437E-05,1.1522E-04,5.9358E+03,1.6300E+05,1.1403E-04,6.1898E-05
2011-03-03 00:00:00+00:00,FTSE,6.2174E-05,5.5694E-05,2.9239E-05,6.6700E-05,1.8329E-05,5.5694E-05,1.8329E-05,4.8418E-05,6.1847E-05,5.7287E-05,5.9149E+03,1.6300E+05,6.2174E-05,4.8418E-05
2011-03-04 00:00:00+00:00,FTSE,5.6341E-05,6.3076E-05,1.7911E-05,4.9533E-05,2.4593E-05,6.3076E-05,2.4593E-05,4.6220E-05,4.4832E-05,5.5990E-05,6.0051E+03,1.6300E+05,5.6341E-05,4.6220E-05
2011-03-07 00:00:00+00:00,FTSE,6.2603E-05,5.6842E-05,2.1333E-05,4.6093E-05,3.7130E-05,5.6842E-05,3.7130E-05,5.3825E-05,4.2267E-05,6.8751E-05,5.9904E+03,1.6300E+05,6.2603E-05,5.3825E-05
2011-03-08 00:00:00+00:00,FTSE,8.4121E-05,9.1274E-05,3.2068E-05,6.1856E-05,3.4503E-05,9.1274E-05,3.4503E-05,7.7471E-05,5.4678E-05,9.4701E-05,5.9738E+03,1.6300E+05,8.4121E-05,7.7471E-05
2011-03-09 00:00:00+00:00,FTSE,4.8328E-05,5.8091E-05,3.4191E-05,4.7255E-05,2.7552E-05,5.8091E-05,2.7552E-05,4.9038E-05,4.2445E-05,6.2983E-05,5.9748E+03,1.6300E+05,4.8328E-05,4.9038E-05
2011-03-10 00:00:00+00:00,FTSE,1.1395E-04,1.0277E-04,3.1172E-05,1.0838E-04,8.5820E-05,1.0277E-04,8.5820E-05,6.5877E-05,1.0064E-04,1.1123E-04,5.9373E+03,1.6300E+05,1.1395E-04,6.5877E-05
2011-03-11 00:00:00+00:00,FTSE,8.1210E-05,7.2483E-05,2.4423E-05,6.9723E-05,5.7469E-05,7.2483E-05,5.7469E-05,4.2840E-05,6.6129E-05,8.8861E-05,5.8453E+03,1.6300E+05,8.1210E-05,4.2840E-05
2011-03-14 00:00:00+00:00,FTSE,6.7388E-05,5.8355E-05,3.2242E-05,5.0602E-05,4.1607E-05,5.8355E-05,4.1607E-05,6.6701E-05,4.7579E-05,5.5607E-05,5.8281E+03,1.6301E+05,6.7388E-05,6.6701E-05
2011-03-15 00:00:00+00:00,FTSE,4.3933E-04,4.1393E-04,1.6738E-04,4.3822E-04,3.2468E-04,4.1393E-04,3.2468E-04,2.2765E-04,4.1779E-04,4.5246E-04,5.7752E+03,1.6300E+05,4.3933E-04,2.2765E-04
2011-03-16 00:00:00+00:00,FTSE,1.7875E-04,1.3432E-04,9.9470E-05,1.2981E-04,1.2494E-04,1.3432E-04,1.2494E-04,1.8658E-04,1.1640E-04,2.0345E-04,5.6953E+03,1.6300E+05,1.7875E-04,1.8658E-04
2011-03-17 00:00:00+00:00,FTSE,1.4863E-04,1.5000E-04,8.1766E-05,1.5261E-04,4.6732E-05,1.5000E-04,4.6732E-05,1.0461E-04,1.3954E-04,1.4173E-04,5.5982E+03,1.6300E+05,1.4863E-04,1.0461E-04
2011-03-18 00:00:00+00:00,FTSE,9.3158E-05,7.3697E-05,2.7408E-05,8.1072E-05,4.1602E-05,7.3697E-05,4.1602E-05,7.4008E-05,7.6379E-05,8.5320E-05,5.6961E+03,1.6300E+05,9.3158E-05,7.4008E-05
2011-03-21 00:00:00+00:00,FTSE,1.0775E-04,1.2456E-04,1.4012E-05,1.5174E-04,1.2303E-05,1.2456E-04,1.2303E-05,4.0576E-05,1.5052E-04,1.1166E-04,5.7181E+03,1.6300E+05,1.0775E-04,4.0576E-05
2011-03-22 00:00:00+00:00,FTSE,3.8617E-05,4.4459E-05,1.7607E-05,3.3131E-05,1.7074E-05,4.4459E-05,1.7074E-05,3.5655E-05,2.8709E-05,3.7733E-05,5.7861E+03,1.6300E+05,3.8617E-05,3.5655E-05
2011-03-23 00:00:00+00:00,FTSE,1.1658E-04,1.2748E-04,3.9750E-05,7.9042E-05,6.8567E-05,1.2748E-04,6.8567E-05,1.0860E-04,6.9470E-05,1.1810E-04,5.7627E+03,1.6300E+05,1.1658E-04,1.0860E-04
2011-03-24 00:00:00+00:00,FTSE,4.6339E-05,4.7933E-05,1.7616E-05,4.3812E-05,1.2449E-05,4.7933E-05,1.2449E-05,4.6094E-05,3.7878E-05,5.3752E-05,5.7959E+03,1.6300E+05,4.6339E-05,4.6094E-05
2011-03-25 00:00:00+00:00,FTSE,4.3876E-05,3.4564E-05,1.7176E-05,5.5922E-05,1.1748E-05,3.4564E-05,1.1748E-05,3.2935E-05,5.5047E-05,3.9302E-05,5.8809E+03,1.6300E+05,4.3876E-05,3.2935E-05
2011-03-28 00:00:00+01:00,FTSE,2.2171E-05,2.0664E-05,9.1251E-06,2.0414E-05,9.4999E-06,2.0664E-05,9.4999E-06,2.0910E-05,1.8607E-05,2.0987E-05,5.9008E+03,1.7300E+05,2.2171E-05,2.0910E-05
2011-03-29 00:00:00+01:00,FTSE,3.2548E-05,4.2097E-05,1.3566E-05,3.0083E-05,1.2193E-05,4.2097E-05,1.2193E-05,2.8413E-05,2.6672E-05,3.9077E-05,5.9045E+03,1.7300E+05,3.2548E-05,2.8413E-05
2011-03-30 00:00:00+01:00,FTSE,4.6307E-05,4.2840E-05,6.3153E-06,5.0487E-05,1.0765E-05,4.2840E-05,1.0765E-05,2.0224E-05,4.9118E-05,3.6426E-05,5.9322E+03,1.7300E+05,4.6307E-05,2.0224E-05
2011-03-31 00:00:00+01:00,FTSE,4.8238E-05,4.8032E-05,2.1372E-05,2.8995E-05,2.2220E-05,4.8032E-05,2.2220E-05,3.8604E-05,2.6265E-05,4.7853E-05,5.9483E+03,1.7300E+05,4.8238E-05,3.8604E-05
2011-04-01 00:00:00+01:00,FTSE,7.4511E-05,8.1834E-05,1.5257E-05,6.3436E-05,1.3053E-05,8.1834E-05,1.3053E-05,3.6381E-05,5.7898E-05,7.5756E-05,5.9088E+03,1.7300E+05,7.4511E-05,3.6381E-05
2011-04-04 00:00:00+01:00,FTSE,2.4914E-05,2.3288E-05,8.6203E-06,2.5181E-05,1.4208E-05,2.3288E-05,1.4208E-05,2.3438E-05,2.2512E-05,2.5148E-05,6.0099E+03,1.7300E+05,2.4914E-05,2.3438E-05
2011-04-05 00:00:00+01:00,FTSE,2.2234E-05,1.6553E-05,1.4071E-05,2.0862E-05,1.1817E-05,1.6553E-05,1.1817E-05,2.1758E-05,1.7764E-05,1.8055E-05,6.0170E+03,1.7300E+05,2.2234E-05,2.1758E-05
2011-04-06 00:00:00+01:00,FTSE,2.8058E-05,2.4499E-05,7.3989E-06,2.3284E-05,1.0437E-05,2.4499E-05,1.0437E-05,1.8281E-05,1.9729E-05,2.6613E-05,6.0071E+03,1.7300E+05,2.8058E-05,1.8281E-05
2011-04-07 00:00:00+01:00,FTSE,4.0246E-05,3.6149E-05,1.3246E-05,3.5230E-05,1.9942E-05,3.6149E-05,1.9942E-05,3.7966E-05,2.9554E-05,3.9401E-05,6.0411E+03,1.7300E+05,4.0246E-05,3.7966E-05
2011-04-08 00:00:00+01:00,FTSE,5.9243E-05,6.5804E-05,1.0351E-05,3.4035E-05,1.1133E-05,6.5804E-05,1.1133E-05,2.1927E-05,2.6985E-05,6.0618E-05,6.0074E+03,1.7300E+05,5.9243E-05,2.1927E-05
2011-04-11 00:00:00+01:00,FTSE,2.4309E-05,2.0154E-05,1.0138E-05,2.2976E-05,1.3599E-05,2.0154E-05,1.3599E-05,2.0791E-05,2.0548E-05,1.7465E-05,6.0558E+03,1.7300E+05,2.4309E-05,2.0791E-05
2011-04-12 00:00:00+01:00,FTSE,7.1959E-05,7.4951E-05,1.0338E-05,3.9449E-05,6.2395E-05,7.4951E-05,6.2395E-05,2.8573E-05,3.4193E-05,7.3436E-05,6.0534E+03,1.7300E+05,7.1959E-05,2.8573E-05
2011-04-13 00:00:00+01:00,FTSE,4.7158E-05,4.4568E-05,1.5272E-05,3.3509E-05,1.1247E-05,4.4568E-05,1.1247E-05,2.2370E-05,2.6971E-05,5.3071E-05,5.9645E+03,1.7300E+05,4.7158E-05,2.2370E-05
2011-04-14 00:00:00+01:00,FTSE,5.4871E-05,5.5566E-05,1.6714E-05,3.2157E-05,3.8823E-05,5.5566E-05,3.8823E-05,4.4306E-05,2.7339E-05,4.9763E-05,6.0104E+03,1.7300E+05,5.4871E-05,4.4306E-05
2011-04-15 00:00:00+01:00,FTSE,4.2916E-05,5.7988E-05,1.5318E-05,2.9568E-05,1.4572E-05,5.7988E-05,1.4572E-05,3.8215E-05,2.4734E-05,5.5581E-05,5.9638E+03,1.7300E+05,4.2916E-05,3.8215E-05
2011-04-18 00:00:00+01:00,FTSE,8.7890E-05,9.2673E-05,2.7204E-05,5.0504E-05,6.2346E-05,9.2673E-05,6.2346E-05,7.4817E-05,4.3874E-05,9.3884E-05,5.9961E+03,1.7300E+05,8.7890E-05,7.4817E-05
2011-04-19 00:00:00+01:00,FTSE,6.1862E-05,4.7040E-05,1.6682E-05,4.0573E-05,1.3147E-05,4.7040E-05,1.3147E-05,2.9339E-05,3.2781E-05,5.3481E-05,5.8702E+03,1.7300E+05,6.1862E-05,2.9339E-05
2011-04-20 00:00:00+01:00,FTSE,1.8280E-04,1.8854E-04,1.4565E-05,8.8843E-05,9.2066E-06,1.8854E-04,9.2066E-06,3.8861E-05,6.6728E-05,1.9679E-04,5.8970E+03,1.7300E+05,1.8280E-04,3.8861E-05
2011-04-21 00:00:00+01:00,FTSE,3.2892E-05,2.6641E-05,1.1849E-05,2.4623E-05,1.5253E-05,2.6641E-05,1.5253E-05,2.7399E-05,2.2570E-05,2.9104E-05,6.0224E+03,1.7300E+05,3.2892E-05,2.7399E-05
2011-04-26 00:00:00+01:00,FTSE,2.4524E-05,2.3083E-05,8.8505E-06,1.8499E-05,7.2708E-06,2.3083E-05,7.2708E-06,2.4330E-05,1.6910E-05,2.3471E-05,6.0183E+03,1.7300E+05,2.4524E-05,2.4330E-05
2011-04-27 00:00:00+01:00,FTSE,2.7875E-05,2.1553E-05,1.0253E-05,1.5651E-05,1.6424E-05,2.1553E-05,1.6424E-05,2.3335E-05,1.3759E-05,2.3428E-05,6.0694E+03,1.7300E+05,2.7875E-05,2.3335E-05
2011-04-28 00:00:00+01:00,FTSE,3.2729E-05,2.4399E-05,9.9449E-06,2.4785E-05,1.5202E-05,2.4399E-05,1.5202E-05,2.4161E-05,2.1263E-05,2.9706E-05,6.0682E+03,1.7300E+05,3.2729E-05,2.4161E-05
2011-05-03 00:00:00+01:00,FTSE,5.4676E-05,5.1899E-05,1.9462E-05,3.4026E-05,1.9608E-05,5.1899E-05,1.9608E-05,3.7350E-05,2.8672E-05,5.6185E-05,6.0699E+03,1.7300E+05,5.4676E-05,3.7350E-05
2011-05-04 00:00:00+01:00,FTSE,1.3777E-04,1.3185E-04,3.2461E-05,6.1296E-05,1.1424E-04,1.3185E-04,1.1424E-04,7.5542E-05,5.0239E-05,1.2681E-04,6.0829E+03,1.7300E+05,1.3777E-04,7.5542E-05
2011-05-05 00:00:00+01:00,FTSE,6.4064E-05,6.1945E-05,3.3342E-05,4.9298E-05,4.0716E-05,6.1945E-05,4.0716E-05,5.6110E-05,4.0747E-05,7.3091E-05,5.9841E+03,1.7300E+05,6.4064E-05,5.6110E-05
2011-05-06 00:00:00+01:00,FTSE,9.4229E-05,8.9564E-05,4.0370E-05,4.1746E-05,2.7895E-05,8.9564E-05,2.7895E-05,8.2167E-05,3.6168E-05,1.0290E-04,5.9200E+03,1.7300E+05,9.4229E-05,8.2167E-05
2011-05-09 00:00:00+01:00,FTSE,7.2785E-05,8.9970E-05,3.0080E-05,6.0355E-05,4.4723E-05,8.9970E-05,4.4723E-05,5.6981E-05,4.9615E-05,8.8213E-05,5.9768E+03,1.7300E+05,7.2785E-05,5.6981E-05
2011-05-10 00:00:00+01:00,FTSE,5.0448E-05,4.0127E-05,1.8045E-05,3.8341E-05,1.5407E-05,4.0127E-05,1.5407E-05,4.6680E-05,3.3993E-05,4.9040E-05,5.9430E+03,1.7300E+05,5.0448E-05,4.6680E-05
2011-05-11 00:00:00+01:00,FTSE,4.5728E-05,4.9971E-05,3.4978E-05,3.3935E-05,2.6894E-05,4.9971E-05,2.6894E-05,4.4498E-05,3.0205E-05,5.4561E-05,6.0191E+03,1.7300E+05,4.5728E-05,4.4498E-05
2011-05-12 00:00:00+01:00,FTSE,1.5811E-04,1.2722E-04,3.4940E-05,8.1184E-05,1.2556E-04,1.2722E-04,1.2556E-04,9.2524E-05,6.4383E-05,1.5576E-04,5.9760E+03,1.7300E+05,1.5811E-04,9.2524E-05
2011-05-13 00:00:00+01:00,FTSE,7.7426E-05,8.4492E-05,3.1630E-05,4.8004E-05,3.5578E-05,8.4492E-05,3.5578E-05,5.6256E-05,3.9292E-05,8.6480E-05,5.9454E+03,1.7300E+05,7.7426E-05,5.6256E-05
2011-05-16 00:00:00+01:00,FTSE,6.6348E-05,6.9924E-05,3.1511E-05,4.6826E-05,4.1909E-05,6.9924E-05,4.1909E-05,4.8667E-05,4.0219E-05,6.7601E-05,5.9258E+03,1.7300E+05,6.6348E-05,4.8667E-05
2011-05-17 00:00:00+01:00,FTSE,8.3672E-05,9.6546E-05,4.1162E-05,6.7759E-05,5.2596E-05,9.6546E-05,5.2596E-05,7.0912E-05,5.7394E-05,9.3971E-05,5.9237E+03,1.7300E+05,8.3672E-05,7.0912E-05
2011-05-18 00:00:00+01:00,FTSE,1.3268E-04,1.1087E-04,1.9740E-05,7.1896E-05,1.2684E-05,1.1087E-04,1.2684E-05,4.6827E-05,5.5960E-05,1.2450E-04,5.8610E+03,1.7300E+05,1.3268E-04,4.6827E-05
2011-05-19 00:00:00+01:00,FTSE,1.2658E-04,8.1952E-05,1.6203E-05,7.2829E-05,2.9943E-05,8.1952E-05,2.9943E-05,7.4111E-05,5.7745E-05,1.0020E-04,5.9235E+03,1.7300E+05,1.2658E-04,7.4111E-05
2011-05-20 00:00:00+01:00,FTSE,5.1225E-05,6.0104E-05,2.2781E-05,4.5822E-05,2.7440E-05,6.0104E-05,2.7440E-05,4.9718E-05,4.0644E-05,7.0185E-05,5.9560E+03,1.7300E+05,5.1225E-05,4.9718E-05
2011-05-23 00:00:00+01:00,FTSE,2.2837E-04,1.8897E-04,2.5355E-05,1.4474E-04,2.0973E-04,1.8897E-04,2.0973E-04,6.9801E-05,1.0694E-04,2.0848E-04,5.9485E+03,1.7300E+05,2.2837E-04,6.9801E-05
2011-05-24 00:00:00+01:00,FTSE,3.6778E-05,4.3212E-05,1.4504E-05,3.5244E-05,1.5045E-05,4.3212E-05,1.5045E-05,2.9023E-05,3.1277E-05,3.9259E-05,5.8359E+03,1.7300E+05,3.6778E-05,2.9023E-05
2011-05-25 00:00:00+01:00,FTSE,1.1121E-04,8.9133E-05,3.3702E-05,8.7293E-05,7.4063E-05,8.9133E-05,7.4063E-05,6.7073E-05,6.8537E-05,9.9901E-05,5.8582E+03,1.7300E+05,1.1121E-04,6.7073E-05
2011-05-26 00:00:00+01:00,FTSE,6.2910E-05,6.9234E-05,2.0049E-05,5.4593E-05,2.9345E-05,6.9234E-05,2.9345E-05,5.0144E-05,4.8047E-05,6.3850E-05,5.8701E+03,1.7300E+05,6.2910E-05,5.0144E-05
2011-05-27 00:00:00+01:00,FTSE,1.2558E-04,1.2625E-04,2.1249E-05,6.8336E-05,1.8920E-05,1.2625E-04,1.8920E-05,3.6406E-05,5.4984E-05,1.1859E-04,5.8810E+03,1.7300E+05,1.2558E-04,3.6406E-05
2011-05-31 00:00:00+01:00,FTSE,7.8320E-05,1.0545E-04,9.2712E-06,4.2679E-05,1.8064E-05,1.0545E-04,1.8064E-05,5.0034E-05,3.5506E-05,9.0001E-05,5.9389E+03,1.7300E+05,7.8320E-05,5.0034E-05
2011-06-01 00:00:00+01:00,FTSE,3.8895E-05,3.9722E-05,1.4818E-05,3.4760E-05,2.4682E-05,3.9722E-05,2.4682E-05,3.9012E-05,3.1877E-05,5.5538E-05,5.9900E+03,1.7300E+05,3.8895E-05,3.9012E-05
2011-06-02 00:00:00+01:00,FTSE,1.5655E-04,1.4153E-04,1.5190E-05,7.5505E-05,1.3619E-04,1.4153E-04,1.3619E-04,6.0497E-05,5.8833E-05,1.4176E-04,5.9286E+03,1.7300E+05,1.5655E-04,6.0497E-05
2011-06-03 00:00:00+01:00,FTSE,6.0022E-05,6.7000E-05,2.1143E-05,6.6579E-05,3.3107E-05,6.7000E-05,3.3107E-05,6.1550E-05,5.9895E-05,6.4084E-05,5.8479E+03,1.7300E+05,6.0022E-05,6.1550E-05
2011-06-06 00:00:00+01:00,FTSE,5.4090E-05,4.0592E-05,3.2759E-05,4.2938E-05,2.9621E-05,4.0592E-05,2.9621E-05,5.0823E-05,3.8531E-05,4.3291E-05,5.8550E+03,1.7300E+05,5.4090E-05,5.0823E-05
2011-06-07 00:00:00+01:00,FTSE,3.0624E-05,3.0054E-05,1.0864E-05,3.1488E-05,1.4090E-05,3.0054E-05,1.4090E-05,3.0506E-05,2.7069E-05,4.2629E-05,5.8632E+03,1.7300E+05,3.0624E-05,3.0506E-05
2011-06-08 00:00:00+01:00,FTSE,5.5755E-05,5.9785E-05,2.2290E-05,4.1635E-05,3.8056E-05,5.9785E-05,3.8056E-05,4.9478E-05,3.6209E-05,5.6028E-05,5.8647E+03,1.7300E+05,5.5755E-05,4.9478E-05
2011-06-09 00:00:00+01:00,FTSE,4.5125E-05,4.3628E-05,1.7428E-05,3.6199E-05,1.8081E-05,4.3628E-05,1.8081E-05,4.3076E-05,3.2543E-05,5.0182E-05,5.8089E+03,1.7300E+05,4.5125E-05,4.3076E-05
2011-06-10 00:00:00+01:00,FTSE,6.3476E-05,7.9788E-05,2.4637E-05,4.2516E-05,3.6473E-05,7.9788E-05,3.6473E-05,5.9723E-05,3.7345E-05,7.5584E-05,5.8563E+03,1.7300E+05,6.3476E-05,5.9723E-05
2011-06-13 00:00:00+01:00,FTSE,2.8231E-05,2.5214E-05,1.4991E-05,2.4953E-05,1.4177E-05,2.5214E-05,1.4177E-05,2.8291E-05,2.2388E-05,2.9037E-05,5.7658E+03,1.7300E+05,2.8231E-05,2.8291E-05
2011-06-14 00:00:00+01:00,FTSE,6.2997E-05,8.2618E-05,1.1062E-05,3.7588E-05,1.6756E-05,8.2618E-05,1.6756E-05,3.9494E-05,3.1472E-05,7.5847E-05,5.7735E+03,1.7300E+05,6.2997E-05,3.9494E-05
2011-06-15 00:00:00+01:00,FTSE,3.1741E-05,3.2123E-05,1.6008E-05,2.8494E-05,2.3576E-05,3.2123E-05,2.3576E-05,2.7234E-05,2.4982E-05,4.1842E-05,5.8031E+03,1.7300E+05,3.1741E-05,2.7234E-05
2011-06-16 00:00:00+01:00,FTSE,1.5724E-04,2.0391E-04,3.7337E-05,1.0374E-04,1.0118E-04,2.0391E-04,1.0118E-04,1.1999E-04,8.7819E-05,1.8361E-04,5.7426E+03,1.7300E+05,1.5724E-04,1.1999E-04
2011-06-17 00:00:00+01:00,FTSE,1.1452E-04,1.1551E-04,4.2834E-05,5.7464E-05,6.5168E-05,1.1551E-04,6.5168E-05,1.0062E-04,5.0226E-05,1.2815E-04,5.6988E+03,1.7300E+05,1.1452E-04,1.0062E-04
2011-06-20 00:00:00+01:00,FTSE,1.0816E-04,1.2075E-04,2.9639E-05,7.3084E-05,8.2496E-05,1.2075E-04,8.2496E-05,4.8548E-05,5.8309E-05,1.2343E-04,5.7149E+03,1.7300E+05,1.0816E-04,4.8548E-05
2011-06-21 00:00:00+01:00,FTSE,5.6767E-05,3.8563E-05,1.1625E-05,3.9263E-05,9.3857E-06,3.8563E-05,9.3857E-06,3.7424E-05,3.3795E-05,4.7741E-05,5.6934E+03,1.7300E+05,5.6767E-05,3.7424E-05
2011-06-22 00:00:00+01:00,FTSE,3.4547E-05,3.5195E-05,1.5924E-05,2.6219E-05,2.0994E-05,3.5195E-05,2.0994E-05,2.5027E-05,2.3892E-05,4.1018E-05,5.7753E+03,1.7300E+05,3.4547E-05,2.5027E-05
2011-06-23 00:00:00+01:00,FTSE,8.7684E-05,7.1803E-05,2.8445E-05,5.9234E-05,6.6152E-05,7.1803E-05,6.6152E-05,6.8715E-05,5.1528E-05,7.1753E-05,5.7730E+03,1.7300E+05,8.7684E-05,6.8715E-05
2011-06-24 00:00:00+01:00,FTSE,2.9543E-04,3.0367E-04,4.5462E-05,1.6065E-04,4.1997E-05,3.0367E-04,4.1997E-05,6.9730E-05,1.2402E-04,3.1422E-04,5.6744E+03,1.7300E+05,2.9543E-04,6.9730E-05
2011-06-27 00:00:00+01:00,FTSE,6.2608E-05,6.4846E-05,3.0571E-05,4.7823E-05,2.4813E-05,6.4846E-05,2.4813E-05,6.0824E-05,4.1148E-05,6.4283E-05,5.6975E+03,1.7300E+05,6.2608E-05,6.0824E-05
2011-06-28 00:00:00+01:00,FTSE,6.0474E-05,5.2646E-05,2.8271E-05,5.0483E-05,1.9791E-05,5.2646E-05,1.9791E-05,4.9028E-05,4.2790E-05,5.8798E-05,5.7236E+03,1.7300E+05,6.0474E-05,4.9028E-05
2011-06-29 00:00:00+01:00,FTSE,1.1518E-04,1.0250E-04,2.8461E-05,7.0346E-05,1.9187E-05,1.0250E-04,1.9187E-05,5.4727E-05,6.2164E-05,1.1103E-04,5.7670E+03,1.7300E+05,1.1518E-04,5.4727E-05
2011-06-30 00:00:00+01:00,FTSE,5.5459E-05,6.5377E-05,2.0720E-05,3.0950E-05,1.0846E-05,6.5377E-05,1.0846E-05,4.1472E-05,2.7743E-05,5.5751E-05,5.8560E+03,1.7300E+05,5.5459E-05,4.1472E-05
2011-07-01 00:00:00+01:00,FTSE,2.6892E-05,3.1866E-05,7.0858E-06,2.2553E-05,8.5110E-06,3.1866E-05,8.5110E-06,2.3277E-05,2.0310E-05,4.2009E-05,5.9457E+03,1.7300E+05,2.6892E-05,2.3277E-05
2011-07-04 00:00:00+01:00,FTSE,1.1847E-05,1.2792E-05,6.8596E-06,1.2189E-05,5.1929E-06,1.2792E-05,5.1929E-06,1.0447E-05,1.1609E-05,1.0716E-05,5.9898E+03,1.7300E+05,1.1847E-05,1.0447E-05
2011-07-05 00:00:00+01:00,FTSE,2.0896E-05,2.0513E-05,8.5874E-06,1.8210E-05,9.8343E-06,2.0513E-05,9.8343E-06,1.7238E-05,1.7256E-05,2.0440E-05,6.0175E+03,1.7300E+05,2.0896E-05,1.7238E-05
2011-07-06 00:00:00+01:00,FTSE,2.8756E-05,2.7071E-05,1.8869E-05,2.4268E-05,1.6938E-05,2.7071E-05,1.6938E-05,2.8698E-05,2.1307E-05,2.9437E-05,6.0240E+03,1.7300E+05,2.8756E-05,2.8698E-05
2011-07-07 00:00:00+01:00,FTSE,3.5730E-05,4.6913E-05,8.7499E-06,4.3319E-05,9.1401E-06,4.6913E-05,9.1401E-06,2.6181E-05,3.5933E-05,4.9176E-05,6.0031E+03,1.7300E+05,3.5730E-05,2.6181E-05
2011-07-08 00:00:00+01:00,FTSE,1.1441E-04,8.4056E-05,2.6530E-05,7.3527E-05,8.9855E-05,8.4056E-05,8.9855E-05,1.1321E-04,6.0963E-05,1.5159E-04,6.0546E+03,1.7300E+05,1.1441E-04,1.1321E-04
2011-07-11 00:00:00+01:00,FTSE,5.9724E-05,5.6791E-05,2.5471E-05,4.2581E-05,3.9087E-05,5.6791E-05,3.9087E-05,5.2406E-05,3.6385E-05,6.1395E-05,5.9906E+03,1.7300E+05,5.9724E-05,5.2406E-05
2011-07-12 00:00:00+01:00,FTSE,2.9668E-04,3.3338E-04,8.2966E-05,1.7814E-04,2.2269E-04,3.3338E-04,2.2269E-04,2.1392E-04,1.4429E-04,3.2514E-04,5.9283E+03,1.7300E+05,2.9668E-04,2.1392E-04
2011-07-13 00:00:00+01:00,FTSE,6.8006E-05,6.9373E-05,2.8749E-05,4.1656E-05,2.7311E-05,6.9373E-05,2.7311E-05,5.6616E-05,3.6921E-05,5.4857E-05,5.8688E+03,1.7300E+05,6.8006E-05,5.6616E-05
2011-07-14 00:00:00+01:00,FTSE,1.2069E-04,1.1882E-04,3.9531E-05,8.9563E-05,9.0720E-05,1.1882E-04,9.0720E-05,6.3932E-05,6.9921E-05,1.2676E-04,5.9064E+03,1.7300E+05,1.2069E-04,6.3932E-05
2011-07-15 00:00:00+01:00,FTSE,8.1511E-05,7.7801E-05,2.3269E-05,5.4839E-05,4.7542E-05,7.7801E-05,4.7542E-05,4.8939E-05,4.7039E-05,7.4485E-05,5.8470E+03,1.7300E+05,8.1511E-05,4.8939E-05
2011-07-18 00:00:00+01:00,FTSE,8.9558E-05,6.5521E-05,2.1111E-05,7.7695E-05,7.3476E-05,6.5521E-05,7.3476E-05,5.1462E-05,6.2495E-05,7.6210E-05,5.8437E+03,1.7300E+05,8.9558E-05,5.1462E-05
2011-07-19 00:00:00+01:00,FTSE,5.5688E-05,4.3906E-05,2.2218E-05,4.1811E-05,1.9126E-05,4.3906E-05,1.9126E-05,4.4322E-05,3.7739E-05,5.0186E-05,5.7528E+03,1.7300E+05,5.5688E-05,4.4322E-05
2011-07-20 00:00:00+01:00,FTSE,5.5069E-05,6.0358E-05,2.8197E-05,5.2516E-05,1.5712E-05,6.0358E-05,1.5712E-05,4.2181E-05,4.7005E-05,7.3345E-05,5.7901E+03,1.7300E+05,5.5069E-05,4.2181E-05
2011-07-21 00:00:00+01:00,FTSE,1.1310E-04,1.5106E-04,4.4711E-05,6.8721E-05,3.7819E-05,1.5106E-04,3.7819E-05,1.0150E-04,6.0174E-05,1.4458E-04,5.8538E+03,1.7300E+05,1.1310E-04,1.0150E-04
2011-07-22 00:00:00+01:00,FTSE,6.1429E-05,5.0227E-05,1.3393E-05,5.3867E-05,1.6010E-05,5.0227E-05,1.6010E-05,3.3401E-05,4.4050E-05,6.2041E-05,5.9000E+03,1.7300E+05,6.1429E-05,3.3401E-05
2011-07-25 00:00:00+01:00,FTSE,9.3581E-05,5.6707E-05,2.5708E-05,5.4055E-05,6.1487E-05,5.6707E-05,6.1487E-05,6.8790E-05,4.5134E-05,7.2133E-05,5.9343E+03,1.7300E+05,9.3581E-05,6.8790E-05
2011-07-26 00:00:00+01:00,FTSE,5.4491E-05,6.0315E-05,2.7250E-05,4.3905E-05,2.5191E-05,6.0315E-05,2.5191E-05,5.6683E-05,3.8411E-05,7.2646E-05,5.9253E+03,1.7300E+05,5.4491E-05,5.6683E-05
2011-07-27 00:00:00+01:00,FTSE,8.8083E-05,1.0539E-04,2.9962E-05,4.7299E-05,6.1543E-05,1.0539E-04,6.1543E-05,6.5540E-05,4.0144E-05,1.0021E-04,5.9296E+03,1.7300E+05,8.8083E-05,6.5540E-05
2011-07-28 00:00:00+01:00,FTSE,1.0862E-04,7.8485E-05,4.0716E-05,9.7089E-05,7.3397E-05,7.8485E-05,7.3397E-05,7.3945E-05,7.6102E-05,1.1257E-04,5.8565E+03,1.7300E+05,1.0862E-04,7.3945E-05
2011-07-29 00:00:00+01:00,FTSE,2.2973E-04,1.7773E-04,4.1564E-05,1.3631E-04,1.7034E-04,1.7773E-04,1.7034E-04,1.3629E-04,1.0816E-04,1.9733E-04,5.8732E+03,1.7300E+05,2.2973E-04,1.3629E-04
2011-08-01 00:00:00+01:00,FTSE,2.7910E-04,2.2719E-04,4.0506E-05,1.8027E-04,1.4094E-04,2.2719E-04,1.4094E-04,2.0429E-04,1.5955E-04,2.9749E-04,5.8152E+03,1.7300E+05,2.7910E-04,2.0429E-04
2011-08-02 00:00:00+01:00,FTSE,9.9457E-05,1.0092E-04,5.7260E-05,7.9186E-05,5.6378E-05,1.0092E-04,5.6378E-05,7.4664E-05,6.9603E-05,1.0025E-04,5.7744E+03,1.7300E+05,9.9457E-05,7.4664E-05
2011-08-03 00:00:00+01:00,FTSE,3.5619E-04,3.1224E-04,8.8747E-05,2.4534E-04,2.8956E-04,3.1224E-04,2.8956E-04,2.1841E-04,1.8810E-04,3.6680E-04,5.7181E+03,1.7300E+05,3.5619E-04,2.1841E-04
2011-08-04 00:00:00+01:00,FTSE,2.6284E-04,2.5948E-04,1.4673E-04,2.6294E-04,1.6400E-04,2.5948E-04,1.6400E-04,2.6043E-04,2.1134E-04,3.0100E-04,5.5851E+03,1.7300E+05,2.6284E-04,2.6043E-04
2011-08-05 00:00:00+01:00,FTSE,1.4544E-03,1.6509E-03,3.0530E-04,8.3315E-04,1.1262E-03,1.6509E-03,1.1262E-03,6.5110E-04,6.3804E-04,1.7910E-03,5.3931E+03,1.7300E+05,1.4544E-03,6.5110E-04
2011-08-08 00:00:00+01:00,FTSE,6.4697E-04,6.8800E-04,2.6626E-04,5.8000E-04,3.3045E-04,6.8800E-04,3.3045E-04,5.7884E-04,4.9781E-04,6.2337E-04,5.2470E+03,1.7300E+05,6.4697E-04,5.7884E-04
2011-08-09 00:00:00+01:00,FTSE,1.7768E-03,1.8744E-03,9.8943E-04,1.0629E-03,8.3589E-04,1.8744E-03,8.3589E-04,1.9469E-03,8.8711E-04,1.9010E-03,5.0690E+03,1.7300E+05,1.7768E-03,1.9469E-03
2011-08-10 00:00:00+01:00,FTSE,9.3487E-04,7.9997E-04,4.3937E-04,7.2695E-04,4.3248E-04,7.9997E-04,4.3248E-04,8.1482E-04,6.0185E-04,1.0179E-03,5.1649E+03,1.7300E+05,9.3487E-04,8.1482E-04
2011-08-11 00:00:00+01:00,FTSE,1.3914E-03,1.2022E-03,4.8519E-04,1.2725E-03,4.4566E-04,1.2022E-03,4.4566E-04,9.9140E-04,1.0358E-03,1.2119E-03,5.0072E+03,1.7300E+05,1.3914E-03,9.9140E-04
2017-12-08 00:00:00+00:00,DAX,1.9900E-05,2.1100E-05,9.5200E-06,3.2000E-05,8.8000E-06,2.1100E-05,8.8000E-06,1.7200E-05,3.1000E-05,2.4500E-05,1.3147E+04,1.7324E+05,1.9900E-05,1.7200E-05
2017-12-11 00:00:00+00:00,DAX,1.5800E-05,1.8000E-05,8.7800E-06,1.9200E-05,8.5700E-06,1.8000E-05,8.5700E-06,1.7100E-05,1.8900E-05,1.5400E-05,1.3182E+04,1.7324E+05,1.5800E-05,1.7100E-05
2017-12-12 00:00:00+00:00,DAX,2.7800E-05,3.3000E-05,9.0500E-06,2.4400E-05,9.8100E-06,3.3000E-05,9.8100E-06,2.2400E-05,2.4600E-05,2.9900E-05,1.3131E+04,1.7303E+05,2.7800E-05,2.2400E-05
2017-12-13 00:00:00+00:00,DAX,2.0800E-05,2.1200E-05,1.1400E-05,1.7400E-05,1.1300E-05,2.1200E-05,1.1300E-05,1.8900E-05,1.6800E-05,1.6800E-05,1.3149E+04,1.7303E+05,2.0800E-05,1.8900E-05
2017-12-14 00:00:00+00:00,DAX,3.7000E-05,3.9600E-05,1.8300E-05,3.7800E-05,1.9400E-05,3.9600E-05,1.9400E-05,3.2800E-05,3.6800E-05,4.7600E-05,1.3107E+04,1.7323E+05,3.7000E-05,3.2800E-05
2017-12-15 00:00:00+00:00,DAX,2.1700E-05,2.4600E-05,1.1000E-05,2.6100E-05,6.9700E-06,2.4600E-05,6.9700E-06,2.1200E-05,2.5900E-05,2.4800E-05,1.3028E+04,1.7322E+05,2.1700E-05,2.1200E-05
2017-12-18 00:00:00+00:00,DAX,1.7500E-05,1.8700E-05,5.5300E-06,2.1500E-05,6.3000E-06,1.8700E-05,6.3000E-06,1.3900E-05,2.2100E-05,2.0900E-05,1.3212E+04,1.7324E+05,1.7500E-05,1.3900E-05
2017-12-19 00:00:00+00:00,DAX,1.7800E-05,1.7500E-05,6.0000E-06,1.5700E-05,1.3900E-05,1.7500E-05,1.3900E-05,1.3700E-05,1.5300E-05,1.7900E-05,1.3315E+04,1.7303E+05,1.7800E-05,1.3700E-05
2017-12-20 00:00:00+00:00,DAX,7.4200E-05,5.5700E-05,2.5000E-05,5.6000E-05,5.2300E-05,5.5700E-05,5.2300E-05,7.2800E-05,5.3900E-05,7.8700E-05,1.3244E+04,1.7324E+05,7.4200E-05,7.2800E-05
2017-12-21 00:00:00+00:00,DAX,2.9000E-05,3.2000E-05,9.4500E-06,2.6700E-05,1.6200E-05,3.2000E-05,1.6200E-05,1.7000E-05,2.6100E-05,3.1100E-05,1.3066E+04,1.7324E+05,2.9000E-05,1.7000E-05
2017-12-22 00:00:00+00:00,DAX,1.3500E-05,1.2200E-05,6.8300E-06,1.6400E-05,8.3100E-06,1.2200E-05,8.3100E-06,1.3400E-05,1.6500E-05,1.0900E-05,1.3077E+04,1.7303E+05,1.3500E-05,1.3400E-05
2017-12-27 00:00:00+00:00,DAX,2.9100E-05,3.6300E-05,7.0000E-06,2.3000E-05,1.0800E-05,3.6300E-05,1.0800E-05,1.8500E-05,2.2500E-05,4.0000E-05,1.3070E+04,1.7303E+05,2.9100E-05,1.8500E-05
2017-12-28 00:00:00+00:00,DAX,1.5900E-05,1.7900E-05,3.0800E-06,1.3400E-05,1.2800E-05,1.7900E-05,1.2800E-05,7.9600E-06,1.3700E-05,1.8500E-05,1.3065E+04,1.7303E+05,1.5900E-05,7.9600E-06
2017-12-29 00:00:00+00:00,DAX,1.1200E-05,1.4300E-05,6.5200E-06,9.8700E-06,7.9400E-06,1.4300E-05,7.9400E-06,1.0600E-05,9.4500E-06,9.0900E-06,1.2980E+04,1.4150E+05,1.1200E-05,1.0600E-05
2018-01-02 00:00:00+00:00,DAX,6.8500E-05,7.2500E-05,2.2900E-05,5.5000E-05,4.1200E-05,7.2500E-05,4.1200E-05,5.8000E-05,5.6700E-05,8.3300E-05,1.2898E+04,1.7323E+05,6.8500E-05,5.8000E-05
2018-01-03 00:00:00+00:00,DAX,3.1000E-05,3.2300E-05,1.5100E-05,3.1500E-05,1.3400E-05,3.2300E-05,1.3400E-05,2.7500E-05,3.2500E-05,3.1500E-05,1.2916E+04,1.7303E+05,3.1000E-05,2.7500E-05
2018-01-04 00:00:00+00:00,DAX,2.8900E-05,2.8400E-05,1.2400E-05,2.3800E-05,1.2100E-05,2.8400E-05,1.2100E-05,2.7500E-05,2.3500E-05,3.0800E-05,1.3066E+04,1.7325E+05,2.8900E-05,2.7500E-05
2018-01-05 00:00:00+00:00,DAX,3.4100E-05,3.6800E-05,1.9100E-05,2.9200E-05,1.3900E-05,3.6800E-05,1.3900E-05,3.1000E-05,2.8900E-05,2.6600E-05,1.3219E+04,1.7325E+05,3.4100E-05,3.1000E-05
2018-01-08 00:00:00+00:00,DAX,2.0500E-05,1.8000E-05,1.1100E-05,2.1500E-05,1.1400E-05,1.8000E-05,1.1400E-05,2.1300E-05,2.1800E-05,1.7000E-05,1.3400E+04,1.7325E+05,2.0500E-05,2.1300E-05
2018-01-09 00:00:00+00:00,DAX,1.7900E-05,1.8600E-05,7.0400E-06,2.1500E-05,1.0300E-05,1.8600E-05,1.0300E-05,1.4800E-05,2.2100E-05,1.6600E-05,1.3383E+04,1.7303E+05,1.7900E-05,1.4800E-05
2018-01-10 00:00:00+00:00,DAX,4.7400E-05,4.5900E-05,1.9800E-05,4.0600E-05,2.6900E-05,4.5900E-05,2.6900E-05,4.1600E-05,3.9500E-05,3.7400E-05,1.3355E+04,1.7324E+05,4.7400E-05,4.1600E-05
2018-01-11 00:00:00+00:00,DAX,4.1400E-05,4.0000E-05,1.1000E-05,3.0800E-05,2.3600E-05,4.0000E-05,2.3600E-05,3.6100E-05,3.0100E-05,3.4000E-05,1.3281E+04,1.7323E+05,4.1400E-05,3.6100E-05
2018-01-12 00:00:00+00:00,DAX,2.8900E-05,2.7300E-05,1.1200E-05,2.6600E-05,1.5200E-05,2.7300E-05,1.5200E-05,2.4900E-05,2.6700E-05,2.7600E-05,1.3241E+04,1.7323E+05,2.8900E-05,2.4900E-05
2018-01-15 00:00:00+00:00,DAX,2.1600E-05,2.2700E-05,7.1400E-06,2.0300E-05,1.3500E-05,2.2700E-05,1.3500E-05,2.1000E-05,1.9200E-05,1.9200E-05,1.3244E+04,1.7303E+05,2.1600E-05,2.1000E-05
2018-01-16 00:00:00+00:00,DAX,4.0200E-05,3.5200E-05,1.8900E-05,3.9000E-05,2.0100E-05,3.5200E-05,2.0100E-05,3.2100E-05,3.6900E-05,4.4700E-05,1.3239E+04,1.7450E+05,4.0200E-05,3.2100E-05
2018-01-17 00:00:00+00:00,DAX,4.4200E-05,3.5500E-05,1.6000E-05,3.2900E-05,2.3300E-05,3.5500E-05,2.3300E-05,4.4500E-05,3.2100E-05,2.9500E-05,1.3201E+04,1.7303E+05,4.4200E-05,4.4500E-05
2018-01-18 00:00:00+00:00,DAX,3.0700E-05,2.6300E-05,1.1200E-05,3.5500E-05,1.6000E-05,2.6300E-05,1.6000E-05,2.8200E-05,3.3800E-05,3.4400E-05,1.3250E+04,1.7323E+05,3.0700E-05,2.8200E-05
2018-01-19 00:00:00+00:00,DAX,3.3800E-05,3.0500E-05,1.5600E-05,3.0300E-05,9.2000E-06,3.0500E-05,9.2000E-06,2.6400E-05,2.8100E-05,2.5800E-05,1.3298E+04,1.7323E+05,3.3800E-05,2.6400E-05
2018-01-22 00:00:00+00:00,DAX,1.2900E-05,1.0900E-05,6.5700E-06,1.7600E-05,6.4000E-06,1.0900E-05,6.4000E-06,1.3100E-05,1.7300E-05,1.1200E-05,1.3435E+04,1.7324E+05,1.2900E-05,1.3100E-05
2018-01-23 00:00:00+00:00,DAX,2.3600E-05,2.2700E-05,1.2300E-05,2.5600E-05,1.4400E-05,2.2700E-05,1.4400E-05,2.0500E-05,2.5900E-05,1.8300E-05,1.3577E+04,1.7325E+05,2.3600E-05,2.0500E-05
2018-01-24 00:00:00+00:00,DAX,2.9600E-05,2.8400E-05,9.1300E-06,2.2300E-05,2.2000E-05,2.8400E-05,2.2000E-05,2.0300E-05,2.1300E-05,2.4600E-05,1.3573E+04,1.7322E+05,2.9600E-05,2.0300E-05
2018-01-25 00:00:00+00:00,DAX,8.0000E-05,9.0700E-05,2.7600E-05,7.0400E-05,4.9700E-05,9.0700E-05,4.9700E-05,8.3700E-05,6.7000E-05,8.1700E-05,1.3374E+04,1.7321E+05,8.0000E-05,8.3700E-05
2018-01-26 00:00:00+00:00,DAX,2.4300E-05,2.0900E-05,1.2400E-05,2.6800E-05,8.6500E-06,2.0900E-05,8.6500E-06,2.1300E-05,2.5700E-05,1.8800E-05,1.3298E+04,1.7323E+05,2.4300E-05,2.1300E-05
2018-01-29 00:00:00+00:00,DAX,3.3900E-05,3.3700E-05,1.7600E-05,2.8600E-05,1.8700E-05,3.3700E-05,1.8700E-05,3.3100E-05,2.7800E-05,3.7100E-05,1.3359E+04,1.7324E+05,3.3900E-05,3.3100E-05
2018-01-30 00:00:00+00:00,DAX,4.2300E-05,4.6600E-05,2.2500E-05,4.3100E-05,2.3000E-05,4.6600E-05,2.3000E-05,4.4400E-05,4.1100E-05,5.2600E-05,1.3224E+04,1.7325E+05,4.2300E-05,4.4400E-05
2018-01-31 00:00:00+00:00,DAX,2.5300E-05,1.8900E-05,7.3700E-06,2.3500E-05,1.2400E-05,1.8900E-05,1.2400E-05,1.9000E-05,2.2500E-05,2.3300E-05,1.3211E+04,1.7331E+05,2.5300E-05,1.9000E-05
2018-02-01 00:00:00+00:00,DAX,1.0026E-04,1.0137E-04,3.5700E-05,9.7000E-05,7.5100E-05,1.0137E-04,7.5100E-05,8.8500E-05,9.0200E-05,1.1973E-04,1.3235E+04,1.7325E+05,1.0026E-04,8.8500E-05
2018-02-02 00:00:00+00:00,DAX,7.2700E-05,8.1400E-05,4.9100E-05,7.2200E-05,4.3000E-05,8.1400E-05,4.3000E-05,7.6500E-05,7.0900E-05,8.1300E-05,1.2955E+04,1.7323E+05,7.2700E-05,7.6500E-05
2018-02-05 00:00:00+00:00,DAX,8.0100E-05,8.3100E-05,3.7000E-05,7.6600E-05,3.8400E-05,8.3100E-05,3.8400E-05,7.1600E-05,7.7000E-05,7.7900E-05,1.2688E+04,1.7335E+05,8.0100E-05,7.1600E-05
2018-02-06 00:00:00+00:00,DAX,3.5660E-04,3.6161E-04,2.1204E-04,3.2075E-04,1.2158E-04,3.6161E-04,1.2158E-04,3.1758E-04,3.1599E-04,3.7927E-04,1.2233E+04,1.7346E+05,3.5660E-04,3.1758E-04
2018-02-07 00:00:00+00:00,DAX,8.2900E-05,8.0000E-05,5.7900E-05,9.3000E-05,3.2600E-05,8.0000E-05,3.2600E-05,8.3000E-05,9.3100E-05,8.1000E-05,1.2479E+04,1.7326E+05,8.2900E-05,8.3000E-05
2018-02-08 00:00:00+00:00,DAX,1.2236E-04,1.2865E-04,7.8400E-05,1.2350E-04,8.3900E-05,1.2865E-04,8.3900E-05,1.1736E-04,1.2091E-04,1.5530E-04,1.2506E+04,1.7336E+05,1.2236E-04,1.1736E-04
2018-02-09 00:00:00+00:00,DAX,2.8766E-04,2.5020E-04,1.9038E-04,2.3736E-04,1.6470E-04,2.5020E-04,1.6470E-04,3.0749E-04,2.2698E-04,2.7424E-04,1.2263E+04,1.7324E+05,2.8766E-04,3.0749E-04
2018-02-12 00:00:00+00:00,DAX,9.6400E-05,8.2200E-05,4.4800E-05,9.7900E-05,4.1200E-05,8.2200E-05,4.1200E-05,9.2900E-05,9.9100E-05,1.0210E-04,1.2239E+04,1.7336E+05,9.6400E-05,9.2900E-05
2018-02-13 00:00:00+00:00,DAX,6.2400E-05,6.6300E-05,3.4100E-05,8.1500E-05,3.2900E-05,6.6300E-05,3.2900E-05,5.7000E-05,8.1100E-05,4.6000E-05,1.2283E+04,1.7324E+05,6.2400E-05,5.7000E-05
2018-02-14 00:00:00+00:00,DAX,2.4595E-04,2.3642E-04,2.4200E-05,2.0916E-04,1.7984E-04,2.3642E-04,1.7984E-04,1.0231E-04,1.9474E-04,2.4391E-04,1.2295E+04,1.7325E+05,2.4595E-04,1.0231E-04
2018-02-15 00:00:00+00:00,DAX,6.2500E-05,6.9800E-05,2.7900E-05,8.0700E-05,3.9300E-05,6.9800E-05,3.9300E-05,5.3800E-05,8.2100E-05,5.8000E-05,1.2425E+04,1.7325E+05,6.2500E-05,5.3800E-05
2018-02-16 00:00:00+00:00,DAX,5.4400E-05,5.9200E-05,2.9800E-05,5.5800E-05,2.4800E-05,5.9200E-05,2.4800E-05,6.2700E-05,5.4100E-05,6.3600E-05,1.2408E+04,1.7303E+05,5.4400E-05,6.2700E-05
2018-02-19 00:00:00+00:00,DAX,3.5500E-05,3.7200E-05,2.0300E-05,2.9800E-05,2.2200E-05,3.7200E-05,2.2200E-05,3.3000E-05,2.7700E-05,3.5700E-05,1.2495E+04,1.7326E+05,3.5500E-05,3.3000E-05
2018-02-20 00:00:00+00:00,DAX,6.0800E-05,6.9000E-05,2.1300E-05,3.8500E-05,2.6100E-05,6.9000E-05,2.6100E-05,5.2400E-05,3.7200E-05,5.9700E-05,1.2404E+04,1.7303E+05,6.0800E-05,5.2400E-05
2018-02-21 00:00:00+00:00,DAX,5.2700E-05,4.1400E-05,3.0500E-05,4.4100E-05,2.8000E-05,4.1400E-05,2.8000E-05,4.6900E-05,4.2300E-05,4.5400E-05,1.2457E+04,1.7303E+05,5.2700E-05,4.6900E-05
2018-02-22 00:00:00+00:00,DAX,8.1600E-05,1.2095E-04,3.9300E-05,6.6600E-05,3.3300E-05,1.2095E-04,3.3300E-05,8.4800E-05,6.3700E-05,9.9100E-05,1.2359E+04,1.7324E+05,8.1600E-05,8.4800E-05
2018-02-23 00:00:00+00:00,DAX,3.4500E-05,2.7300E-05,2.3300E-05,4.4900E-05,1.8300E-05,2.7300E-05,1.8300E-05,3.4400E-05,4.3100E-05,3.2300E-05,1.2492E+04,1.7321E+05,3.4500E-05,3.4400E-05
2018-02-26 00:00:00+00:00,DAX,3.0800E-05,3.0500E-05,1.8900E-05,3.0900E-05,1.4500E-05,3.0500E-05,1.4500E-05,3.2800E-05,3.0000E-05,3.2600E-05,1.2566E+04,1.7323E+05,3.0800E-05,3.2800E-05
2018-02-27 00:00:00+00:00,DAX,7.2300E-05,6.2900E-05,2.5900E-05,5.0700E-05,4.7800E-05,6.2900E-05,4.7800E-05,4.1600E-05,5.0300E-05,6.2200E-05,1.2574E+04,1.7324E+05,7.2300E-05,4.1600E-05
2018-02-28 00:00:00+00:00,DAX,3.9300E-05,3.8300E-05,1.7600E-05,3.1800E-05,2.1900E-05,3.8300E-05,2.1900E-05,2.9600E-05,3.2400E-05,3.8100E-05,1.2427E+04,1.7322E+05,3.9300E-05,2.9600E-05
2018-03-01 00:00:00+00:00,DAX,1.4460E-04,1.3668E-04,5.9400E-05,1.1386E-04,8.6300E-05,1.3668E-04,8.6300E-05,1.6264E-04,1.0955E-04,1.3766E-04,1.2386E+04,1.7324E+05,1.4460E-04,1.6264E-04
2018-03-02 00:00:00+00:00,DAX,8.4800E-05,1.0271E-04,4.4600E-05,9.6800E-05,4.6900E-05,1.0271E-04,4.6900E-05,7.8800E-05,9.7400E-05,8.2100E-05,1.2052E+04,1.7324E+05,8.4800E-05,7.8800E-05
2018-03-05 00:00:00+00:00,DAX,1.1930E-04,1.3471E-04,5.7100E-05,1.0555E-04,3.2100E-05,1.3471E-04,3.2100E-05,1.2446E-04,1.0063E-04,1.7583E-04,1.1832E+04,1.7326E+05,1.1930E-04,1.2446E-04
2018-03-06 00:00:00+00:00,DAX,6.1400E-05,6.4000E-05,3.8900E-05,6.5900E-05,3.6500E-05,6.4000E-05,3.6500E-05,5.3200E-05,6.5600E-05,6.0400E-05,1.2229E+04,1.7326E+05,6.1400E-05,5.3200E-05
2018-03-07 00:00:00+00:00,DAX,1.1463E-04,1.1682E-04,4.6600E-05,9.1200E-05,4.1300E-05,1.1682E-04,4.1300E-05,1.0443E-04,8.7400E-05,1.0563E-04,1.2060E+04,1.7323E+05,1.1463E-04,1.0443E-04
2018-03-08 00:00:00+00:00,DAX,6.9200E-05,7.0300E-05,4.5500E-05,6.6000E-05,2.1900E-05,7.0300E-05,2.1900E-05,6.1000E-05,6.5300E-05,7.7600E-05,1.2238E+04,1.7324E+05,6.9200E-05,6.1000E-05
2018-03-09 00:00:00+00:00,DAX,6.6600E-05,5.5300E-05,2.5800E-05,7.3700E-05,2.2000E-05,5.5300E-05,2.2000E-05,6.7300E-05,7.1700E-05,8.8800E-05,1.2332E+04,1.7303E+05,6.6600E-05,6.7300E-05
2018-03-12 00:00:00+00:00,DAX,3.9700E-05,3.7500E-05,2.8100E-05,3.4400E-05,2.3200E-05,3.7500E-05,2.3200E-05,3.8600E-05,3.3600E-05,3.8200E-05,1.2453E+04,1.7326E+05,3.9700E-05,3.8600E-05
2018-03-13 00:00:00+00:00,DAX,8.2300E-05,6.6600E-05,4.0400E-05,8.0900E-05,5.8300E-05,6.6600E-05,5.8300E-05,8.3300E-05,7.6700E-05,7.6900E-05,1.2426E+04,1.7324E+05,8.2300E-05,8.3300E-05
2018-03-14 00:00:00+00:00,DAX,7.2100E-05,6.9000E-05,4.2800E-05,6.5300E-05,3.9000E-05,6.9000E-05,3.9000E-05,6.3300E-05,6.4200E-05,4.6800E-05,1.2212E+04,1.7325E+05,7.2100E-05,6.3300E-05
2018-03-15 00:00:00+00:00,DAX,5.7300E-05,5.1600E-05,3.0500E-05,5.6800E-05,2.4300E-05,5.1600E-05,2.4300E-05,5.6300E-05,5.6700E-05,6.0400E-05,1.2284E+04,1.7323E+05,5.7300E-05,5.6300E-05
2018-03-16 00:00:00+00:00,DAX,6.8500E-05,7.2900E-05,2.3300E-05,5.4900E-05,2.6100E-05,7.2900E-05,2.6100E-05,5.0900E-05,5.3400E-05,6.5200E-05,1.2346E+04,1.7356E+05,6.8500E-05,5.0900E-05
2018-03-19 00:00:00+00:00,DAX,8.8300E-05,9.6500E-05,2.2900E-05,7.0500E-05,6.1600E-05,9.6500E-05,6.1600E-05,8.0300E-05,6.7400E-05,1.1318E-04,1.2347E+04,1.7324E+05,8.8300E-05,8.0300E-05
2018-03-20 00:00:00+00:00,DAX,4.4400E-05,4.7600E-05,2.9700E-05,4.4500E-05,2.1200E-05,4.7600E-05,2.1200E-05,3.9400E-05,4.3100E-05,5.2200E-05,1.2261E+04,1.7322E+05,4.4400E-05,3.9400E-05
2018-03-21 00:00:00+00:00,DAX,4.5500E-05,4.4300E-05,2.4000E-05,4.5300E-05,2.3200E-05,4.4300E-05,2.3200E-05,4.8200E-05,4.5600E-05,4.0000E-05,1.2337E+04,1.7323E+05,4.5500E-05,4.8200E-05
2018-03-22 00:00:00+00:00,DAX,1.0520E-04,1.2025E-04,6.4300E-05,1.0070E-04,5.6500E-05,1.2025E-04,5.6500E-05,1.0162E-04,9.3800E-05,1.1999E-04,1.2188E+04,1.7325E+05,1.0520E-04,1.0162E-04
2018-03-23 00:00:00+00:00,DAX,1.6858E-04,1.6645E-04,6.1200E-05,1.2187E-04,9.2900E-05,1.6645E-04,9.2900E-05,1.6567E-04,1.1631E-04,1.8891E-04,1.1996E+04,1.7325E+05,1.6858E-04,1.6567E-04
2018-03-26 00:00:00+01:00,DAX,1.4743E-04,1.0343E-04,3.6400E-05,9.9800E-05,8.3500E-05,1.0343E-04,8.3500E-05,1.5138E-04,9.6800E-05,9.6000E-05,1.1920E+04,1.8323E+05,1.4743E-04,1.5138E-04
2018-03-27 00:00:00+01:00,DAX,6.8500E-05,5.4700E-05,4.2700E-05,6.2800E-05,3.8700E-05,5.4700E-05,3.8700E-05,7.0000E-05,6.1900E-05,4.7700E-05,1.1996E+04,1.8334E+05,6.8500E-05,7.0000E-05
2018-03-28 00:00:00+01:00,DAX,1.1877E-04,1.5827E-04,6.7800E-05,1.3891E-04,5.6000E-05,1.5827E-04,5.6000E-05,1.2903E-04,1.3692E-04,1.2457E-04,1.1868E+04,1.8324E+05,1.1877E-04,1.2903E-04
2018-03-29 00:00:00+01:00,DAX,7.3800E-05,7.6300E-05,3.6500E-05,6.9000E-05,2.5600E-05,7.6300E-05,2.5600E-05,6.7200E-05,6.7200E-05,6.8500E-05,1.1956E+04,1.8303E+05,7.3800E-05,6.7200E-05
2018-04-03 00:00:00+01:00,DAX,8.3300E-05,8.1800E-05,4.0500E-05,7.3800E-05,3.8300E-05,8.1800E-05,3.8300E-05,7.6200E-05,7.0800E-05,1.0457E-04,1.1997E+04,1.8323E+05,8.3300E-05,7.6200E-05
2018-04-04 00:00:00+01:00,DAX,1.0390E-04,1.0367E-04,6.2300E-05,1.0381E-04,5.5600E-05,1.0367E-04,5.5600E-05,9.9000E-05,1.0218E-04,1.1057E-04,1.2000E+04,1.8303E+05,1.0390E-04,9.9000E-05
2018-04-05 00:00:00+01:00,DAX,4.3700E-05,3.5800E-05,2.0700E-05,4.8600E-05,1.3800E-05,3.5800E-05,1.3800E-05,3.3100E-05,4.7500E-05,4.3900E-05,1.2154E+04,1.8330E+05,4.3700E-05,3.3100E-05
2018-04-06 00:00:00+01:00,DAX,5.7300E-05,4.5500E-05,3.0000E-05,5.9000E-05,2.5300E-05,4.5500E-05,2.5300E-05,6.2200E-05,5.6400E-05,3.6300E-05,1.2243E+04,1.8303E+05,5.7300E-05,6.2200E-05
2018-04-09 00:00:00+01:00,DAX,6.1300E-05,9.7200E-05,3.6400E-05,5.1500E-05,3.9000E-05,9.7200E-05,3.9000E-05,6.7100E-05,4.9500E-05,7.6900E-05,1.2311E+04,1.8324E+05,6.1300E-05,6.7100E-05
2018-04-10 00:00:00+01:00,DAX,4.8900E-05,4.8100E-05,1.8000E-05,5.4800E-05,2.5500E-05,4.8100E-05,2.5500E-05,3.9200E-05,5.4600E-05,2.6800E-05,1.2390E+04,1.8326E+05,4.8900E-05,3.9200E-05
2018-04-11 00:00:00+01:00,DAX,3.7100E-05,4.1400E-05,1.9000E-05,4.5000E-05,2.2300E-05,4.1400E-05,2.2300E-05,3.5900E-05,4.5100E-05,4.8900E-05,1.2372E+04,1.8324E+05,3.7100E-05,3.5900E-05
2018-04-12 00:00:00+01:00,DAX,3.4400E-05,3.2200E-05,1.6700E-05,4.0900E-05,9.9000E-06,3.2200E-05,9.9000E-06,3.0300E-05,3.8800E-05,3.3200E-05,1.2282E+04,1.8303E+05,3.4400E-05,3.0300E-05
2018-04-13 00:00:00+01:00,DAX,2.6300E-05,3.2900E-05,1.2600E-05,2.9700E-05,1.4700E-05,3.2900E-05,1.4700E-05,2.4800E-05,2.8800E-05,3.3500E-05,1.2461E+04,1.8303E+05,2.6300E-05,2.4800E-05
2018-04-16 00:00:00+01:00,DAX,2.4800E-05,2.1100E-05,1.0600E-05,2.5300E-05,1.6200E-05,2.1100E-05,1.6200E-05,2.0100E-05,2.5100E-05,2.1200E-05,1.2479E+04,1.8303E+05,2.4800E-05,2.0100E-05
2018-04-17 00:00:00+01:00,DAX,3.0500E-05,3.2700E-05,1.4900E-05,2.1100E-05,8.9500E-06,3.2700E-05,8.9500E-06,3.0400E-05,2.1100E-05,3.7300E-05,1.2443E+04,1.8322E+05,3.0500E-05,3.0400E-05
2018-04-18 00:00:00+01:00,DAX,2.5900E-05,2.2400E-05,1.1400E-05,2.5000E-05,1.2800E-05,2.2400E-05,1.2800E-05,2.1300E-05,2.3700E-05,2.5300E-05,1.2598E+04,1.8303E+05,2.5900E-05,2.1300E-05
2018-04-19 00:00:00+01:00,DAX,3.1300E-05,3.0500E-05,1.5300E-05,2.5000E-05,1.6600E-05,3.0500E-05,1.6600E-05,2.5700E-05,2.3700E-05,2.6100E-05,1.2596E+04,1.8323E+05,3.1300E-05,2.5700E-05
2018-04-20 00:00:00+01:00,DAX,4.6500E-05,4.8200E-05,1.7400E-05,3.1000E-05,2.5500E-05,4.8200E-05,2.5500E-05,4.1400E-05,2.9900E-05,4.9700E-05,1.2556E+04,1.8303E+05,4.6500E-05,4.1400E-05
2018-04-23 00:00:00+01:00,DAX,4.4000E-05,3.8200E-05,2.1200E-05,3.4700E-05,2.4300E-05,3.8200E-05,2.4300E-05,3.8800E-05,3.3400E-05,4.1600E-05,1.2538E+04,1.8323E+05,4.4000E-05,3.8800E-05
2018-04-24 00:00:00+01:00,DAX,5.0400E-05,5.0400E-05,2.8200E-05,4.3900E-05,2.7200E-05,5.0400E-05,2.7200E-05,4.9400E-05,4.2600E-05,4.1400E-05,1.2602E+04,1.8325E+05,5.0400E-05,4.9400E-05
2018-04-25 00:00:00+01:00,DAX,7.6800E-05,7.0300E-05,5.6500E-05,6.8300E-05,4.4100E-05,7.0300E-05,4.4100E-05,7.6900E-05,6.5400E-05,8.4200E-05,1.2457E+04,1.8324E+05,7.6800E-05,7.6900E-05
2018-04-26 00:00:00+01:00,DAX,4.8500E-05,5.3200E-05,2.2400E-05,4.2700E-05,1.9600E-05,5.3200E-05,1.9600E-05,5.1200E-05,4.3500E-05,6.5600E-05,1.2396E+04,1.8331E+05,4.8500E-05,5.1200E-05
2018-04-27 00:00:00+01:00,DAX,4.3700E-05,4.0900E-05,1.7500E-05,3.4000E-05,1.9600E-05,4.0900E-05,1.9600E-05,3.7000E-05,3.3200E-05,3.6100E-05,1.2573E+04,1.8324E+05,4.3700E-05,3.7000E-05
2018-04-30 00:00:00+01:00,DAX,1.5600E-05,1.1100E-05,1.0400E-05,1.9900E-05,7.1600E-06,1.1100E-05,7.1600E-06,1.6100E-05,2.0200E-05,1.3000E-05,1.2606E+04,1.8324E+05,1.5600E-05,1.6100E-05
2018-05-02 00:00:00+01:00,DAX,4.6900E-05,5.2400E-05,2.0400E-05,3.8800E-05,1.0200E-05,5.2400E-05,1.0200E-05,3.7300E-05,3.8100E-05,5.8300E-05,1.2611E+04,1.8303E+05,4.6900E-05,3.7300E-05
2018-05-03 00:00:00+01:00,DAX,1.8700E-05,1.5400E-05,6.5600E-06,1.9400E-05,1.2300E-05,1.5400E-05,1.2300E-05,1.6700E-05,1.9100E-05,1.6300E-05,1.2767E+04,1.8450E+05,1.8700E-05,1.6700E-05
2018-05-04 00:00:00+01:00,DAX,3.0500E-05,2.9500E-05,1.2400E-05,2.9900E-05,1.2800E-05,2.9500E-05,1.2800E-05,2.2600E-05,3.0200E-05,3.1300E-05,1.2733E+04,1.8324E+05,3.0500E-05,2.2600E-05
2018-05-07 00:00:00+01:00,DAX,1.7500E-05,1.9700E-05,9.9800E-06,1.9500E-05,6.0700E-06,1.9700E-05,6.0700E-06,1.6900E-05,1.9600E-05,1.8600E-05,1.2827E+04,1.8303E+05,1.7500E-05,1.6900E-05
2018-05-08 00:00:00+01:00,DAX,2.4000E-05,2.2700E-05,1.3800E-05,2.2000E-05,1.2300E-05,2.2700E-05,1.2300E-05,2.3800E-05,2.1800E-05,2.4200E-05,1.2924E+04,1.8325E+05,2.4000E-05,2.3800E-05
2018-05-09 00:00:00+01:00,DAX,2.3700E-05,2.6300E-05,1.6600E-05,2.1300E-05,1.1100E-05,2.6300E-05,1.1100E-05,2.4000E-05,2.1200E-05,1.6900E-05,1.2918E+04,1.8326E+05,2.3700E-05,2.4000E-05
2018-05-10 00:00:00+01:00,DAX,3.0500E-05,2.9400E-05,1.5400E-05,2.3700E-05,1.6000E-05,2.9400E-05,1.6000E-05,3.0500E-05,2.3200E-05,2.9100E-05,1.2975E+04,1.8303E+05,3.0500E-05,3.0500E-05
2018-05-11 00:00:00+01:00,DAX,2.1500E-05,1.9100E-05,1.0900E-05,2.0300E-05,1.2400E-05,1.9100E-05,1.2400E-05,2.0800E-05,1.9500E-05,1.2900E-05,1.3023E+04,1.8303E+05,2.1500E-05,2.0800E-05
2018-05-14 00:00:00+01:00,DAX,4.1300E-05,3.7000E-05,1.2900E-05,2.4900E-05,2.5800E-05,3.7000E-05,2.5800E-05,3.1400E-05,2.3300E-05,3.2400E-05,1.3010E+04,1.8303E+05,4.1300E-05,3.1400E-05
2018-05-15 00:00:00+01:00,DAX,3.4600E-05,2.9300E-05,1.6800E-05,2.8900E-05,1.6400E-05,2.9300E-05,1.6400E-05,3.5500E-05,2.8800E-05,3.3500E-05,1.2948E+04,1.8324E+05,3.4600E-05,3.5500E-05
2018-05-16 00:00:00+01:00,DAX,2.6200E-05,2.3300E-05,1.4000E-05,1.9700E-05,1.3200E-05,2.3300E-05,1.3200E-05,2.4500E-05,1.9200E-05,2.2100E-05,1.2983E+04,1.8303E+05,2.6200E-05,2.4500E-05
2018-05-17 00:00:00+01:00,DAX,2.2200E-05,2.3300E-05,1.0900E-05,1.6400E-05,6.0000E-06,2.3300E-05,6.0000E-06,1.8500E-05,1.6300E-05,1.8900E-05,1.2985E+04,1.8323E+05,2.2200E-05,1.8500E-05
2018-05-18 00:00:00+01:00,DAX,2.3700E-05,2.5100E-05,1.3300E-05,2.2000E-05,1.2700E-05,2.5100E-05,1.2700E-05,2.5600E-05,2.1200E-05,2.3600E-05,1.3116E+04,1.8323E+05,2.3700E-05,2.5600E-05
2018-05-22 00:00:00+01:00,DAX,3.9700E-05,3.5600E-05,1.2800E-05,2.9200E-05,1.8700E-05,3.5600E-05,1.8700E-05,3.7300E-05,2.7200E-05,3.6100E-05,1.3133E+04,1.8323E+05,3.9700E-05,3.7300E-05
2018-05-23 00:00:00+01:00,DAX,6.7500E-05,7.2400E-05,2.5700E-05,5.9200E-05,5.1700E-05,7.2400E-05,5.1700E-05,6.2400E-05,5.5200E-05,8.1400E-05,1.3139E+04,1.8303E+05,6.7500E-05,6.2400E-05
2018-05-24 00:00:00+01:00,DAX,4.5700E-05,5.3100E-05,1.4000E-05,4.5600E-05,3.1300E-05,5.3100E-05,3.1300E-05,4.3200E-05,4.3400E-05,5.1400E-05,1.2956E+04,1.8325E+05,4.5700E-05,4.3200E-05
2018-05-25 00:00:00+01:00,DAX,4.6500E-05,4.5600E-05,4.2100E-05,5.4600E-05,2.2900E-05,4.5600E-05,2.2900E-05,5.5500E-05,5.2100E-05,5.0300E-05,1.2917E+04,1.8322E+05,4.6500E-05,5.5500E-05
2018-05-28 00:00:00+01:00,DAX,4.2200E-05,4.7300E-05,2.5100E-05,4.6200E-05,2.8300E-05,4.7300E-05,2.8300E-05,4.2000E-05,4.6800E-05,5.5100E-05,1.3017E+04,1.8325E+05,4.2200E-05,4.2000E-05
2018-05-29 00:00:00+01:00,DAX,1.0994E-04,9.0900E-05,3.6600E-05,9.7900E-05,6.4600E-05,9.0900E-05,6.4600E-05,1.0394E-04,9.9400E-05,1.0372E-04,1.2786E+04,1.8325E+05,1.0994E-04,1.0394E-04
2018-05-30 00:00:00+01:00,DAX,5.5400E-05,4.9300E-05,2.6900E-05,6.7900E-05,2.2900E-05,4.9300E-05,2.2900E-05,5.1900E-05,6.8600E-05,4.6200E-05,1.2693E+04,1.8331E+05,5.5400E-05,5.1900E-05
2018-05-31 00:00:00+01:00,DAX,8.1300E-05,9.3000E-05,4.2500E-05,8.1100E-05,5.2100E-05,9.3000E-05,5.2100E-05,7.7600E-05,7.8800E-05,8.6600E-05,1.2796E+04,1.8322E+05,8.1300E-05,7.7600E-05
2018-06-01 00:00:00+01:00,DAX,3.6500E-05,3.4200E-05,2.0800E-05,4.2200E-05,1.7200E-05,3.4200E-05,1.7200E-05,3.7400E-05,4.3600E-05,3.4700E-05,1.2678E+04,1.8323E+05,3.6500E-05,3.7400E-05
2018-06-04 00:00:00+01:00,DAX,3.1600E-05,3.1500E-05,1.3800E-05,3.0400E-05,2.0400E-05,3.1500E-05,2.0400E-05,2.9500E-05,2.8800E-05,3.2100E-05,1.2839E+04,1.8325E+05,3.1600E-05,2.9500E-05
2018-06-05 00:00:00+01:00,DAX,6.7500E-05,8.4800E-05,2.2000E-05,4.2600E-05,3.2800E-05,8.4800E-05,3.2800E-05,5.4100E-05,4.0400E-05,9.6400E-05,1.2766E+04,1.8322E+05,6.7500E-05,5.4100E-05
2018-06-06 00:00:00+01:00,DAX,5.8700E-05,5.6200E-05,3.3200E-05,5.0500E-05,2.6500E-05,5.6200E-05,2.6500E-05,5.8600E-05,4.8000E-05,6.5900E-05,1.2813E+04,1.8331E+05,5.8700E-05,5.8600E-05
2018-06-07 00:00:00+01:00,DAX,4.2200E-05,3.8000E-05,1.8600E-05,4.2400E-05,2.4000E-05,3.8000E-05,2.4000E-05,3.8600E-05,4.0000E-05,4.0400E-05,1.2878E+04,1.8324E+05,4.2200E-05,3.8600E-05
2018-06-08 00:00:00+01:00,DAX,1.0546E-04,1.0250E-04,4.6200E-05,8.6700E-05,4.3600E-05,1.0250E-04,4.3600E-05,8.8900E-05,8.0200E-05,5.7700E-05,1.2669E+04,1.8325E+05,1.0546E-04,8.8900E-05
2018-06-11 00:00:00+01:00,DAX,4.2600E-05,4.3000E-05,2.0400E-05,4.1100E-05,1.7400E-05,4.3000E-05,1.7400E-05,3.4700E-05,4.0400E-05,4.0200E-05,1.2816E+04,1.8323E+05,4.2600E-05,3.4700E-05
2018-06-12 00:00:00+01:00,DAX,3.9100E-05,3.4400E-05,1.7200E-05,4.5800E-05,2.5100E-05,3.4400E-05,2.5100E-05,3.2400E-05,4.6300E-05,3.6400E-05,1.2924E+04,1.8323E+05,3.9100E-05,3.2400E-05
2018-06-13 00:00:00+01:00,DAX,2.9400E-05,3.9600E-05,1.4500E-05,3.1000E-05,1.5200E-05,3.9600E-05,1.5200E-05,2.9500E-05,3.0300E-05,3.4000E-05,1.2857E+04,1.8303E+05,2.9400E-05,2.9500E-05
2018-06-14 00:00:00+01:00,DAX,6.2900E-05,6.5500E-05,1.9100E-05,5.0900E-05,1.2400E-05,6.5500E-05,1.2400E-05,6.4500E-05,5.0400E-05,8.3600E-05,1.2806E+04,1.8321E+05,6.2900E-05,6.4500E-05
2018-06-15 00:00:00+01:00,DAX,4.1000E-05,4.0800E-05,1.6400E-05,4.8000E-05,2.3400E-05,4.0800E-05,2.3400E-05,3.5600E-05,4.9900E-05,3.6700E-05,1.3116E+04,1.8303E+05,4.1000E-05,3.5600E-05
2018-06-18 00:00:00+01:00,DAX,5.5600E-05,6.1000E-05,3.0500E-05,4.3300E-05,3.5300E-05,6.1000E-05,3.5300E-05,4.3100E-05,4.2100E-05,5.8400E-05,1.2946E+04,1.8303E+05,5.5600E-05,4.3100E-05
2018-06-19 00:00:00+01:00,DAX,5.2800E-05,4.8400E-05,2.9800E-05,5.9600E-05,2.7200E-05,4.8400E-05,2.7200E-05,5.3400E-05,5.8500E-05,6.6900E-05,1.2647E+04,1.8326E+05,5.2800E-05,5.3400E-05
2018-06-20 00:00:00+01:00,DAX,3.3300E-05,3.6000E-05,1.6300E-05,4.2900E-05,2.1100E-05,3.6000E-05,2.1100E-05,3.4000E-05,4.3200E-05,4.2500E-05,1.2732E+04,1.8303E+05,3.3300E-05,3.4000E-05
2018-06-21 00:00:00+01:00,DAX,7.7400E-05,8.0200E-05,3.4500E-05,7.4700E-05,4.9400E-05,8.0200E-05,4.9400E-05,7.1000E-05,7.2900E-05,8.5000E-05,1.2700E+04,1.8323E+05,7.7400E-05,7.1000E-05
2018-06-22 00:00:00+01:00,DAX,5.5900E-05,6.2800E-05,1.4600E-05,4.2900E-05,3.0500E-05,6.2800E-05,3.0500E-05,4.8700E-05,4.1000E-05,6.2300E-05,1.2508E+04,1.8324E+05,5.5900E-05,4.8700E-05
2018-06-25 00:00:00+01:00,DAX,7.6600E-05,7.4400E-05,2.0500E-05,6.5900E-05,5.6700E-05,7.4400E-05,5.6700E-05,6.4300E-05,6.2700E-05,7.7300E-05,1.2497E+04,1.8325E+05,7.6600E-05,6.4300E-05
2018-06-26 00:00:00+01:00,DAX,7.2400E-05,5.3500E-05,2.1700E-05,5.5000E-05,5.0700E-05,5.3500E-05,5.0700E-05,6.2800E-05,5.3600E-05,5.8700E-05,1.2333E+04,1.8325E+05,7.2400E-05,6.2800E-05
2018-06-27 00:00:00+01:00,DAX,1.4792E-04,1.9116E-04,5.3500E-05,1.3030E-04,5.3900E-05,1.9116E-04,5.3900E-05,1.2789E-04,1.2619E-04,1.6916E-04,1.2248E+04,1.8325E+05,1.4792E-04,1.2789E-04
2018-06-28 00:00:00+01:00,DAX,1.3766E-04,1.3176E-04,6.2600E-05,1.1469E-04,7.7500E-05,1.3176E-04,7.7500E-05,1.2883E-04,1.0814E-04,1.1697E-04,1.2290E+04,1.8303E+05,1.3766E-04,1.2883E-04
2018-06-29 00:00:00+01:00,DAX,7.4500E-05,7.6300E-05,2.6300E-05,7.4900E-05,4.0900E-05,7.6300E-05,4.0900E-05,5.9700E-05,7.2900E-05,6.2800E-05,1.2323E+04,1.8333E+05,7.4500E-05,5.9700E-05
2018-07-02 00:00:00+01:00,DAX,8.8300E-05,8.2300E-05,3.8000E-05,8.4100E-05,3.4000E-05,8.2300E-05,3.4000E-05,7.3200E-05,8.0600E-05,8.8000E-05,1.2148E+04,1.8326E+05,8.8300E-05,7.3200E-05
2018-07-03 00:00:00+01:00,DAX,5.1200E-05,5.1100E-05,1.8900E-05,6.1900E-05,2.3200E-05,5.1100E-05,2.3200E-05,4.8000E-05,5.7900E-05,5.0200E-05,1.2321E+04,1.8324E+05,5.1200E-05,4.8000E-05
2018-07-04 00:00:00+01:00,DAX,1.7800E-05,1.2400E-05,7.9000E-06,2.0200E-05,8.0300E-06,1.2400E-05,8.0300E-06,1.7100E-05,2.0100E-05,1.2800E-05,1.2324E+04,1.8325E+05,1.7800E-05,1.7100E-05
2018-07-05 00:00:00+01:00,DAX,5.1900E-05,6.4100E-05,2.1400E-05,5.9800E-05,1.5100E-05,6.4100E-05,1.5100E-05,4.4400E-05,5.7100E-05,7.2400E-05,1.2363E+04,1.8332E+05,5.1900E-05,4.4400E-05
2018-07-06 00:00:00+01:00,DAX,5.0200E-05,4.4800E-05,2.5300E-05,4.9600E-05,2.8300E-05,4.4800E-05,2.8300E-05,5.1000E-05,4.8900E-05,3.2100E-05,1.2506E+04,1.8324E+05,5.0200E-05,5.1000E-05
2018-07-09 00:00:00+01:00,DAX,2.0900E-05,1.7700E-05,1.0100E-05,2.5700E-05,1.0600E-05,1.7700E-05,1.0600E-05,1.9900E-05,2.5200E-05,2.1500E-05,1.2542E+04,1.8325E+05,2.0900E-05,1.9900E-05
2018-07-10 00:00:00+01:00,DAX,3.0600E-05,3.6400E-05,1.3200E-05,2.6500E-05,1.5500E-05,3.6400E-05,1.5500E-05,2.5400E-05,2.5500E-05,3.6500E-05,1.2580E+04,1.8303E+05,3.0600E-05,2.5400E-05
2018-07-11 00:00:00+01:00,DAX,6.0000E-05,5.8900E-05,2.1200E-05,5.0200E-05,3.6200E-05,5.8900E-05,3.6200E-05,5.5400E-05,4.7300E-05,5.8800E-05,1.2507E+04,1.8324E+05,6.0000E-05,5.5400E-05
2018-07-12 00:00:00+01:00,DAX,3.5300E-05,2.6700E-05,1.5100E-05,3.5100E-05,1.4400E-05,2.6700E-05,1.4400E-05,3.3700E-05,3.5500E-05,3.1200E-05,1.2464E+04,1.8324E+05,3.5300E-05,3.3700E-05
2018-07-13 00:00:00+01:00,DAX,2.4900E-05,2.2900E-05,1.1800E-05,2.5800E-05,1.3500E-05,2.2900E-05,1.3500E-05,2.5100E-05,2.4700E-05,2.4100E-05,1.2549E+04,1.8323E+05,2.4900E-05,2.5100E-05
2018-07-16 00:00:00+01:00,DAX,2.7400E-05,3.3200E-05,9.4500E-06,2.6300E-05,1.1500E-05,3.3200E-05,1.1500E-05,2.6600E-05,2.5700E-05,3.7900E-05,1.2531E+04,1.8303E+05,2.7400E-05,2.6600E-05
2018-07-17 00:00:00+01:00,DAX,4.9200E-05,6.0800E-05,1.7800E-05,3.4200E-05,1.6600E-05,6.0800E-05,1.6600E-05,3.4400E-05,3.2600E-05,6.3700E-05,1.2567E+04,1.8326E+05,4.9200E-05,3.4400E-05
2018-07-18 00:00:00+01:00,DAX,3.0300E-05,2.7000E-05,1.5500E-05,2.5100E-05,1.3000E-05,2.7000E-05,1.3000E-05,3.0800E-05,2.4300E-05,2.4400E-05,1.2728E+04,1.8325E+05,3.0300E-05,3.0800E-05
2018-07-19 00:00:00+01:00,DAX,2.6000E-05,2.8100E-05,1.0500E-05,3.2300E-05,1.4500E-05,2.8100E-05,1.4500E-05,1.9300E-05,3.1500E-05,1.4400E-05,1.2741E+04,1.8323E+05,2.6000E-05,1.9300E-05
2018-07-20 00:00:00+01:00,DAX,1.0813E-04,1.5074E-04,2.2900E-05,7.7100E-05,7.0600E-05,1.5074E-04,7.0600E-05,1.0776E-04,7.2100E-05,1.5847E-04,1.2664E+04,1.8323E+05,1.0813E-04,1.0776E-04
2018-07-23 00:00:00+01:00,DAX,3.1400E-05,2.0400E-05,6.8900E-06,3.1100E-05,1.2400E-05,2.0400E-05,1.2400E-05,3.1300E-05,3.0800E-05,1.6700E-05,1.2510E+04,1.8323E+05,3.1400E-05,3.1300E-05
2018-07-24 00:00:00+01:00,DAX,8.4500E-05,7.4900E-05,1.9500E-05,5.1100E-05,2.1200E-05,7.4900E-05,2.1200E-05,4.5500E-05,4.7500E-05,7.1400E-05,1.2591E+04,1.8303E+05,8.4500E-05,4.5500E-05
2018-07-25 00:00:00+01:00,DAX,4.0100E-05,3.4700E-05,1.6100E-05,3.7600E-05,2.7500E-05,3.4700E-05,2.7500E-05,3.3300E-05,3.9900E-05,4.3800E-05,1.2686E+04,1.8323E+05,4.0100E-05,3.3300E-05
2018-07-26 00:00:00+01:00,DAX,3.6300E-05,3.1000E-05,1.3600E-05,5.9900E-05,1.6300E-05,3.1000E-05,1.6300E-05,2.9200E-05,5.6800E-05,2.6800E-05,1.2733E+04,1.8340E+05,3.6300E-05,2.9200E-05
2018-07-27 00:00:00+01:00,DAX,2.0600E-05,1.5200E-05,1.0500E-05,1.8500E-05,8.1000E-06,1.5200E-05,8.1000E-06,2.0300E-05,1.8900E-05,1.6900E-05,1.2826E+04,1.8322E+05,2.0600E-05,2.0300E-05
2018-07-30 00:00:00+01:00,DAX,1.6700E-05,1.0000E-05,7.6500E-06,1.9800E-05,9.3800E-06,1.0000E-05,9.3800E-06,1.7900E-05,1.8800E-05,7.7700E-06,1.2823E+04,1.8303E+05,1.6700E-05,1.7900E-05
2018-07-31 00:00:00+01:00,DAX,5.4300E-05,5.3900E-05,2.2700E-05,4.8300E-05,2.2000E-05,5.3900E-05,2.2000E-05,3.7500E-05,4.6000E-05,5.4400E-05,1.2810E+04,1.8324E+05,5.4300E-05,3.7500E-05
2018-08-01 00:00:00+01:00,DAX,4.8700E-05,6.1500E-05,2.6600E-05,4.1400E-05,2.8900E-05,6.1500E-05,2.8900E-05,5.1400E-05,4.1500E-05,6.4400E-05,1.2827E+04,1.8325E+05,4.8700E-05,5.1400E-05
2018-08-02 00:00:00+01:00,DAX,4.8000E-05,4.0100E-05,3.7600E-05,4.6800E-05,2.8000E-05,4.0100E-05,2.8000E-05,4.3400E-05,4.4800E-05,4.8800E-05,1.2618E+04,1.8334E+05,4.8000E-05,4.3400E-05
2018-08-03 00:00:00+01:00,DAX,2.6900E-05,2.2200E-05,1.4600E-05,2.9900E-05,1.2100E-05,2.2200E-05,1.2100E-05,2.8200E-05,3.0300E-05,2.2400E-05,1.2573E+04,1.8303E+05,2.6900E-05,2.8200E-05
2018-08-06 00:00:00+01:00,DAX,1.0000E-04,1.2161E-04,2.8100E-05,7.2000E-05,4.4300E-05,1.2161E-04,4.4300E-05,7.8300E-05,6.5600E-05,1.2175E-04,1.2631E+04,1.8325E+05,1.0000E-04,7.8300E-05
2018-08-07 00:00:00+01:00,DAX,3.1400E-05,2.6900E-05,1.3000E-05,3.3100E-05,1.2500E-05,2.6900E-05,1.2500E-05,2.6000E-05,3.2500E-05,2.6200E-05,1.2657E+04,1.8324E+05,3.1400E-05,2.6000E-05
2018-08-08 00:00:00+01:00,DAX,4.0100E-05,5.0900E-05,1.6500E-05,4.3700E-05,1.7400E-05,5.0900E-05,1.7400E-05,3.3800E-05,4.4300E-05,5.1500E-05,1.2623E+04,1.8324E+05,4.0100E-05,3.3800E-05
2018-08-09 00:00:00+01:00,DAX,5.3100E-05,5.8700E-05,2.0400E-05,4.3200E-05,2.5900E-05,5.8700E-05,2.5900E-05,4.5900E-05,4.2200E-05,6.7300E-05,1.2623E+04,1.8324E+05,5.3100E-05,4.5900E-05
2018-08-10 00:00:00+01:00,DAX,8.3500E-05,8.4300E-05,4.1600E-05,8.1600E-05,5.5200E-05,8.4300E-05,5.5200E-05,9.0100E-05,7.7400E-05,6.6200E-05,1.2574E+04,1.8323E+05,8.3500E-05,9.0100E-05
2018-08-13 00:00:00+01:00,DAX,5.3800E-05,3.8500E-05,2.0300E-05,5.1600E-05,1.7900E-05,3.8500E-05,1.7900E-05,5.1900E-05,5.1700E-05,2.6500E-05,1.2347E+04,1.8324E+05,5.3800E-05,5.1900E-05
2018-08-14 00:00:00+01:00,DAX,3.2400E-05,2.6400E-05,1.3000E-05,3.8300E-05,2.1100E-05,2.6400E-05,2.1100E-05,2.8300E-05,3.7800E-05,3.3100E-05,1.2445E+04,1.8323E+05,3.2400E-05,2.8300E-05
2018-08-15 00:00:00+01:00,DAX,8.1200E-05,8.2100E-05,4.0600E-05,7.0500E-05,5.7900E-05,8.2100E-05,5.7900E-05,7.5300E-05,6.9000E-05,7.4400E-05,1.2400E+04,1.8303E+05,8.1200E-05,7.5300E-05
2018-08-16 00:00:00+01:00,DAX,2.6900E-05,2.5400E-05,1.1300E-05,2.7200E-05,1.1600E-05,2.5400E-05,1.1600E-05,2.6500E-05,2.8100E-05,2.5300E-05,1.2202E+04,1.8324E+05,2.6900E-05,2.6500E-05
2018-08-17 00:00:00+01:00,DAX,4.9000E-05,4.5700E-05,2.7900E-05,4.3400E-05,2.5200E-05,4.5700E-05,2.5200E-05,5.0200E-05,4.1900E-05,4.2300E-05,1.2242E+04,1.8303E+05,4.9000E-05,5.0200E-05
2018-08-20 00:00:00+01:00,DAX,2.5900E-05,2.3200E-05,1.0100E-05,2.6600E-05,8.2900E-06,2.3200E-05,8.2900E-06,2.1800E-05,2.5600E-05,3.3300E-05,1.2263E+04,1.8323E+05,2.5900E-05,2.1800E-05
2018-08-21 00:00:00+01:00,DAX,2.9600E-05,2.8900E-05,1.2800E-05,2.1300E-05,1.1500E-05,2.8900E-05,1.1500E-05,3.1800E-05,2.0000E-05,3.2500E-05,1.2321E+04,1.8322E+05,2.9600E-05,3.1800E-05
2018-08-22 00:00:00+01:00,DAX,3.5900E-05,4.5400E-05,1.4600E-05,3.5600E-05,1.8600E-05,4.5400E-05,1.8600E-05,3.9400E-05,3.4100E-05,5.0600E-05,1.2356E+04,1.8303E+05,3.5900E-05,3.9400E-05
2018-08-23 00:00:00+01:00,DAX,2.3500E-05,2.1700E-05,9.1400E-06,2.3400E-05,1.2800E-05,2.1700E-05,1.2800E-05,2.1100E-05,2.2300E-05,2.4200E-05,1.2367E+04,1.8303E+05,2.3500E-05,2.1100E-05
2018-08-24 00:00:00+01:00,DAX,4.1300E-05,3.4700E-05,7.3500E-06,3.8500E-05,2.3100E-05,3.4700E-05,2.3100E-05,3.2800E-05,3.6600E-05,3.5800E-05,1.2397E+04,1.8323E+05,4.1300E-05,3.2800E-05
2018-08-27 00:00:00+01:00,DAX,4.0500E-05,4.1900E-05,1.2000E-05,2.6300E-05,1.7600E-05,4.1900E-05,1.7600E-05,3.0500E-05,2.4500E-05,4.1700E-05,1.2463E+04,1.8303E+05,4.0500E-05,3.0500E-05
2018-08-28 00:00:00+01:00,DAX,1.3700E-05,1.1600E-05,7.2900E-06,1.8300E-05,8.3200E-06,1.1600E-05,8.3200E-06,1.2800E-05,1.8800E-05,1.1200E-05,1.2579E+04,1.8322E+05,1.3700E-05,1.2800E-05
2018-08-29 00:00:00+01:00,DAX,2.0400E-05,1.6400E-05,9.5700E-06,2.1000E-05,9.6300E-06,1.6400E-05,9.6300E-06,2.1000E-05,1.9900E-05,1.5400E-05,1.2554E+04,1.8303E+05,2.0400E-05,2.1000E-05
2018-08-30 00:00:00+01:00,DAX,6.3800E-05,8.1000E-05,2.3300E-05,4.8300E-05,3.3900E-05,8.1000E-05,3.3900E-05,5.2100E-05,4.4800E-05,7.3600E-05,1.2517E+04,1.8324E+05,6.3800E-05,5.2100E-05
2018-08-31 00:00:00+01:00,DAX,5.2200E-05,6.5600E-05,2.6100E-05,3.9600E-05,3.0700E-05,6.5600E-05,3.0700E-05,5.7000E-05,3.7700E-05,4.2000E-05,1.2418E+04,1.8324E+05,5.2200E-05,5.7000E-05
2018-09-03 00:00:00+01:00,DAX,1.8400E-05,1.8400E-05,7.1400E-06,2.0200E-05,7.9300E-06,1.8400E-05,7.9300E-06,1.8500E-05,1.9600E-05,1.9900E-05,1.2338E+04,1.8324E+05,1.8400E-05,1.8500E-05
2018-09-04 00:00:00+01:00,DAX,6.4800E-05,5.8600E-05,3.4400E-05,6.2200E-05,4.5400E-05,5.8600E-05,4.5400E-05,6.2200E-05,5.9900E-05,6.7800E-05,1.2389E+04,1.8322E+05,6.4800E-05,6.2200E-05
2018-09-05 00:00:00+01:00,DAX,6.2600E-05,5.7100E-05,3.1400E-05,5.7600E-05,3.2700E-05,5.7100E-05,3.2700E-05,6.3900E-05,5.6700E-05,5.8400E-05,1.2162E+04,1.8323E+05,6.2600E-05,6.3900E-05
2018-09-06 00:00:00+01:00,DAX,4.8700E-05,5.4100E-05,2.6800E-05,4.9100E-05,2.6700E-05,5.4100E-05,2.6700E-05,5.5800E-05,4.9900E-05,5.5100E-05,1.1996E+04,1.8324E+05,4.8700E-05,5.5800E-05
2018-09-07 00:00:00+01:00,DAX,4.0200E-05,4.1100E-05,2.4000E-05,4.2600E-05,2.0300E-05,4.1100E-05,2.0300E-05,4.1900E-05,4.1900E-05,3.0200E-05,1.1960E+04,1.8324E+05,4.0200E-05,4.1900E-05
2018-09-10 00:00:00+01:00,DAX,2.8800E-05,2.9300E-05,1.2100E-05,3.4400E-05,1.3200E-05,2.9300E-05,1.3200E-05,2.5000E-05,3.3200E-05,2.3100E-05,1.1951E+04,1.8303E+05,2.8800E-05,2.5000E-05
2018-09-11 00:00:00+01:00,DAX,4.8000E-05,7.1800E-05,2.5400E-05,4.0700E-05,2.7000E-05,7.1800E-05,2.7000E-05,5.2000E-05,4.0000E-05,7.1900E-05,1.2013E+04,1.8303E+05,4.8000E-05,5.2000E-05
2018-09-12 00:00:00+01:00,DAX,4.9500E-05,6.9700E-05,1.8000E-05,4.9800E-05,1.9300E-05,6.9700E-05,1.9300E-05,4.1200E-05,4.8500E-05,5.6600E-05,1.1989E+04,1.8321E+05,4.9500E-05,4.1200E-05
2018-09-13 00:00:00+01:00,DAX,4.3200E-05,4.8400E-05,2.6800E-05,4.8800E-05,2.0400E-05,4.8400E-05,2.0400E-05,3.7700E-05,4.7400E-05,3.4700E-05,1.2037E+04,1.8303E+05,4.3200E-05,3.7700E-05
2018-09-14 00:00:00+01:00,DAX,3.5500E-05,3.3900E-05,1.4100E-05,3.0300E-05,2.0800E-05,3.3900E-05,2.0800E-05,3.4100E-05,2.8700E-05,2.0900E-05,1.2109E+04,1.8303E+05,3.5500E-05,3.4100E-05
2018-09-17 00:00:00+01:00,DAX,5.3500E-05,5.2700E-05,1.4500E-05,3.7600E-05,1.4500E-05,5.2700E-05,1.4500E-05,2.9000E-05,3.6700E-05,4.2800E-05,1.2056E+04,1.8325E+05,5.3500E-05,2.9000E-05
2018-09-18 00:00:00+01:00,DAX,6.1100E-05,6.9800E-05,2.2900E-05,4.4900E-05,2.5300E-05,6.9800E-05,2.5300E-05,6.0000E-05,4.3200E-05,7.9700E-05,1.2097E+04,1.8323E+05,6.1100E-05,6.0000E-05
2018-09-19 00:00:00+01:00,DAX,2.6700E-05,2.0500E-05,1.3400E-05,2.3200E-05,1.1600E-05,2.0500E-05,1.1600E-05,2.5500E-05,2.2000E-05,1.7000E-05,1.2168E+04,1.8323E+05,2.6700E-05,2.5500E-05
2018-09-20 00:00:00+01:00,DAX,3.0400E-05,2.8400E-05,1.7500E-05,3.0300E-05,1.0300E-05,2.8400E-05,1.0300E-05,2.7300E-05,2.8800E-05,3.1300E-05,1.2211E+04,1.8322E+05,3.0400E-05,2.7300E-05
2018-09-21 00:00:00+01:00,DAX,3.7200E-05,3.1500E-05,1.5100E-05,2.9300E-05,1.9100E-05,3.1500E-05,1.9100E-05,3.0800E-05,2.8500E-05,3.3500E-05,1.2403E+04,1.8325E+05,3.7200E-05,3.0800E-05
2018-09-24 00:00:00+01:00,DAX,2.2100E-05,1.8100E-05,1.0900E-05,2.1900E-05,1.2600E-05,1.8100E-05,1.2600E-05,2.1700E-05,2.2500E-05,1.4900E-05,1.2383E+04,1.8325E+05,2.2100E-05,2.1700E-05
2018-09-25 00:00:00+01:00,DAX,4.5700E-05,5.3600E-05,1.1000E-05,3.0100E-05,1.9000E-05,5.3600E-05,1.9000E-05,3.8000E-05,2.9300E-05,2.2400E-05,1.2342E+04,1.8303E+05,4.5700E-05,3.8000E-05
2017-11-30 00:00:00+00:00,HangSeng,4.9450E-05,7.1500E-05,1.2245E-05,3.4255E-05,2.5637E-05,7.1500E-05,2.5637E-05,5.5689E-05,3.1768E-05,5.4624E-05,2.9342E+04,1.6000E+05,4.9450E-05,5.5689E-05
2017-12-01 00:00:00+00:00,HangSeng,7.6229E-05,6.1676E-05,2.0542E-05,4.8332E-05,4.2804E-05,6.1676E-05,4.2804E-05,8.1650E-05,4.3820E-05,7.2262E-05,2.9282E+04,1.6000E+05,7.6229E-05,8.1650E-05
2017-12-04 00:00:00+00:00,HangSeng,6.0007E-05,6.7598E-05,1.3918E-05,6.0600E-05,2.2336E-05,6.7598E-05,2.2336E-05,5.4225E-05,5.6443E-05,8.2822E-05,2.8945E+04,1.6000E+05,6.0007E-05,5.4225E-05
2017-12-05 00:00:00+00:00,HangSeng,5.8315E-05,6.1810E-05,1.5119E-05,3.4276E-05,1.7549E-05,6.1810E-05,1.7549E-05,2.9236E-05,3.1540E-05,6.0844E-05,2.8919E+04,1.6000E+05,5.8315E-05,2.9236E-05
2017-12-06 00:00:00+00:00,HangSeng,1.5392E-04,1.4018E-04,4.2536E-05,8.4819E-05,1.1080E-04,1.4018E-04,1.1080E-04,1.3860E-04,7.6810E-05,1.4868E-04,2.8860E+04,1.6000E+05,1.5392E-04,1.3860E-04
2017-12-07 00:00:00+00:00,HangSeng,7.7157E-05,9.4124E-05,1.9487E-05,4.3907E-05,5.0079E-05,9.4124E-05,5.0079E-05,6.6133E-05,3.9928E-05,9.7697E-05,2.8404E+04,1.6000E+05,7.7157E-05,6.6133E-05
2017-12-08 00:00:00+00:00,HangSeng,3.9428E-05,3.1135E-05,1.0419E-05,4.0067E-05,1.6029E-05,3.1135E-05,1.6029E-05,3.8418E-05,3.7101E-05,2.4599E-05,2.8385E+04,1.6000E+05,3.9428E-05,3.8418E-05
2017-12-11 00:00:00+00:00,HangSeng,3.1843E-05,3.1828E-05,9.3937E-06,3.4985E-05,1.0602E-05,3.1828E-05,1.0602E-05,2.2875E-05,3.2680E-05,3.5886E-05,2.8681E+04,1.6000E+05,3.1843E-05,2.2875E-05
2017-12-12 00:00:00+00:00,HangSeng,4.9962E-05,3.9442E-05,2.5127E-05,4.4409E-05,2.8697E-05,3.9442E-05,2.8697E-05,5.2851E-05,4.0696E-05,4.1278E-05,2.8977E+04,1.6000E+05,4.9962E-05,5.2851E-05
2017-12-13 00:00:00+00:00,HangSeng,7.8474E-05,9.9264E-05,1.9504E-05,4.7943E-05,3.1442E-05,9.9264E-05,3.1442E-05,5.9201E-05,4.4143E-05,7.5981E-05,2.8847E+04,1.6000E+05,7.8474E-05,5.9201E-05
2017-12-14 00:00:00+00:00,HangSeng,5.3462E-05,5.5791E-05,1.3247E-05,3.9721E-05,3.8058E-05,5.5791E-05,3.8058E-05,4.9900E-05,3.7247E-05,5.0344E-05,2.9352E+04,1.6000E+05,5.3462E-05,4.9900E-05
2017-12-15 00:00:00+00:00,HangSeng,4.9247E-05,6.5215E-05,1.3010E-05,3.4843E-05,3.0913E-05,6.5215E-05,3.0913E-05,3.4152E-05,3.4026E-05,5.1977E-05,2.9018E+04,1.6000E+05,4.9247E-05,3.4152E-05
2017-12-18 00:00:00+00:00,HangSeng,6.1467E-05,7.2617E-05,1.6767E-05,3.8276E-05,3.0454E-05,7.2617E-05,3.0454E-05,4.7086E-05,3.5526E-05,4.9301E-05,2.8936E+04,1.6000E+05,6.1467E-05,4.7086E-05
2017-12-19 00:00:00+00:00,HangSeng,2.9227E-05,2.1918E-05,7.0300E-06,2.7638E-05,1.3831E-05,2.1918E-05,1.3831E-05,2.7225E-05,3.0447E-05,2.1237E-05,2.9188E+04,1.6000E+05,2.9227E-05,2.7225E-05
2017-12-20 00:00:00+00:00,HangSeng,2.1346E-05,1.7025E-05,8.5728E-06,2.5560E-05,7.2553E-06,1.7025E-05,7.2553E-06,1.6700E-05,2.6548E-05,1.2024E-05,2.9196E+04,1.6000E+05,2.1346E-05,1.6700E-05
2017-12-21 00:00:00+00:00,HangSeng,2.6342E-05,1.5718E-05,9.8291E-06,2.1619E-05,9.4404E-06,1.5718E-05,9.4404E-06,2.8177E-05,2.0745E-05,1.7300E-05,2.9213E+04,1.6000E+05,2.6342E-05,2.8177E-05
2017-12-22 00:00:00+00:00,HangSeng,1.7683E-05,1.3544E-05,3.6717E-06,1.6454E-05,1.1114E-05,1.3544E-05,1.1114E-05,1.6371E-05,1.6059E-05,6.6576E-06,2.9492E+04,1.6000E+05,1.7683E-05,1.6371E-05
2017-12-27 00:00:00+00:00,HangSeng,2.4804E-05,2.1097E-05,7.3831E-06,2.3302E-05,1.4781E-05,2.1097E-05,1.4781E-05,2.5007E-05,2.1618E-05,1.6536E-05,2.9636E+04,1.6000E+05,2.4804E-05,2.5007E-05
2017-12-28 00:00:00+00:00,HangSeng,9.0417E-06,1.1767E-05,2.6456E-06,1.6229E-05,2.6099E-06,1.1767E-05,2.6099E-06,9.0426E-06,1.5828E-05,1.3980E-05,2.9701E+04,1.6000E+05,9.0417E-06,9.0426E-06
2017-12-29 00:00:00+00:00,HangSeng,1.7052E-05,1.4000E-05,5.8932E-06,2.0028E-05,8.9334E-06,1.4000E-05,8.9334E-06,1.6423E-05,1.9501E-05,1.6512E-05,2.9906E+04,1.6000E+05,1.7052E-05,1.6423E-05
2018-01-02 00:00:00+00:00,HangSeng,7.9105E-05,6.5108E-05,7.0685E-06,3.2952E-05,1.0837E-05,6.5108E-05,1.0837E-05,3.2938E-05,3.0885E-05,6.5921E-05,3.0041E+04,1.6000E+05,7.9105E-05,3.2938E-05
2018-01-03 00:00:00+00:00,HangSeng,2.6991E-05,3.8742E-05,1.2258E-05,2.3906E-05,1.6285E-05,3.8742E-05,1.6285E-05,3.2522E-05,2.1853E-05,3.8620E-05,3.0666E+04,1.6000E+05,2.6991E-05,3.2522E-05
2018-01-04 00:00:00+00:00,HangSeng,2.8847E-05,3.3004E-05,1.6855E-05,2.1367E-05,1.6095E-05,3.3004E-05,1.6095E-05,2.9624E-05,1.9069E-05,2.7143E-05,3.0688E+04,1.6000E+05,2.8847E-05,2.9624E-05
2018-01-05 00:00:00+00:00,HangSeng,2.1381E-05,2.4542E-05,2.9775E-06,2.1226E-05,1.5959E-05,2.4542E-05,1.5959E-05,1.8814E-05,1.8710E-05,2.7975E-05,3.0879E+04,1.6000E+05,2.1381E-05,1.8814E-05
2018-01-08 00:00:00+00:00,HangSeng,2.7781E-05,1.6584E-05,3.5239E-06,2.8847E-05,1.5772E-05,1.6584E-05,1.5772E-05,2.7442E-05,2.6727E-05,1.8323E-05,3.0871E+04,1.6000E+05,2.7781E-05,2.7442E-05
2018-01-09 00:00:00+00:00,HangSeng,2.4438E-05,2.1400E-05,1.1058E-05,2.1571E-05,1.3424E-05,2.1400E-05,1.3424E-05,2.3127E-05,2.0283E-05,1.7377E-05,3.0922E+04,1.6000E+05,2.4438E-05,2.3127E-05
2018-01-10 00:00:00+00:00,HangSeng,4.0823E-05,4.5483E-05,1.2275E-05,3.0221E-05,1.8217E-05,4.5483E-05,1.8217E-05,3.7433E-05,2.8459E-05,4.6957E-05,3.0999E+04,1.6000E+05,4.0823E-05,3.7433E-05
2018-01-11 00:00:00+00:00,HangSeng,3.1112E-05,2.6037E-05,6.6362E-06,2.2336E-05,1.6904E-05,2.6037E-05,1.6904E-05,3.3354E-05,2.0888E-05,1.8431E-05,3.1093E+04,1.6000E+05,3.1112E-05,3.3354E-05
2018-01-12 00:00:00+00:00,HangSeng,2.8361E-05,2.3346E-05,1.2377E-05,2.4961E-05,1.4337E-05,2.3346E-05,1.4337E-05,3.0745E-05,2.3477E-05,1.9539E-05,3.1292E+04,1.6000E+05,2.8361E-05,3.0745E-05
2018-01-15 00:00:00+00:00,HangSeng,3.8515E-05,5.0492E-05,1.8422E-05,3.2552E-05,2.7640E-05,5.0492E-05,2.7640E-05,4.1760E-05,3.0147E-05,6.0718E-05,3.1693E+04,1.6000E+05,3.8515E-05,4.1760E-05
2018-01-16 00:00:00+00:00,HangSeng,3.8133E-05,3.0926E-05,1.7567E-05,2.5867E-05,1.2228E-05,3.0926E-05,1.2228E-05,4.0880E-05,2.4406E-05,4.8913E-05,3.1434E+04,1.6000E+05,3.8133E-05,4.0880E-05
2018-01-17 00:00:00+00:00,HangSeng,5.6239E-05,7.4396E-05,2.0933E-05,3.4425E-05,2.4092E-05,7.4396E-05,2.4092E-05,6.0051E-05,3.1699E-05,7.7868E-05,3.1809E+04,1.6000E+05,5.6239E-05,6.0051E-05
2018-01-18 00:00:00+00:00,HangSeng,5.0800E-05,6.7416E-05,1.9507E-05,3.1563E-05,2.8523E-05,6.7416E-05,2.8523E-05,4.9024E-05,2.7833E-05,6.0920E-05,3.2184E+04,1.6000E+05,5.0800E-05,4.9024E-05
2018-01-19 00:00:00+00:00,HangSeng,3.7905E-05,4.4998E-05,1.4332E-05,2.6797E-05,2.0278E-05,4.4998E-05,2.0278E-05,3.7785E-05,2.4739E-05,3.5698E-05,3.2131E+04,1.6000E+05,3.7905E-05,3.7785E-05
2018-01-22 00:00:00+00:00,HangSeng,3.7473E-05,4.0006E-05,1.4342E-05,3.2959E-05,2.3713E-05,4.0006E-05,2.3713E-05,2.2148E-05,3.0614E-05,3.3666E-05,3.2256E+04,1.6000E+05,3.7473E-05,2.2148E-05
2018-01-23 00:00:00+00:00,HangSeng,5.1817E-05,5.2269E-05,2.9233E-05,3.2012E-05,2.2198E-05,5.2269E-05,2.2198E-05,5.6303E-05,2.9916E-05,6.3333E-05,3.2609E+04,1.6000E+05,5.1817E-05,5.6303E-05
2018-01-24 00:00:00+00:00,HangSeng,3.8276E-05,3.3018E-05,2.0857E-05,2.6901E-05,2.0391E-05,3.3018E-05,2.0391E-05,4.7131E-05,2.3776E-05,3.2498E-05,3.2909E+04,1.6000E+05,3.8276E-05,4.7131E-05
2018-01-25 00:00:00+00:00,HangSeng,5.9262E-05,5.9733E-05,2.4037E-05,3.7074E-05,3.6723E-05,5.9733E-05,3.6723E-05,5.9659E-05,3.2789E-05,6.2785E-05,3.2998E+04,1.6000E+05,5.9262E-05,5.9659E-05
2018-01-26 00:00:00+00:00,HangSeng,4.2737E-05,4.0221E-05,1.4832E-05,2.7842E-05,1.6177E-05,4.0221E-05,1.6177E-05,3.8880E-05,2.4562E-05,3.8953E-05,3.2835E+04,1.6000E+05,4.2737E-05,3.8880E-05
2018-01-29 00:00:00+00:00,HangSeng,8.2217E-05,6.4458E-05,1.5485E-05,5.8988E-05,4.7396E-05,6.4458E-05,4.7396E-05,7.5763E-05,5.3210E-05,8.1127E-05,3.3356E+04,1.6000E+05,8.2217E-05,7.5763E-05
2018-01-30 00:00:00+00:00,HangSeng,7.6848E-05,6.3995E-05,3.0547E-05,4.8519E-05,3.8658E-05,6.3995E-05,3.8658E-05,6.4639E-05,4.3628E-05,6.5791E-05,3.2777E+04,1.6000E+05,7.6848E-05,6.4639E-05
2018-01-31 00:00:00+00:00,HangSeng,1.0484E-04,1.1559E-04,2.4927E-05,5.7127E-05,3.8281E-05,1.1559E-04,3.8281E-05,8.6778E-05,5.0792E-05,1.4514E-04,3.2451E+04,1.6000E+05,1.0484E-04,8.6778E-05
2018-02-01 00:00:00+00:00,HangSeng,6.2325E-05,5.0955E-05,2.1545E-05,5.7318E-05,3.9383E-05,5.0955E-05,3.9383E-05,6.5264E-05,5.3000E-05,5.2712E-05,3.2967E+04,1.6000E+05,6.2325E-05,6.5264E-05
2018-02-02 00:00:00+00:00,HangSeng,1.0288E-04,9.8487E-05,3.2588E-05,5.8837E-05,5.1060E-05,9.8487E-05,5.1060E-05,6.5357E-05,5.4022E-05,9.7412E-05,3.2557E+04,1.6000E+05,1.0288E-04,6.5357E-05
2018-02-05 00:00:00+00:00,HangSeng,8.1705E-05,1.1802E-04,3.0934E-05,5.4300E-05,1.8101E-05,1.1802E-04,1.8101E-05,7.3044E-05,4.9851E-05,1.0999E-04,3.1712E+04,1.6000E+05,8.1705E-05,7.3044E-05
2018-02-06 00:00:00+00:00,HangSeng,2.3922E-04,2.8261E-04,1.3733E-04,1.2802E-04,1.3675E-04,2.8261E-04,1.3675E-04,2.8312E-04,1.1289E-04,3.0450E-04,3.1103E+04,1.6000E+05,2.3922E-04,2.8312E-04
2018-02-07 00:00:00+00:00,HangSeng,2.4576E-04,1.7017E-04,8.3553E-05,1.4666E-04,1.7677E-04,1.7017E-04,1.7677E-04,2.2809E-04,1.3540E-04,2.0942E-04,3.1374E+04,1.6000E+05,2.4576E-04,2.2809E-04
2018-02-08 00:00:00+00:00,HangSeng,2.2124E-04,1.7989E-04,8.9903E-05,1.3331E-04,1.2035E-04,1.7989E-04,1.2035E-04,1.9237E-04,1.2212E-04,2.1485E-04,3.0547E+04,1.6000E+05,2.2124E-04,1.9237E-04
2018-02-09 00:00:00+00:00,HangSeng,2.5475E-04,2.2267E-04,1.1129E-04,1.2507E-04,1.4219E-04,2.2267E-04,1.4219E-04,2.4114E-04,1.1346E-04,2.3264E-04,2.9653E+04,1.6000E+05,2.5475E-04,2.4114E-04
2018-02-12 00:00:00+00:00,HangSeng,1.0179E-04,1.5554E-04,2.8543E-05,8.6760E-05,5.8717E-05,1.5554E-04,5.8717E-05,1.0386E-04,8.1282E-05,1.0248E-04,2.9715E+04,1.6000E+05,1.0179E-04,1.0386E-04
2018-02-13 00:00:00+00:00,HangSeng,7.9608E-05,7.2740E-05,2.8001E-05,8.8435E-05,3.9476E-05,7.2740E-05,3.9476E-05,8.1786E-05,8.2729E-05,6.4757E-05,2.9869E+04,1.6000E+05,7.9608E-05,8.1786E-05
2018-02-14 00:00:00+00:00,HangSeng,7.7742E-05,1.0179E-04,2.2212E-05,6.0688E-05,2.0950E-05,1.0179E-04,2.0950E-05,8.5459E-05,5.7962E-05,7.9264E-05,3.0039E+04,1.6000E+05,7.7742E-05,8.5459E-05
2018-02-15 00:00:00+00:00,HangSeng,2.6576E-05,3.1564E-05,1.3802E-05,3.5459E-05,1.2293E-05,3.1564E-05,1.2293E-05,1.9603E-05,3.3950E-05,2.9104E-05,3.0945E+04,1.2093E+05,2.6576E-05,1.9603E-05
2018-02-20 00:00:00+00:00,HangSeng,2.1662E-04,2.0084E-04,6.3107E-05,1.1996E-04,1.3426E-04,2.0084E-04,1.3426E-04,2.0756E-04,1.0988E-04,2.4846E-04,3.1110E+04,1.6000E+05,2.1662E-04,2.0756E-04
2018-02-21 00:00:00+00:00,HangSeng,4.7711E-05,6.7159E-05,2.0900E-05,4.2774E-05,1.8210E-05,6.7159E-05,1.8210E-05,4.9682E-05,4.0225E-05,4.4327E-05,3.1039E+04,1.6000E+05,4.7711E-05,4.9682E-05
2018-02-22 00:00:00+00:00,HangSeng,7.7912E-05,6.4728E-05,1.6862E-05,7.6910E-05,4.1970E-05,6.4728E-05,4.1970E-05,8.1877E-05,7.0381E-05,4.5504E-05,3.1098E+04,1.6000E+05,7.7912E-05,8.1877E-05
2018-02-23 00:00:00+00:00,HangSeng,3.9700E-05,4.4912E-05,9.8403E-06,3.1744E-05,1.5777E-05,4.4912E-05,1.5777E-05,2.2317E-05,2.9464E-05,4.5724E-05,3.1269E+04,1.6000E+05,3.9700E-05,2.2317E-05
2018-02-26 00:00:00+00:00,HangSeng,5.1250E-05,4.4472E-05,1.1947E-05,3.0958E-05,3.8921E-05,4.4472E-05,3.8921E-05,3.9519E-05,2.8180E-05,5.1133E-05,3.1530E+04,1.6000E+05,5.1250E-05,3.9519E-05
2018-02-27 00:00:00+00:00,HangSeng,5.7538E-05,6.5126E-05,2.6838E-05,4.2003E-05,4.2138E-05,6.5126E-05,4.2138E-05,5.3373E-05,3.7130E-05,6.9705E-05,3.1792E+04,1.6000E+05,5.7538E-05,5.3373E-05
2018-02-28 00:00:00+00:00,HangSeng,8.3018E-05,8.7677E-05,2.3994E-05,5.2370E-05,5.8654E-05,8.7677E-05,5.8654E-05,5.9791E-05,4.6319E-05,8.1264E-05,3.1062E+04,1.6000E+05,8.3018E-05,5.9791E-05
2018-03-01 00:00:00+00:00,HangSeng,9.6225E-05,1.2693E-04,4.5322E-05,7.4471E-05,3.0161E-05,1.2693E-04,3.0161E-05,9.4408E-05,6.8881E-05,1.3317E-04,3.0471E+04,1.6000E+05,9.6225E-05,9.4408E-05
2018-03-02 00:00:00+00:00,HangSeng,4.2985E-05,2.2592E-05,1.6092E-05,4.8332E-05,2.3755E-05,2.2592E-05,2.3755E-05,4.1558E-05,4.4356E-05,2.8948E-05,3.0593E+04,1.6000E+05,4.2985E-05,4.1558E-05
2018-03-05 00:00:00+00:00,HangSeng,1.2759E-04,1.7923E-04,2.2738E-05,8.2479E-05,9.6555E-05,1.7923E-04,9.6555E-05,1.1923E-04,7.4081E-05,1.8427E-04,3.0514E+04,1.6000E+05,1.2759E-04,1.1923E-04
2018-03-06 00:00:00+00:00,HangSeng,5.2439E-05,5.8242E-05,2.1763E-05,4.8323E-05,3.0811E-05,5.8242E-05,3.0811E-05,5.3123E-05,4.4072E-05,6.7216E-05,3.0407E+04,1.6000E+05,5.2439E-05,5.3123E-05
2018-03-07 00:00:00+00:00,HangSeng,1.1796E-04,1.1494E-04,3.1375E-05,8.7026E-05,6.1889E-05,1.1494E-04,6.1889E-05,1.0461E-04,8.3332E-05,1.1799E-04,3.0325E+04,1.6000E+05,1.1796E-04,1.0461E-04
2018-03-08 00:00:00+00:00,HangSeng,5.5013E-05,4.3414E-05,1.1853E-05,3.7029E-05,1.7328E-05,4.3414E-05,1.7328E-05,5.4742E-05,3.3914E-05,3.3127E-05,3.0511E+04,1.6000E+05,5.5013E-05,5.4742E-05
2018-03-09 00:00:00+00:00,HangSeng,2.8849E-05,3.0349E-05,1.2485E-05,2.7421E-05,1.0292E-05,3.0349E-05,1.0292E-05,2.3655E-05,2.6215E-05,2.2515E-05,3.0853E+04,1.6000E+05,2.8849E-05,2.3655E-05
2018-03-12 00:00:00+00:00,HangSeng,2.5250E-05,3.1883E-05,6.5888E-06,2.4415E-05,1.3303E-05,3.1883E-05,1.3303E-05,2.1124E-05,2.1831E-05,2.3845E-05,3.1513E+04,1.6000E+05,2.5250E-05,2.1124E-05
2018-03-13 00:00:00+00:00,HangSeng,4.0066E-05,3.2411E-05,8.7229E-06,2.9927E-05,1.8914E-05,3.2411E-05,1.8914E-05,4.3275E-05,2.7394E-05,3.5836E-05,3.1546E+04,1.6000E+05,4.0066E-05,4.3275E-05
2018-03-14 00:00:00+00:00,HangSeng,3.8033E-05,3.6755E-05,1.2585E-05,2.9318E-05,1.7625E-05,3.6755E-05,1.7625E-05,3.8602E-05,2.7250E-05,4.4374E-05,3.1296E+04,1.6000E+05,3.8033E-05,3.8602E-05
2018-03-15 00:00:00+00:00,HangSeng,4.1608E-05,4.5414E-05,1.1569E-05,3.3939E-05,1.3242E-05,4.5414E-05,1.3242E-05,5.2764E-05,3.2381E-05,5.6867E-05,3.1153E+04,1.6000E+05,4.1608E-05,5.2764E-05
2018-03-16 00:00:00+00:00,HangSeng,2.7155E-05,3.9064E-05,6.5308E-06,3.3072E-05,9.8366E-06,3.9064E-05,9.8366E-06,2.8289E-05,3.0702E-05,3.5747E-05,3.1388E+04,1.6000E+05,2.7155E-05,2.8289E-05
2018-03-19 00:00:00+00:00,HangSeng,4.5872E-05,2.2690E-05,8.2694E-06,3.7458E-05,1.8353E-05,2.2690E-05,1.8353E-05,4.5588E-05,3.6233E-05,4.0832E-05,3.1372E+04,1.6000E+05,4.5872E-05,4.5588E-05
2018-03-20 00:00:00+00:00,HangSeng,4.6270E-05,5.3586E-05,1.5678E-05,3.9174E-05,1.8853E-05,5.3586E-05,1.8853E-05,4.8748E-05,3.6929E-05,4.5277E-05,3.1308E+04,1.6000E+05,4.6270E-05,4.8748E-05
2018-03-21 00:00:00+00:00,HangSeng,7.1028E-05,6.1984E-05,2.1749E-05,4.3656E-05,4.7316E-05,6.1984E-05,4.7316E-05,6.5445E-05,4.0508E-05,8.3451E-05,3.1830E+04,1.6000E+05,7.1028E-05,6.5445E-05
2018-03-22 00:00:00+00:00,HangSeng,8.7643E-05,1.0408E-04,3.0740E-05,5.5565E-05,5.9195E-05,1.0408E-04,5.9195E-05,9.5437E-05,5.1489E-05,1.1263E-04,3.1574E+04,1.6000E+05,8.7643E-05,9.5437E-05
2018-03-23 00:00:00+00:00,HangSeng,1.5694E-04,1.1929E-04,3.1134E-05,1.0038E-04,7.3605E-05,1.1929E-04,7.3605E-05,1.7980E-04,8.9738E-05,1.0906E-04,2.9999E+04,1.6000E+05,1.5694E-04,1.7980E-04
2018-03-26 00:00:00+01:00,HangSeng,8.4198E-05,1.0131E-04,4.4271E-05,6.1538E-05,3.5400E-05,1.0131E-04,3.5400E-05,8.5238E-05,5.8412E-05,9.5306E-05,3.0221E+04,1.7000E+05,8.4198E-05,8.5238E-05
2018-03-27 00:00:00+01:00,HangSeng,4.5378E-05,4.8672E-05,1.5944E-05,3.7008E-05,2.5422E-05,4.8672E-05,2.5422E-05,5.2664E-05,3.4280E-05,3.3781E-05,3.0973E+04,1.7000E+05,4.5378E-05,5.2664E-05
2018-03-28 00:00:00+01:00,HangSeng,5.9845E-05,6.9393E-05,2.9320E-05,5.2445E-05,3.3720E-05,6.9393E-05,3.3720E-05,5.2300E-05,4.8044E-05,8.2549E-05,3.0485E+04,1.7000E+05,5.9845E-05,5.2300E-05
2018-03-29 00:00:00+01:00,HangSeng,9.3141E-05,1.1886E-04,3.5351E-05,7.2551E-05,6.0358E-05,1.1886E-04,6.0358E-05,1.0074E-04,6.5736E-05,1.3919E-04,3.0190E+04,1.7000E+05,9.3141E-05,1.0074E-04
2018-04-03 00:00:00+01:00,HangSeng,6.4067E-05,6.5583E-05,2.9319E-05,6.0732E-05,2.6150E-05,6.5583E-05,2.6150E-05,6.2240E-05,5.8284E-05,8.8522E-05,2.9917E+04,1.7000E+05,6.4067E-05,6.2240E-05
2018-04-04 00:00:00+01:00,HangSeng,8.8838E-05,7.7871E-05,4.1690E-05,8.1030E-05,6.7589E-05,7.7871E-05,6.7589E-05,7.4639E-05,7.5261E-05,7.6518E-05,3.0260E+04,1.7000E+05,8.8838E-05,7.4639E-05
2018-04-06 00:00:00+01:00,HangSeng,8.0852E-05,6.6601E-05,2.9513E-05,8.6963E-05,3.5781E-05,6.6601E-05,3.5781E-05,7.5456E-05,7.9425E-05,7.2788E-05,2.9795E+04,1.7000E+05,8.0852E-05,7.5456E-05
2018-04-09 00:00:00+01:00,HangSeng,1.4314E-04,1.1565E-04,4.9627E-05,1.0235E-04,4.8472E-05,1.1565E-04,4.8472E-05,1.2642E-04,9.7438E-05,1.2599E-04,3.0061E+04,1.7000E+05,1.4314E-04,1.2642E-04
2018-04-10 00:00:00+01:00,HangSeng,6.4352E-05,7.4962E-05,4.1896E-05,5.3371E-05,1.9604E-05,7.4962E-05,1.9604E-05,7.4239E-05,5.0445E-05,7.1724E-05,3.0238E+04,1.7000E+05,6.4352E-05,7.4239E-05
2018-04-11 00:00:00+01:00,HangSeng,6.3998E-05,6.2964E-05,3.3048E-05,4.1751E-05,2.9044E-05,6.2964E-05,2.9044E-05,5.1997E-05,3.9432E-05,6.7153E-05,3.0789E+04,1.7000E+05,6.3998E-05,5.1997E-05
2018-04-12 00:00:00+01:00,HangSeng,6.1451E-05,5.7438E-05,2.6167E-05,5.0447E-05,3.6890E-05,5.7438E-05,3.6890E-05,5.3714E-05,4.6935E-05,6.3889E-05,3.1093E+04,1.7000E+05,6.1451E-05,5.3714E-05
2018-04-13 00:00:00+01:00,HangSeng,4.4267E-05,4.8735E-05,1.0139E-05,3.2901E-05,3.0109E-05,4.8735E-05,3.0109E-05,4.5779E-05,3.0869E-05,4.5662E-05,3.1064E+04,1.7000E+05,4.4267E-05,4.5779E-05
2018-04-16 00:00:00+01:00,HangSeng,7.7461E-05,1.0229E-04,1.9606E-05,5.4953E-05,6.1664E-05,1.0229E-04,6.1664E-05,7.6649E-05,5.1428E-05,1.2345E-04,3.0838E+04,1.7000E+05,7.7461E-05,7.6649E-05
2018-04-17 00:00:00+01:00,HangSeng,1.0153E-04,1.2823E-04,1.7007E-05,6.3143E-05,4.1265E-05,1.2823E-04,4.1265E-05,1.0488E-04,5.8694E-05,1.7887E-04,3.0353E+04,1.7000E+05,1.0153E-04,1.0488E-04
2018-04-18 00:00:00+01:00,HangSeng,1.1729E-04,1.2139E-04,4.2220E-05,6.4859E-05,6.4172E-05,1.2139E-04,6.4172E-05,1.0225E-04,5.9645E-05,1.1928E-04,3.0479E+04,1.7000E+05,1.1729E-04,1.0225E-04
2018-04-19 00:00:00+01:00,HangSeng,5.2372E-05,4.9328E-05,3.0486E-05,5.2782E-05,2.4560E-05,4.9328E-05,2.4560E-05,5.3245E-05,4.9666E-05,4.6953E-05,3.0513E+04,1.7000E+05,5.2372E-05,5.3245E-05
2018-04-20 00:00:00+01:00,HangSeng,4.7343E-05,4.9463E-05,1.7910E-05,4.6268E-05,2.8508E-05,4.9463E-05,2.8508E-05,4.4009E-05,4.3325E-05,5.7652E-05,3.0624E+04,1.7000E+05,4.7343E-05,4.4009E-05
2018-04-23 00:00:00+01:00,HangSeng,6.5119E-05,5.3450E-05,2.1602E-05,6.3044E-05,3.6600E-05,5.3450E-05,3.6600E-05,6.4773E-05,5.8529E-05,7.0446E-05,3.0351E+04,1.7000E+05,6.5119E-05,6.4773E-05
2018-04-24 00:00:00+01:00,HangSeng,3.0655E-05,3.4478E-05,7.1805E-06,3.1313E-05,6.4555E-06,3.4478E-05,6.4555E-06,2.3279E-05,2.8498E-05,4.4893E-05,3.0363E+04,1.7000E+05,3.0655E-05,2.3279E-05
2018-04-25 00:00:00+01:00,HangSeng,4.2735E-05,2.8379E-05,1.4769E-05,4.8146E-05,2.4612E-05,2.8379E-05,2.4612E-05,4.5277E-05,4.4921E-05,3.6590E-05,3.0446E+04,1.7000E+05,4.2735E-05,4.5277E-05
2018-04-26 00:00:00+01:00,HangSeng,7.0027E-05,8.2552E-05,2.3407E-05,6.4335E-05,4.5652E-05,8.2552E-05,4.5652E-05,6.7995E-05,6.1505E-05,9.7090E-05,3.0363E+04,1.7000E+05,7.0027E-05,6.7995E-05
2018-04-27 00:00:00+01:00,HangSeng,5.4029E-05,6.2562E-05,1.2259E-05,4.4305E-05,3.2114E-05,6.2562E-05,3.2114E-05,4.8583E-05,4.3303E-05,4.6761E-05,3.0291E+04,1.7000E+05,5.4029E-05,4.8583E-05
2018-04-30 00:00:00+01:00,HangSeng,3.1621E-05,4.1392E-05,8.1689E-06,4.3685E-05,5.1007E-06,4.1392E-05,5.1007E-06,2.8609E-05,3.8869E-05,4.6279E-05,3.0508E+04,1.7000E+05,3.1621E-05,2.8609E-05
2018-05-02 00:00:00+01:00,HangSeng,5.4446E-05,4.8222E-05,1.0395E-05,3.4287E-05,3.6523E-05,4.8222E-05,3.6523E-05,5.3459E-05,3.2224E-05,4.6428E-05,3.0807E+04,1.7000E+05,5.4446E-05,5.3459E-05
2018-05-03 00:00:00+01:00,HangSeng,5.5787E-05,5.2839E-05,1.5651E-05,5.4580E-05,3.1983E-05,5.2839E-05,3.1983E-05,5.3512E-05,5.0762E-05,6.0075E-05,3.0387E+04,1.7000E+05,5.5787E-05,5.3512E-05
2018-05-04 00:00:00+01:00,HangSeng,9.1412E-05,7.8836E-05,1.7313E-05,6.5412E-05,6.9219E-05,7.8836E-05,6.9219E-05,7.9214E-05,6.3034E-05,1.0077E-04,3.0326E+04,1.7000E+05,9.1412E-05,7.9214E-05
2018-05-07 00:00:00+01:00,HangSeng,7.1570E-05,9.7836E-05,2.2183E-05,5.8344E-05,4.2264E-05,9.7836E-05,4.2264E-05,8.1600E-05,5.6241E-05,1.1423E-04,3.0087E+04,1.7000E+05,7.1570E-05,8.1600E-05
2018-05-08 00:00:00+01:00,HangSeng,4.1790E-05,4.6814E-05,8.7123E-06,2.8226E-05,1.2112E-05,4.6814E-05,1.2112E-05,3.1295E-05,2.6693E-05,3.6344E-05,3.0156E+04,1.7000E+05,4.1790E-05,3.1295E-05
2018-05-09 00:00:00+01:00,HangSeng,2.7802E-05,3.0560E-05,7.0925E-06,4.1009E-05,1.3372E-05,3.0560E-05,1.3372E-05,2.6230E-05,3.9115E-05,3.1656E-05,3.0461E+04,1.7000E+05,2.7802E-05,2.6230E-05
2018-05-10 00:00:00+01:00,HangSeng,1.8406E-05,1.8503E-05,7.5461E-06,3.2900E-05,6.7199E-06,1.8503E-05,6.7199E-06,1.4838E-05,2.9414E-05,2.0437E-05,3.0724E+04,1.7000E+05,1.8406E-05,1.4838E-05
2018-05-11 00:00:00+01:00,HangSeng,4.0827E-05,4.3714E-05,1.1571E-05,3.7040E-05,1.2561E-05,4.3714E-05,1.2561E-05,2.8876E-05,3.6939E-05,4.7280E-05,3.1106E+04,1.7000E+05,4.0827E-05,2.8876E-05
2018-05-14 00:00:00+01:00,HangSeng,3.6684E-05,1.7170E-05,1.1690E-05,3.2676E-05,1.5624E-05,1.7170E-05,1.5624E-05,3.7832E-05,3.1947E-05,8.7312E-06,3.1467E+04,1.7000E+05,3.6684E-05,3.7832E-05
2018-05-15 00:00:00+01:00,HangSeng,3.8380E-05,4.1914E-05,1.0912E-05,2.8271E-05,3.1430E-05,4.1914E-05,3.1430E-05,2.2918E-05,2.6891E-05,4.9590E-05,3.1546E+04,1.7000E+05,3.8380E-05,2.2918E-05
2018-05-16 00:00:00+01:00,HangSeng,6.2463E-05,5.8011E-05,2.3857E-05,4.6610E-05,3.2703E-05,5.8011E-05,3.2703E-05,5.4861E-05,4.4102E-05,7.7335E-05,3.1003E+04,1.7000E+05,6.2463E-05,5.4861E-05
2018-05-17 00:00:00+01:00,HangSeng,7.5551E-05,8.4393E-05,9.0750E-06,4.9191E-05,6.9132E-05,8.4393E-05,6.9132E-05,3.1761E-05,4.6115E-05,8.2876E-05,3.1397E+04,1.7000E+05,7.5551E-05,3.1761E-05
2018-05-18 00:00:00+01:00,HangSeng,3.2140E-05,3.3636E-05,7.8539E-06,3.1270E-05,1.4310E-05,3.3636E-05,1.4310E-05,3.2848E-05,2.8537E-05,2.4771E-05,3.1021E+04,1.7000E+05,3.2140E-05,3.2848E-05
2018-05-21 00:00:00+01:00,HangSeng,4.8161E-05,3.2120E-05,5.8621E-06,2.5602E-05,1.2290E-05,3.2120E-05,1.2290E-05,3.1799E-05,2.3604E-05,3.7054E-05,3.1244E+04,1.7000E+05,4.8161E-05,3.1799E-05
2018-05-23 00:00:00+01:00,HangSeng,3.0733E-05,2.9933E-05,4.6983E-06,2.8215E-05,2.6981E-05,2.9933E-05,2.6981E-05,1.6577E-05,2.5636E-05,3.4526E-05,3.1147E+04,1.7000E+05,3.0733E-05,1.6577E-05
2018-05-24 00:00:00+01:00,HangSeng,4.1107E-05,3.4978E-05,7.8369E-06,3.5350E-05,2.4345E-05,3.4978E-05,2.4345E-05,3.1210E-05,3.3210E-05,4.1632E-05,3.0754E+04,1.7000E+05,4.1107E-05,3.1210E-05
2018-05-25 00:00:00+01:00,HangSeng,3.7821E-05,2.2425E-05,5.3628E-06,3.8768E-05,1.7745E-05,2.2425E-05,1.7745E-05,3.4833E-05,3.6479E-05,2.5822E-05,3.0654E+04,1.7000E+05,3.7821E-05,3.4833E-05
2018-05-28 00:00:00+01:00,HangSeng,3.9905E-05,4.8736E-05,5.0074E-06,2.7704E-05,2.4108E-05,4.8736E-05,2.4108E-05,3.0696E-05,2.6795E-05,5.6734E-05,3.0733E+04,1.7000E+05,3.9905E-05,3.0696E-05
2018-05-29 00:00:00+01:00,HangSeng,1.7417E-05,1.2850E-05,8.1598E-06,2.4172E-05,9.5734E-06,1.2850E-05,9.5734E-06,1.7124E-05,2.3063E-05,1.7550E-05,3.0648E+04,1.7000E+05,1.7417E-05,1.7124E-05
2018-05-30 00:00:00+01:00,HangSeng,3.5820E-05,3.8143E-05,5.5502E-06,3.3425E-05,2.4957E-05,3.8143E-05,2.4957E-05,2.6258E-05,2.9645E-05,4.1982E-05,3.0142E+04,1.7000E+05,3.5820E-05,2.6258E-05
2018-05-31 00:00:00+01:00,HangSeng,2.9890E-05,3.3542E-05,9.2368E-06,3.5345E-05,1.1055E-05,3.3542E-05,1.1055E-05,2.7686E-05,3.2875E-05,3.5134E-05,3.0278E+04,1.7000E+05,2.9890E-05,2.7686E-05
2018-06-01 00:00:00+01:00,HangSeng,3.6290E-05,4.9854E-05,1.4854E-05,2.8208E-05,1.7253E-05,4.9854E-05,1.7253E-05,3.7861E-05,2.6885E-05,3.7198E-05,3.0520E+04,1.7000E+05,3.6290E-05,3.7861E-05
2018-06-04 00:00:00+01:00,HangSeng,2.9650E-05,2.4321E-05,1.0516E-05,2.3971E-05,1.2243E-05,2.4321E-05,1.2243E-05,3.3687E-05,2.2984E-05,2.6593E-05,3.0802E+04,1.7000E+05,2.9650E-05,3.3687E-05
2018-06-05 00:00:00+01:00,HangSeng,4.2981E-05,4.0381E-05,7.4181E-06,3.2560E-05,2.1340E-05,4.0381E-05,2.1340E-05,4.1007E-05,3.0051E-05,3.5603E-05,3.1013E+04,1.7000E+05,4.2981E-05,4.1007E-05
2018-06-06 00:00:00+01:00,HangSeng,2.2126E-05,2.2325E-05,8.1478E-06,2.6640E-05,8.9028E-06,2.2325E-05,8.9028E-06,1.9324E-05,2.5142E-05,2.8256E-05,3.1164E+04,1.7000E+05,2.2126E-05,1.9324E-05
2018-06-07 00:00:00+01:00,HangSeng,2.7851E-05,2.6715E-05,1.2717E-05,2.9873E-05,1.4536E-05,2.6715E-05,1.4536E-05,2.4658E-05,2.8910E-05,1.9221E-05,3.1448E+04,1.7000E+05,2.7851E-05,2.4658E-05
2018-06-08 00:00:00+01:00,HangSeng,3.6289E-05,4.6211E-05,1.0225E-05,2.6841E-05,2.9562E-05,4.6211E-05,2.9562E-05,3.2932E-05,2.6188E-05,4.1410E-05,3.1416E+04,1.7000E+05,3.6289E-05,3.2932E-05
2018-06-11 00:00:00+01:00,HangSeng,3.8550E-05,3.6219E-05,8.6420E-06,3.2865E-05,1.9533E-05,3.6219E-05,1.9533E-05,3.3924E-05,3.2009E-05,3.7083E-05,3.1019E+04,1.7000E+05,3.8550E-05,3.3924E-05
2018-06-12 00:00:00+01:00,HangSeng,5.3854E-05,5.1502E-05,6.6891E-06,3.4478E-05,3.2037E-05,5.1502E-05,3.2037E-05,5.2815E-05,3.2364E-05,7.1915E-05,3.1057E+04,1.7000E+05,5.3854E-05,5.2815E-05
2018-06-13 00:00:00+01:00,HangSeng,2.4753E-05,2.8747E-05,3.1660E-06,2.5829E-05,1.9552E-05,2.8747E-05,1.9552E-05,1.8956E-05,2.4012E-05,2.8858E-05,3.0998E+04,1.7000E+05,2.4753E-05,1.8956E-05
2018-06-14 00:00:00+01:00,HangSeng,3.5687E-05,4.7180E-05,1.7800E-05,3.2355E-05,1.9996E-05,4.7180E-05,1.9996E-05,3.4300E-05,3.0243E-05,4.0620E-05,3.0683E+04,1.7000E+05,3.5687E-05,3.4300E-05
2018-06-15 00:00:00+01:00,HangSeng,4.3480E-05,2.7237E-05,1.7811E-05,3.1940E-05,2.3197E-05,2.7237E-05,2.3197E-05,5.1605E-05,3.0172E-05,2.2887E-05,3.0439E+04,1.7000E+05,4.3480E-05,5.1605E-05
2018-06-19 00:00:00+01:00,HangSeng,8.3051E-05,8.0840E-05,2.5723E-05,5.9389E-05,6.0473E-05,8.0840E-05,6.0473E-05,7.5394E-05,5.5336E-05,1.0172E-04,3.0012E+04,1.7000E+05,8.3051E-05,7.5394E-05
2018-06-20 00:00:00+01:00,HangSeng,9.5384E-05,1.1696E-04,4.7410E-05,7.3236E-05,3.4157E-05,1.1696E-04,3.4157E-05,8.6354E-05,6.8818E-05,1.2874E-04,2.9519E+04,1.7000E+05,9.5384E-05,8.6354E-05
2018-06-21 00:00:00+01:00,HangSeng,6.9803E-05,9.3879E-05,2.9829E-05,6.4138E-05,4.4658E-05,9.3879E-05,4.4658E-05,7.1069E-05,5.9637E-05,9.5853E-05,2.9755E+04,1.7000E+05,6.9803E-05,7.1069E-05
2018-06-22 00:00:00+01:00,HangSeng,8.2339E-05,5.7572E-05,2.9453E-05,6.0798E-05,4.2645E-05,5.7572E-05,4.2645E-05,7.7847E-05,5.5687E-05,7.5429E-05,2.9224E+04,1.7000E+05,8.2339E-05,7.7847E-05
2018-06-25 00:00:00+01:00,HangSeng,6.5174E-05,6.9568E-05,2.7417E-05,6.4181E-05,4.6255E-05,6.9568E-05,4.6255E-05,7.1655E-05,6.2279E-05,7.0303E-05,2.9379E+04,1.7000E+05,6.5174E-05,7.1655E-05
2018-06-26 00:00:00+01:00,HangSeng,1.1231E-04,1.4219E-04,5.2323E-05,7.9312E-05,4.4605E-05,1.4219E-04,4.4605E-05,1.0540E-04,7.2385E-05,1.4309E-04,2.8845E+04,1.7000E+05,1.1231E-04,1.0540E-04
2018-06-27 00:00:00+01:00,HangSeng,7.7521E-05,8.1989E-05,4.3318E-05,5.7714E-05,5.7672E-05,8.1989E-05,5.7672E-05,7.2321E-05,5.3583E-05,1.0332E-04,2.8972E+04,1.7000E+05,7.7521E-05,7.2321E-05
2018-06-28 00:00:00+01:00,HangSeng,8.1021E-05,7.8078E-05,3.6975E-05,6.9627E-05,2.9623E-05,7.8078E-05,2.9623E-05,8.5244E-05,6.4755E-05,1.0910E-04,2.8390E+04,1.7000E+05,8.1021E-05,8.5244E-05
2018-06-29 00:00:00+01:00,HangSeng,7.2785E-05,6.6494E-05,2.2216E-05,6.2565E-05,2.1565E-05,6.6494E-05,2.1565E-05,6.4962E-05,5.9445E-05,7.1996E-05,2.8502E+04,1.7000E+05,7.2785E-05,6.4962E-05
2018-07-03 00:00:00+01:00,HangSeng,2.5209E-04,3.3760E-04,9.6146E-05,1.5420E-04,1.6130E-04,3.3760E-04,1.6130E-04,2.3231E-04,1.4499E-04,3.3501E-04,2.8579E+04,1.7000E+05,2.5209E-04,2.3231E-04
2018-07-04 00:00:00+01:00,HangSeng,8.1978E-05,8.5288E-05,3.4103E-05,7.7611E-05,5.6795E-05,8.5288E-05,5.6795E-05,8.3717E-05,7.4220E-05,1.0175E-04,2.8541E+04,1.7000E+05,8.1978E-05,8.3717E-05
2018-07-05 00:00:00+01:00,HangSeng,1.1662E-04,1.5863E-04,3.5890E-05,1.0725E-04,4.8470E-05,1.5863E-04,4.8470E-05,1.0849E-04,1.0348E-04,1.6460E-04,2.8073E+04,1.7000E+05,1.1662E-04,1.0849E-04
2018-07-06 00:00:00+01:00,HangSeng,2.1628E-04,2.7962E-04,1.0277E-04,1.4879E-04,9.2960E-05,2.7962E-04,9.2960E-05,2.1697E-04,1.4391E-04,2.5440E-04,2.8241E+04,1.7000E+05,2.1628E-04,2.1697E-04
2018-07-09 00:00:00+01:00,HangSeng,6.2890E-05,6.7502E-05,1.9205E-05,4.6189E-05,2.2995E-05,6.7502E-05,2.2995E-05,6.7098E-05,4.4641E-05,4.7584E-05,2.8582E+04,1.7000E+05,6.2890E-05,6.7098E-05
2018-07-10 00:00:00+01:00,HangSeng,5.8181E-05,3.5851E-05,2.0669E-05,3.5675E-05,3.5058E-05,3.5851E-05,3.5058E-05,5.7104E-05,3.2747E-05,4.4852E-05,2.8912E+04,1.7000E+05,5.8181E-05,5.7104E-05
2018-07-11 00:00:00+01:00,HangSeng,6.6816E-05,6.4624E-05,2.5003E-05,6.4260E-05,2.6667E-05,6.4624E-05,2.6667E-05,6.3427E-05,6.0950E-05,6.6091E-05,2.8067E+04,1.7000E+05,6.6816E-05,6.3427E-05
2018-07-12 00:00:00+01:00,HangSeng,6.0789E-05,4.9603E-05,2.3310E-05,4.4260E-05,2.1182E-05,4.9603E-05,2.1182E-05,4.9229E-05,4.1868E-05,4.9373E-05,2.8267E+04,1.7000E+05,6.0789E-05,4.9229E-05
2018-07-13 00:00:00+01:00,HangSeng,2.4604E-05,2.8296E-05,6.4593E-06,2.6175E-05,1.6211E-05,2.8296E-05,1.6211E-05,2.2788E-05,2.6385E-05,1.6788E-05,2.8699E+04,1.7000E+05,2.4604E-05,2.2788E-05
2018-07-16 00:00:00+01:00,HangSeng,8.1509E-05,4.6767E-05,1.1412E-05,5.0930E-05,4.5603E-05,4.6767E-05,4.5603E-05,7.7191E-05,4.7851E-05,7.5466E-05,2.8593E+04,1.7000E+05,8.1509E-05,7.7191E-05
2018-07-17 00:00:00+01:00,HangSeng,3.3900E-05,3.8672E-05,1.1493E-05,3.5340E-05,2.2139E-05,3.8672E-05,2.2139E-05,2.9653E-05,3.4046E-05,4.4346E-05,2.8450E+04,1.7000E+05,3.3900E-05,2.9653E-05
2018-07-18 00:00:00+01:00,HangSeng,3.1642E-05,3.4814E-05,1.6425E-05,3.6516E-05,1.8066E-05,3.4814E-05,1.8066E-05,2.9419E-05,3.5350E-05,3.5185E-05,2.8351E+04,1.7000E+05,3.1642E-05,2.9419E-05
2018-07-19 00:00:00+01:00,HangSeng,3.5761E-05,3.2476E-05,1.7423E-05,4.0023E-05,2.4638E-05,3.2476E-05,2.4638E-05,3.2659E-05,3.8395E-05,3.7855E-05,2.8257E+04,1.7000E+05,3.5761E-05,3.2659E-05
2018-07-20 00:00:00+01:00,HangSeng,8.4339E-05,9.5584E-05,2.2034E-05,6.7356E-05,3.2954E-05,9.5584E-05,3.2954E-05,8.0511E-05,6.3323E-05,1.4212E-04,2.8037E+04,1.7000E+05,8.4339E-05,8.0511E-05
2018-07-23 00:00:00+01:00,HangSeng,6.6897E-05,5.6940E-05,2.0360E-05,6.7783E-05,4.4342E-05,5.6940E-05,4.4342E-05,7.1295E-05,6.4226E-05,5.1732E-05,2.8306E+04,1.7000E+05,6.6897E-05,7.1295E-05
2018-07-24 00:00:00+01:00,HangSeng,3.6119E-05,5.7781E-05,1.1793E-05,3.4290E-05,8.7739E-06,5.7781E-05,8.7739E-06,4.1294E-05,3.1647E-05,6.0520E-05,2.8300E+04,1.7000E+05,3.6119E-05,4.1294E-05
2018-07-25 00:00:00+01:00,HangSeng,2.3635E-05,3.0406E-05,8.7170E-06,2.6823E-05,9.4918E-06,3.0406E-05,9.4918E-06,1.9854E-05,2.6235E-05,2.4898E-05,2.8886E+04,1.7000E+05,2.3635E-05,1.9854E-05
2018-07-26 00:00:00+01:00,HangSeng,4.3021E-05,4.9099E-05,1.9558E-05,3.1941E-05,2.8571E-05,4.9099E-05,2.8571E-05,4.0631E-05,3.0731E-05,6.2717E-05,2.9077E+04,1.7000E+05,4.3021E-05,4.0631E-05
2018-07-27 00:00:00+01:00,HangSeng,3.9336E-05,3.9850E-05,9.5629E-06,3.1190E-05,1.8112E-05,3.9850E-05,1.8112E-05,3.9749E-05,3.0634E-05,3.8496E-05,2.8733E+04,1.7000E+05,3.9336E-05,3.9749E-05
2018-07-30 00:00:00+01:00,HangSeng,7.3537E-05,3.7796E-05,6.5532E-06,4.7131E-05,2.2015E-05,3.7796E-05,2.2015E-05,5.4579E-05,4.4957E-05,4.5742E-05,2.8645E+04,1.7000E+05,7.3537E-05,5.4579E-05
2018-07-31 00:00:00+01:00,HangSeng,2.5566E-05,2.2451E-05,5.1879E-06,2.8734E-05,1.2265E-05,2.2451E-05,1.2265E-05,2.5873E-05,2.7626E-05,2.5463E-05,2.8654E+04,1.7000E+05,2.5566E-05,2.5873E-05
2018-08-01 00:00:00+01:00,HangSeng,6.0212E-05,6.4316E-05,2.5636E-05,4.7086E-05,4.6563E-05,6.4316E-05,4.6563E-05,4.8283E-05,4.4355E-05,6.2560E-05,2.8749E+04,1.7000E+05,6.0212E-05,4.8283E-05
2018-08-02 00:00:00+01:00,HangSeng,7.6468E-05,7.8624E-05,4.6628E-05,6.7163E-05,4.9072E-05,7.8624E-05,4.9072E-05,7.7494E-05,6.3649E-05,1.0888E-04,2.8177E+04,1.7000E+05,7.6468E-05,7.7494E-05
2018-08-03 00:00:00+01:00,HangSeng,5.0689E-05,6.6823E-05,2.4637E-05,5.5483E-05,2.7701E-05,6.6823E-05,2.7701E-05,4.8824E-05,5.4045E-05,4.1677E-05,2.7751E+04,1.7000E+05,5.0689E-05,4.8824E-05
2018-08-06 00:00:00+01:00,HangSeng,6.0359E-05,7.2149E-05,1.3440E-05,5.8910E-05,2.8684E-05,7.2149E-05,2.8684E-05,5.0122E-05,5.6343E-05,7.6727E-05,2.7874E+04,1.7000E+05,6.0359E-05,5.0122E-05
2018-08-07 00:00:00+01:00,HangSeng,5.5595E-05,6.3559E-05,2.3096E-05,4.2528E-05,1.4169E-05,6.3559E-05,1.4169E-05,4.0960E-05,4.0268E-05,6.1496E-05,2.7894E+04,1.7000E+05,5.5595E-05,4.0960E-05
2018-08-08 00:00:00+01:00,HangSeng,5.3673E-05,3.7876E-05,1.4164E-05,3.9199E-05,3.8384E-05,3.7876E-05,3.8384E-05,5.0975E-05,3.7319E-05,4.1651E-05,2.8435E+04,1.7000E+05,5.3673E-05,5.0975E-05
2018-08-09 00:00:00+01:00,HangSeng,5.0924E-05,5.1683E-05,1.6228E-05,4.5170E-05,1.7931E-05,5.1683E-05,1.7931E-05,5.0506E-05,4.3785E-05,6.3194E-05,2.8268E+04,1.7000E+05,5.0924E-05,5.0506E-05
2018-08-10 00:00:00+01:00,HangSeng,4.5514E-05,3.7759E-05,7.4785E-06,4.0467E-05,2.9333E-05,3.7759E-05,2.9333E-05,4.7291E-05,4.0255E-05,4.2269E-05,2.8617E+04,1.7000E+05,4.5514E-05,4.7291E-05
2018-08-13 00:00:00+01:00,HangSeng,6.1376E-05,5.2231E-05,1.4418E-05,4.8311E-05,2.9901E-05,5.2231E-05,2.9901E-05,4.5825E-05,4.6284E-05,5.6836E-05,2.7995E+04,1.7000E+05,6.1376E-05,4.5825E-05
2018-08-14 00:00:00+01:00,HangSeng,5.7863E-05,5.0287E-05,3.3983E-05,5.4033E-05,3.2881E-05,5.0287E-05,3.2881E-05,6.1506E-05,5.1049E-05,7.2006E-05,2.7927E+04,1.7000E+05,5.7863E-05,6.1506E-05
2018-08-15 00:00:00+01:00,HangSeng,1.0593E-04,1.1658E-04,2.7032E-05,5.4937E-05,8.5053E-05,1.1658E-04,8.5053E-05,5.9191E-05,5.1094E-05,9.7641E-05,2.7727E+04,1.7000E+05,1.0593E-04,5.9191E-05
2018-08-16 00:00:00+01:00,HangSeng,1.6370E-04,2.0487E-04,3.4411E-05,1.2497E-04,5.4007E-05,2.0487E-04,5.4007E-05,1.4634E-04,1.1847E-04,1.8875E-04,2.6883E+04,1.7000E+05,1.6370E-04,1.4634E-04
2018-08-17 00:00:00+01:00,HangSeng,2.9801E-05,3.2421E-05,8.6685E-06,4.8149E-05,2.1054E-05,3.2421E-05,2.1054E-05,2.5969E-05,4.6788E-05,3.4760E-05,2.7406E+04,1.7000E+05,2.9801E-05,2.5969E-05
2018-08-20 00:00:00+01:00,HangSeng,9.6910E-05,9.1353E-05,4.0700E-05,6.1058E-05,3.0733E-05,9.1353E-05,3.0733E-05,1.0291E-04,6.0944E-05,8.6484E-05,2.7291E+04,1.7000E+05,9.6910E-05,1.0291E-04
2018-08-21 00:00:00+01:00,HangSeng,4.1471E-05,3.8222E-05,1.3882E-05,4.4603E-05,2.2869E-05,3.8222E-05,2.2869E-05,4.2665E-05,4.3267E-05,3.3657E-05,2.7651E+04,1.7000E+05,4.1471E-05,4.2665E-05
2018-08-22 00:00:00+01:00,HangSeng,7.0118E-05,8.0621E-05,1.4439E-05,5.0214E-05,3.0363E-05,8.0621E-05,3.0363E-05,4.9322E-05,4.7823E-05,1.0161E-04,2.7837E+04,1.7000E+05,7.0118E-05,4.9322E-05
2018-08-23 00:00:00+01:00,HangSeng,7.0319E-05,7.2399E-05,1.4112E-05,6.1922E-05,5.3046E-05,7.2399E-05,5.3046E-05,3.8469E-05,5.8958E-05,8.0322E-05,2.8008E+04,1.7000E+05,7.0319E-05,3.8469E-05
2018-08-24 00:00:00+01:00,HangSeng,4.9303E-05,6.0999E-05,1.5435E-05,4.3640E-05,1.9998E-05,6.0999E-05,1.9998E-05,5.4749E-05,4.1508E-05,3.9358E-05,2.7587E+04,1.7000E+05,4.9303E-05,5.4749E-05
2018-08-27 00:00:00+01:00,HangSeng,2.4898E-05,1.8791E-05,5.4077E-06,3.0866E-05,6.4114E-06,1.8791E-05,6.4114E-06,1.9916E-05,2.9287E-05,2.8228E-05,2.8011E+04,1.7000E+05,2.4898E-05,1.9916E-05
2018-08-28 00:00:00+01:00,HangSeng,4.2554E-05,3.5648E-05,9.9125E-06,3.3963E-05,2.5996E-05,3.5648E-05,2.5996E-05,4.3975E-05,3.2853E-05,4.6785E-05,2.8503E+04,1.7000E+05,4.2554E-05,4.3975E-05
2018-08-29 00:00:00+01:00,HangSeng,4.1190E-05,5.0708E-05,1.1661E-05,4.2530E-05,1.8647E-05,5.0708E-05,1.8647E-05,3.4609E-05,4.0824E-05,3.1509E-05,2.8345E+04,1.7000E+05,4.1190E-05,3.4609E-05
2018-08-30 00:00:00+01:00,HangSeng,3.2220E-05,4.0418E-05,9.8371E-06,3.9708E-05,2.5687E-05,4.0418E-05,2.5687E-05,2.9548E-05,3.9644E-05,3.8386E-05,2.8500E+04,1.7000E+05,3.2220E-05,2.9548E-05
2018-08-31 00:00:00+01:00,HangSeng,4.4699E-05,2.5533E-05,1.5591E-05,3.9667E-05,2.0446E-05,2.5533E-05,2.0446E-05,4.0832E-05,3.8978E-05,2.3040E-05,2.7786E+04,1.7000E+05,4.4699E-05,4.0832E-05
2018-09-03 00:00:00+01:00,HangSeng,4.1272E-05,5.3857E-05,1.1079E-05,3.7248E-05,2.4544E-05,5.3857E-05,2.4544E-05,4.1590E-05,3.6653E-05,3.2925E-05,2.7796E+04,1.7000E+05,4.1272E-05,4.1590E-05
2018-09-04 00:00:00+01:00,HangSeng,4.3872E-05,5.9381E-05,1.7349E-05,4.9102E-05,1.3698E-05,5.9381E-05,1.3698E-05,5.1729E-05,4.5334E-05,6.3586E-05,2.7624E+04,1.7000E+05,4.3872E-05,5.1729E-05
2018-09-05 00:00:00+01:00,HangSeng,5.6313E-05,5.8817E-05,1.6050E-05,4.4334E-05,4.4057E-05,5.8817E-05,4.4057E-05,5.4649E-05,4.1396E-05,7.2949E-05,2.7806E+04,1.7000E+05,5.6313E-05,5.4649E-05
2018-09-06 00:00:00+01:00,HangSeng,8.6653E-05,1.0954E-04,2.8316E-05,5.7247E-05,4.6020E-05,1.0954E-04,4.6020E-05,9.0818E-05,5.3681E-05,1.0560E-04,2.7119E+04,1.7000E+05,8.6653E-05,9.0818E-05
2018-09-07 00:00:00+01:00,HangSeng,1.3049E-04,1.7472E-04,3.8193E-05,8.2541E-05,5.1001E-05,1.7472E-04,5.1001E-05,8.9590E-05,7.7656E-05,1.8904E-04,2.6928E+04,1.7000E+05,1.3049E-04,8.9590E-05
2018-09-10 00:00:00+01:00,HangSeng,8.5415E-05,7.4114E-05,2.5937E-05,7.1177E-05,6.1393E-05,7.4114E-05,6.1393E-05,7.2371E-05,6.6427E-05,1.0931E-04,2.6879E+04,1.7000E+05,8.5415E-05,7.2371E-05
2018-09-11 00:00:00+01:00,HangSeng,5.0758E-05,5.0505E-05,2.2984E-05,6.0935E-05,2.6644E-05,5.0505E-05,2.6644E-05,5.4906E-05,5.8124E-05,6.1079E-05,2.6596E+04,1.7000E+05,5.0758E-05,5.4906E-05
2018-09-12 00:00:00+01:00,HangSeng,9.9997E-05,1.1551E-04,2.8371E-05,6.8607E-05,5.4891E-05,1.1551E-04,5.4891E-05,8.4356E-05,6.2650E-05,9.9022E-05,2.6469E+04,1.7000E+05,9.9997E-05,8.4356E-05
2018-09-13 00:00:00+01:00,HangSeng,6.1145E-05,7.3677E-05,2.1589E-05,5.1179E-05,2.5770E-05,7.3677E-05,2.5770E-05,5.3128E-05,4.8208E-05,5.6815E-05,2.6782E+04,1.7000E+05,6.1145E-05,5.3128E-05
2018-09-14 00:00:00+01:00,HangSeng,9.3852E-05,5.8658E-05,1.0937E-05,4.7559E-05,4.7021E-05,5.8658E-05,4.7021E-05,7.8260E-05,4.2539E-05,7.2258E-05,2.7215E+04,1.7000E+05,9.3852E-05,7.8260E-05
2018-09-17 00:00:00+01:00,HangSeng,6.4418E-05,5.5814E-05,2.4012E-05,5.1713E-05,3.5840E-05,5.5814E-05,3.5840E-05,6.4886E-05,4.9664E-05,5.9485E-05,2.7021E+04,1.7000E+05,6.4418E-05,6.4886E-05
2018-09-18 00:00:00+01:00,HangSeng,1.1432E-04,1.1031E-04,2.9229E-05,8.2026E-05,6.2510E-05,1.1031E-04,6.2510E-05,1.1499E-04,7.5334E-05,1.2474E-04,2.6812E+04,1.7000E+05,1.1432E-04,1.1499E-04
2018-09-19 00:00:00+01:00,HangSeng,5.1667E-05,4.6780E-05,1.6711E-05,4.6876E-05,1.5322E-05,4.6780E-05,1.5322E-05,5.2470E-05,4.4371E-05,5.3529E-05,2.7155E+04,1.7000E+05,5.1667E-05,5.2470E-05
2018-09-20 00:00:00+01:00,HangSeng,5.1281E-05,4.5323E-05,1.7092E-05,3.7692E-05,3.3213E-05,4.5323E-05,3.3213E-05,5.4746E-05,3.5417E-05,5.1053E-05,2.7576E+04,1.7000E+05,5.1281E-05,5.4746E-05
2018-09-21 00:00:00+01:00,HangSeng,5.5312E-05,6.5946E-05,2.1077E-05,3.5518E-05,2.4625E-05,6.5946E-05,2.4625E-05,5.5119E-05,3.2785E-05,4.9772E-05,2.7692E+04,1.7000E+05,5.5312E-05,5.5119E-05
2018-09-24 00:00:00+01:00,HangSeng,3.3507E-05,3.1403E-05,9.9999E-06,4.4268E-05,2.5447E-05,3.1403E-05,2.5447E-05,3.5119E-05,4.2356E-05,4.6612E-05,2.7736E+04,1.7000E+05,3.3507E-05,3.5119E-05
2017-12-05 00:00:00+00:00,Nasdaq100,5.10E-05,6.79E-05,3.22E-05,3.51E-05,1.77E-05,6.79E-05,1.77E-05,5.24E-05,3.26E-05,7.42E-05,6759.136,160015,5.10E-05,5.24E-05
2017-12-06 00:00:00+00:00,Nasdaq100,3.87E-05,4.82E-05,8.62E-06,2.91E-05,1.54E-05,4.82E-05,1.54E-05,2.92E-05,2.74E-05,3.53E-05,6742.074,160015,3.87E-05,2.92E-05
2017-12-07 00:00:00+00:00,Nasdaq100,2.65E-05,2.99E-05,1.52E-05,2.21E-05,1.11E-05,2.99E-05,1.11E-05,2.84E-05,2.05E-05,2.39E-05,6785.739,160015,2.65E-05,2.84E-05
2017-12-08 00:00:00+00:00,Nasdaq100,1.66E-05,1.05E-05,7.38E-06,1.24E-05,9.24E-06,1.05E-05,9.24E-06,1.90E-05,1.13E-05,1.17E-05,6859.945,160015,1.66E-05,1.90E-05
2017-12-11 00:00:00+00:00,Nasdaq100,1.11E-05,1.39E-05,4.92E-06,9.48E-06,3.99E-06,1.39E-05,3.99E-06,9.29E-06,9.13E-06,1.13E-05,6847.639,160015,1.11E-05,9.29E-06
2017-12-12 00:00:00+00:00,Nasdaq100,1.18E-05,9.93E-06,5.79E-06,1.11E-05,6.79E-06,9.93E-06,6.79E-06,1.05E-05,1.06E-05,9.61E-06,6872.715,160015,1.18E-05,1.05E-05
2017-12-13 00:00:00+00:00,Nasdaq100,1.83E-05,1.63E-05,9.91E-06,1.46E-05,9.47E-06,1.63E-05,9.47E-06,1.73E-05,1.41E-05,1.57E-05,6880.41,160015,1.83E-05,1.73E-05
2017-12-14 00:00:00+00:00,Nasdaq100,2.16E-05,2.56E-05,1.02E-05,1.34E-05,1.43E-05,2.56E-05,1.43E-05,2.39E-05,1.26E-05,1.96E-05,6887.385,160015,2.16E-05,2.39E-05
2017-12-15 00:00:00+00:00,Nasdaq100,1.17E-05,1.20E-05,4.14E-06,1.10E-05,2.24E-06,1.20E-05,2.24E-06,8.98E-06,1.07E-05,1.44E-05,6871.551,160015,1.17E-05,8.98E-06
2017-12-18 00:00:00+00:00,Nasdaq100,7.78E-06,5.87E-06,4.23E-06,9.42E-06,3.72E-06,5.87E-06,3.72E-06,7.43E-06,9.37E-06,4.83E-06,6980.399,160015,7.78E-06,7.43E-06
2017-12-19 00:00:00+00:00,Nasdaq100,1.56E-05,1.59E-05,6.39E-06,1.14E-05,9.38E-06,1.59E-05,9.38E-06,1.40E-05,1.08E-05,1.72E-05,6991.253,160015,1.56E-05,1.40E-05
2017-12-20 00:00:00+00:00,Nasdaq100,2.76E-05,2.82E-05,6.10E-06,1.23E-05,1.91E-05,2.82E-05,1.91E-05,2.65E-05,1.15E-05,3.34E-05,6991.255,160015,2.76E-05,2.65E-05
2017-12-21 00:00:00+00:00,Nasdaq100,1.41E-05,1.31E-05,5.77E-06,7.67E-06,8.54E-06,1.31E-05,8.54E-06,9.84E-06,7.36E-06,1.23E-05,6972.883,160015,1.41E-05,9.84E-06
2017-12-22 00:00:00+00:00,Nasdaq100,7.23E-06,8.86E-06,2.22E-06,6.18E-06,4.20E-06,8.86E-06,4.20E-06,7.93E-06,5.92E-06,5.39E-06,6958.023,160015,7.23E-06,7.93E-06
2017-12-26 00:00:00+00:00,Nasdaq100,7.38E-06,6.87E-06,3.80E-06,5.75E-06,3.98E-06,6.87E-06,3.98E-06,7.89E-06,5.75E-06,7.08E-06,6928.924,160015,7.38E-06,7.89E-06
2017-12-27 00:00:00+00:00,Nasdaq100,4.87E-06,3.91E-06,2.81E-06,4.80E-06,2.41E-06,3.91E-06,2.41E-06,5.23E-06,4.60E-06,3.99E-06,6941.454,160015,4.87E-06,5.23E-06
2017-12-28 00:00:00+00:00,Nasdaq100,2.66E-06,2.89E-06,1.04E-06,2.38E-06,1.29E-06,2.89E-06,1.29E-06,2.08E-06,2.44E-06,3.74E-06,6953.38,160015,2.66E-06,2.08E-06
2017-12-29 00:00:00+00:00,Nasdaq100,9.59E-06,1.08E-05,4.56E-06,6.99E-06,7.30E-06,1.08E-05,7.30E-06,9.81E-06,6.60E-06,1.51E-05,6952.605,160015,9.59E-06,9.81E-06
2018-01-02 00:00:00+00:00,Nasdaq100,1.97E-05,1.31E-05,3.25E-06,1.03E-05,4.34E-06,1.31E-05,4.34E-06,2.01E-05,9.84E-06,2.37E-05,6937.654,160015,1.97E-05,2.01E-05
2018-01-03 00:00:00+00:00,Nasdaq100,9.81E-06,1.22E-05,4.63E-06,7.30E-06,2.14E-06,1.22E-05,2.14E-06,1.00E-05,6.93E-06,1.40E-05,7017.069,160015,9.81E-06,1.00E-05
2018-01-04 00:00:00+00:00,Nasdaq100,1.27E-05,1.24E-05,4.92E-06,1.09E-05,6.83E-06,1.24E-05,6.83E-06,1.15E-05,1.02E-05,1.23E-05,7089.498,160015,1.27E-05,1.15E-05
2018-01-05 00:00:00+00:00,Nasdaq100,8.05E-06,7.12E-06,2.61E-06,7.15E-06,2.34E-06,7.12E-06,2.34E-06,5.94E-06,7.05E-06,6.06E-06,7105.739,160015,8.05E-06,5.94E-06
2018-01-08 00:00:00+00:00,Nasdaq100,1.14E-05,9.88E-06,3.59E-06,7.73E-06,5.64E-06,9.88E-06,5.64E-06,1.36E-05,7.08E-06,5.60E-06,7135.376,160015,1.14E-05,1.36E-05
2018-01-09 00:00:00+00:00,Nasdaq100,1.83E-05,1.98E-05,4.06E-06,1.31E-05,1.06E-05,1.98E-05,1.06E-05,2.12E-05,1.23E-05,1.62E-05,7174.191,160015,1.83E-05,2.12E-05
2018-01-10 00:00:00+00:00,Nasdaq100,2.56E-05,1.99E-05,1.10E-05,1.49E-05,1.21E-05,1.99E-05,1.21E-05,2.96E-05,1.36E-05,2.52E-05,7129.833,160015,2.56E-05,2.96E-05
2018-01-11 00:00:00+00:00,Nasdaq100,9.73E-06,8.64E-06,5.74E-06,7.14E-06,3.27E-06,8.64E-06,3.27E-06,1.08E-05,6.86E-06,1.04E-05,7168.734,160015,9.73E-06,1.08E-05
2018-01-12 00:00:00+00:00,Nasdaq100,1.30E-05,1.13E-05,6.01E-06,8.27E-06,3.28E-06,1.13E-05,3.28E-06,1.24E-05,7.86E-06,1.35E-05,7208.17,160015,1.30E-05,1.24E-05
2018-01-16 00:00:00+00:00,Nasdaq100,4.20E-05,4.28E-05,2.95E-05,2.82E-05,2.79E-05,4.28E-05,2.79E-05,3.71E-05,2.69E-05,4.40E-05,7307.187,160015,4.20E-05,3.71E-05
2018-01-17 00:00:00+00:00,Nasdaq100,2.38E-05,2.45E-05,1.06E-05,1.76E-05,1.20E-05,2.45E-05,1.20E-05,2.03E-05,1.67E-05,2.24E-05,7257.77,160015,2.38E-05,2.03E-05
2018-01-18 00:00:00+00:00,Nasdaq100,2.77E-05,1.89E-05,1.55E-05,1.56E-05,1.54E-05,1.89E-05,1.54E-05,3.39E-05,1.46E-05,1.57E-05,7293.649,160015,2.77E-05,3.39E-05
2018-01-19 00:00:00+00:00,Nasdaq100,1.75E-05,1.64E-05,5.01E-06,1.40E-05,8.59E-06,1.64E-05,8.59E-06,1.53E-05,1.29E-05,1.54E-05,7312.003,160015,1.75E-05,1.53E-05
2018-01-22 00:00:00+00:00,Nasdaq100,1.49E-05,1.67E-05,5.21E-06,9.05E-06,3.13E-06,1.67E-05,3.13E-06,1.56E-05,8.49E-06,1.66E-05,7338.039,160015,1.49E-05,1.56E-05
2018-01-23 00:00:00+00:00,Nasdaq100,1.56E-05,2.05E-05,8.59E-06,1.44E-05,8.34E-06,2.05E-05,8.34E-06,1.23E-05,1.35E-05,1.75E-05,7424.949,160015,1.56E-05,1.23E-05
2018-01-24 00:00:00+00:00,Nasdaq100,6.65E-05,6.25E-05,3.46E-05,4.17E-05,4.26E-05,6.25E-05,4.26E-05,5.85E-05,3.74E-05,7.00E-05,7474.163,160015,6.65E-05,5.85E-05
2018-01-25 00:00:00+00:00,Nasdaq100,4.50E-05,4.62E-05,1.66E-05,2.99E-05,3.02E-05,4.62E-05,3.02E-05,4.31E-05,2.76E-05,4.34E-05,7457.945,160015,4.50E-05,4.31E-05
2018-01-26 00:00:00+00:00,Nasdaq100,1.26E-05,1.26E-05,8.75E-06,1.35E-05,4.61E-06,1.26E-05,4.61E-06,1.31E-05,1.23E-05,1.51E-05,7448.326,160015,1.26E-05,1.31E-05
2018-01-29 00:00:00+00:00,Nasdaq100,2.88E-05,2.10E-05,8.84E-06,2.51E-05,1.49E-05,2.10E-05,1.49E-05,3.02E-05,2.33E-05,2.40E-05,7484.473,160015,2.88E-05,3.02E-05
2018-01-30 00:00:00+00:00,Nasdaq100,4.94E-05,5.85E-05,1.83E-05,4.03E-05,2.02E-05,5.85E-05,2.02E-05,3.69E-05,3.86E-05,5.59E-05,7388.892,160015,4.94E-05,3.69E-05
2018-01-31 00:00:00+00:00,Nasdaq100,3.45E-05,2.59E-05,1.40E-05,2.73E-05,2.32E-05,2.59E-05,2.32E-05,2.83E-05,2.51E-05,3.31E-05,7443.25,160015,3.45E-05,2.83E-05
2018-02-01 00:00:00+00:00,Nasdaq100,4.80E-05,6.14E-05,2.36E-05,3.21E-05,1.94E-05,6.14E-05,1.94E-05,4.22E-05,3.11E-05,6.05E-05,7377.173,160015,4.80E-05,4.22E-05
2018-02-02 00:00:00+00:00,Nasdaq100,9.82E-05,7.35E-05,5.17E-05,6.41E-05,6.92E-05,7.35E-05,6.92E-05,9.47E-05,6.03E-05,9.43E-05,7347.587,160015,9.82E-05,9.47E-05
2018-02-05 00:00:00+00:00,Nasdaq100,0.0004343753403,0.0005849068484,0.0001035947299,0.0003010981593,0.0002870423446,0.0005849068484,0.0002870423446,0.0004006932361,0.0002688842274,0.0004988018283,7165.959,160015,0.0004343753403,0.0004006932361
2018-02-06 00:00:00+00:00,Nasdaq100,0.0007795398144,0.0008271582022,0.00048997569,0.000536798668,0.0002557939134,0.0008271582022,0.0002557939134,0.0008491609898,0.0005108558424,0.0009470881012,6837.561,160015,0.0007795398144,0.0008491609898
2018-02-07 00:00:00+00:00,Nasdaq100,0.0001910727705,0.0001847055008,0.0001230229988,0.0001336399237,0.0001039373308,0.0001847055008,0.0001039373308,0.0001799521581,0.0001265460804,0.000209757483,7086.199,160015,0.0001910727705,0.0001799521581
2018-02-08 00:00:00+00:00,Nasdaq100,0.0003718926998,0.000341631726,0.0002563024018,0.0002543994873,0.0002696978848,0.000341631726,0.0002696978848,0.0003348126792,0.0002434693749,0.0004036187816,7067.299,160015,0.0003718926998,0.0003348126792
2018-02-09 00:00:00+00:00,Nasdaq100,0.0008016220256,0.000828273792,0.0006459584342,0.000509225615,0.000355980642,0.000828273792,0.000355980642,0.0008372919781,0.0004926679701,0.0008118759972,6863.335,160015,0.0008016220256,0.0008372919781
2018-02-12 00:00:00+00:00,Nasdaq100,0.0001497796691,0.0001166447197,7.89E-05,0.0001424947369,6.57E-05,0.0001166447197,6.57E-05,0.0001618953823,0.0001317786282,0.0001269133943,6936.678,160015,0.0001497796691,0.0001618953823
2018-02-13 00:00:00+00:00,Nasdaq100,6.58E-05,5.87E-05,3.19E-05,6.60E-05,2.41E-05,5.87E-05,2.41E-05,6.42E-05,6.08E-05,5.61E-05,6942.162,160015,6.58E-05,6.42E-05
2018-02-14 00:00:00+00:00,Nasdaq100,0.0001174824427,9.63E-05,7.15E-05,7.69E-05,3.36E-05,9.63E-05,3.36E-05,9.62E-05,7.50E-05,8.21E-05,6979.24,160015,0.0001174824427,9.62E-05
2018-02-15 00:00:00+00:00,Nasdaq100,9.30E-05,7.87E-05,2.76E-05,5.49E-05,4.82E-05,7.87E-05,4.82E-05,7.34E-05,5.14E-05,8.99E-05,7200.75,160015,9.30E-05,7.34E-05
2018-02-16 00:00:00+00:00,Nasdaq100,7.80E-05,6.19E-05,4.73E-05,5.73E-05,4.17E-05,6.19E-05,4.17E-05,8.81E-05,5.31E-05,7.79E-05,7236.515,160015,7.80E-05,8.81E-05
2018-02-20 00:00:00+00:00,Nasdaq100,8.49E-05,0.000106106663,2.88E-05,4.79E-05,3.61E-05,0.000106106663,3.61E-05,7.44E-05,4.61E-05,8.96E-05,7209.034,160015,8.49E-05,7.44E-05
2018-02-21 00:00:00+00:00,Nasdaq100,8.76E-05,9.82E-05,4.17E-05,6.37E-05,5.52E-05,9.82E-05,5.52E-05,8.47E-05,6.01E-05,0.0001006984105,7258.478,160015,8.76E-05,8.47E-05
2018-02-22 00:00:00+00:00,Nasdaq100,8.14E-05,8.27E-05,4.29E-05,6.18E-05,4.69E-05,8.27E-05,4.69E-05,7.40E-05,5.80E-05,6.05E-05,7252.465,160015,8.14E-05,7.40E-05
2018-02-23 00:00:00+00:00,Nasdaq100,3.17E-05,3.42E-05,1.62E-05,2.44E-05,1.07E-05,3.42E-05,1.07E-05,3.03E-05,2.28E-05,2.91E-05,7261.346,160015,3.17E-05,3.03E-05
2018-02-26 00:00:00+00:00,Nasdaq100,2.62E-05,2.89E-05,1.01E-05,1.94E-05,8.16E-06,2.89E-05,8.16E-06,1.98E-05,1.83E-05,2.22E-05,7373.297,160015,2.62E-05,1.98E-05
2018-02-27 00:00:00+00:00,Nasdaq100,7.37E-05,8.20E-05,5.29E-05,4.79E-05,4.53E-05,8.20E-05,4.53E-05,7.74E-05,4.58E-05,7.88E-05,7416.17,160015,7.37E-05,7.74E-05
2018-02-28 00:00:00+00:00,Nasdaq100,8.14E-05,0.0001076801438,4.52E-05,5.25E-05,5.38E-05,0.0001076801438,5.38E-05,8.12E-05,4.70E-05,0.0001019133213,7371.406,160015,8.14E-05,8.12E-05
2018-03-01 00:00:00+00:00,Nasdaq100,0.0002752218847,0.0002768367874,0.0001550496501,0.0001879624353,0.000150556171,0.0002768367874,0.000150556171,0.0002554763961,0.0001722160664,0.000259105354,7274.75,160015,0.0002752218847,0.0002554763961
2018-03-02 00:00:00+00:00,Nasdaq100,0.0001404509301,0.0001283926303,9.44E-05,0.0001131474741,4.64E-05,0.0001283926303,4.64E-05,0.0001409703099,0.0001023337141,0.0001317182481,7099.542,160015,0.0001404509301,0.0001409703099
2018-03-06 00:00:00+00:00,Nasdaq100,5.35E-05,6.89E-05,2.52E-05,4.39E-05,3.14E-05,6.89E-05,3.14E-05,4.73E-05,4.15E-05,6.16E-05,7366.606,160015,5.35E-05,4.73E-05
2018-03-07 00:00:00+00:00,Nasdaq100,6.16E-05,8.13E-05,2.64E-05,4.14E-05,2.00E-05,8.13E-05,2.00E-05,5.44E-05,3.85E-05,8.18E-05,7311.735,160015,6.16E-05,5.44E-05
2018-03-08 00:00:00+00:00,Nasdaq100,4.05E-05,3.38E-05,3.36E-05,2.91E-05,1.93E-05,3.38E-05,1.93E-05,3.95E-05,2.71E-05,3.81E-05,7422.771,160015,4.05E-05,3.95E-05
2018-03-09 00:00:00+00:00,Nasdaq100,1.26E-05,1.33E-05,9.47E-06,1.47E-05,2.72E-06,1.33E-05,2.72E-06,1.18E-05,1.48E-05,1.61E-05,7475.975,160015,1.26E-05,1.18E-05
2018-03-12 00:00:00+00:00,Nasdaq100,2.91E-05,3.02E-05,1.71E-05,2.25E-05,1.62E-05,3.02E-05,1.62E-05,2.74E-05,2.16E-05,2.57E-05,7581.041,160015,2.91E-05,2.74E-05
2018-03-13 00:00:00+00:00,Nasdaq100,6.55E-05,7.07E-05,3.93E-05,4.93E-05,4.57E-05,7.07E-05,4.57E-05,6.81E-05,4.58E-05,7.81E-05,7627.52,160015,6.55E-05,6.81E-05
2018-03-14 00:00:00+00:00,Nasdaq100,7.11E-05,7.92E-05,3.44E-05,5.18E-05,4.82E-05,7.92E-05,4.82E-05,6.28E-05,4.85E-05,6.96E-05,7539.779,160015,7.11E-05,6.28E-05
2018-03-15 00:00:00+00:00,Nasdaq100,3.78E-05,4.84E-05,1.77E-05,2.43E-05,2.16E-05,4.84E-05,2.16E-05,3.43E-05,2.29E-05,3.68E-05,7509.242,160015,3.78E-05,3.43E-05
2018-03-16 00:00:00+00:00,Nasdaq100,2.40E-05,1.88E-05,7.53E-06,1.86E-05,1.42E-05,1.88E-05,1.42E-05,2.28E-05,1.71E-05,1.42E-05,7504.371,160015,2.40E-05,2.28E-05
2018-03-19 00:00:00+00:00,Nasdaq100,8.99E-05,0.0001061271739,8.60E-05,6.41E-05,4.90E-05,0.0001061271739,4.90E-05,8.94E-05,6.01E-05,8.83E-05,7419.198,160015,8.99E-05,8.94E-05
2018-03-20 00:00:00+00:00,Nasdaq100,3.80E-05,3.78E-05,1.67E-05,3.41E-05,1.74E-05,3.78E-05,1.74E-05,2.86E-05,3.19E-05,4.41E-05,7353.25,160015,3.80E-05,2.86E-05
2018-03-21 00:00:00+00:00,Nasdaq100,6.22E-05,6.58E-05,1.89E-05,6.12E-05,3.45E-05,6.58E-05,3.45E-05,5.76E-05,5.97E-05,7.68E-05,7347.504,160015,6.22E-05,5.76E-05
2018-03-22 00:00:00+00:00,Nasdaq100,0.0001244288499,0.0001344872225,9.95E-05,8.99E-05,6.26E-05,0.0001344872225,6.26E-05,0.0001318618907,8.38E-05,0.0001483444269,7257.546,160015,0.0001244288499,0.0001318618907
2018-03-23 00:00:00+00:00,Nasdaq100,0.0001641985711,0.0002014170083,0.0001399983406,0.0001241931422,0.0001007586871,0.0002014170083,0.0001007586871,0.0001617694733,0.000117248464,0.0002214560015,7170.679,160015,0.0001641985711,0.0001617694733
2018-03-26 00:00:00+01:00,Nasdaq100,0.0001461672978,0.0001342461543,9.68E-05,8.17E-05,6.39E-05,0.0001342461543,6.39E-05,0.0001571040627,7.70E-05,0.0001483786403,7125.198,170015,0.0001461672978,0.0001571040627
2018-03-27 00:00:00+01:00,Nasdaq100,0.000196897702,0.0002539669758,0.0001454351406,0.0001541125188,0.0001435057902,0.0002539669758,0.0001435057902,0.0002128403232,0.0001522801674,0.0002558034474,7255.472,170015,0.000196897702,0.0002128403232
2018-03-28 00:00:00+01:00,Nasdaq100,0.0005300756093,0.0005468323816,0.0004355828989,0.0003001845607,0.0002748038494,0.0005468323816,0.0002748038494,0.0005282639452,0.0002845489711,0.0004010161799,6978.296,170015,0.0005300756093,0.0005282639452
2018-03-29 00:00:00+01:00,Nasdaq100,0.0001270196908,0.000172777492,9.10E-05,0.0001021182749,6.19E-05,0.000172777492,6.19E-05,0.0001138143149,9.62E-05,0.0001783010379,6984.655,170015,0.0001270196908,0.0001138143149
2018-04-02 00:00:00+01:00,Nasdaq100,0.0002380354047,0.0002796948873,0.0001726918304,0.0001849700303,0.0001506673289,0.0002796948873,0.0001506673289,0.0002367715428,0.0001764162579,0.0002565851464,7016.173,170015,0.0002380354047,0.0002367715428
2018-04-03 00:00:00+01:00,Nasdaq100,0.0002430280701,0.0002422445526,0.0001727917033,0.0001599682719,0.0001020074838,0.0002422445526,0.0001020074838,0.0002511955694,0.0001487689114,0.0002733965991,6924.352,170015,0.0002430280701,0.0002511955694
2018-04-04 00:00:00+01:00,Nasdaq100,0.0001789964033,0.0001719895893,9.15E-05,0.0001368788495,3.40E-05,0.0001719895893,3.40E-05,0.0001193614566,0.0001259290262,0.0002034424133,6811.765,170015,0.0001789964033,0.0001193614566
2018-04-05 00:00:00+01:00,Nasdaq100,0.0001034215783,0.0001037553974,6.72E-05,6.64E-05,5.91E-05,0.0001037553974,5.91E-05,0.0001076586177,6.35E-05,9.47E-05,7099.254,170015,0.0001034215783,0.0001076586177
2018-04-06 00:00:00+01:00,Nasdaq100,0.0001600722387,0.0002130968813,0.0001553589107,0.0001358541359,7.90E-05,0.0002130968813,7.90E-05,0.0001743009082,0.0001271988941,0.0001856947948,6999.571,170015,0.0001600722387,0.0001743009082
2018-04-09 00:00:00+01:00,Nasdaq100,8.36E-05,0.0001078255278,4.97E-05,5.81E-05,4.88E-05,0.0001078255278,4.88E-05,8.69E-05,5.56E-05,0.0001089562973,6971.445,170015,8.36E-05,8.69E-05
2018-04-10 00:00:00+01:00,Nasdaq100,0.0001215788675,0.0001086703084,9.69E-05,9.09E-05,6.38E-05,0.0001086703084,6.38E-05,0.0001286412719,8.49E-05,8.57E-05,7060.987,170015,0.0001215788675,0.0001286412719
2018-04-11 00:00:00+01:00,Nasdaq100,8.13E-05,7.67E-05,6.41E-05,6.43E-05,4.06E-05,7.67E-05,4.06E-05,7.96E-05,6.05E-05,7.62E-05,7055.001,170015,8.13E-05,7.96E-05
2018-04-12 00:00:00+01:00,Nasdaq100,5.45E-05,5.30E-05,2.69E-05,4.09E-05,2.66E-05,5.30E-05,2.66E-05,4.70E-05,3.88E-05,5.23E-05,7112.021,170015,5.45E-05,4.70E-05
2018-04-13 00:00:00+01:00,Nasdaq100,6.06E-05,7.21E-05,2.83E-05,5.63E-05,4.17E-05,7.21E-05,4.17E-05,5.62E-05,5.30E-05,7.64E-05,7179.618,170015,6.06E-05,5.62E-05
2018-04-16 00:00:00+01:00,Nasdaq100,4.36E-05,4.60E-05,2.20E-05,3.48E-05,2.33E-05,4.60E-05,2.33E-05,4.25E-05,3.18E-05,4.20E-05,7153.872,170015,4.36E-05,4.25E-05
2018-04-17 00:00:00+01:00,Nasdaq100,2.40E-05,2.61E-05,1.29E-05,2.17E-05,7.44E-06,2.61E-05,7.44E-06,2.26E-05,2.06E-05,2.56E-05,7215.115,170015,2.40E-05,2.26E-05
2018-04-18 00:00:00+01:00,Nasdaq100,2.77E-05,2.30E-05,1.31E-05,2.72E-05,1.49E-05,2.30E-05,1.49E-05,2.85E-05,2.60E-05,2.63E-05,7292.384,170015,2.77E-05,2.85E-05
2018-04-19 00:00:00+01:00,Nasdaq100,5.40E-05,6.28E-05,3.61E-05,4.68E-05,2.61E-05,6.28E-05,2.61E-05,5.23E-05,4.56E-05,3.85E-05,7258.615,170015,5.40E-05,5.23E-05
2018-04-20 00:00:00+01:00,Nasdaq100,6.49E-05,7.49E-05,4.57E-05,3.99E-05,4.06E-05,7.49E-05,4.06E-05,7.04E-05,3.76E-05,5.59E-05,7220.643,170015,6.49E-05,7.04E-05
2018-04-23 00:00:00+01:00,Nasdaq100,5.57E-05,5.84E-05,3.33E-05,3.72E-05,3.14E-05,5.84E-05,3.14E-05,5.67E-05,3.52E-05,6.16E-05,7173.991,170015,5.57E-05,5.67E-05
2018-04-24 00:00:00+01:00,Nasdaq100,0.0001874392601,0.0001459592908,0.000103017542,0.0001080492961,0.0001223262047,0.0001459592908,0.0001223262047,0.0001799730368,0.0001027347847,0.0001793530078,7160.768,170015,0.0001874392601,0.0001799730368
2018-04-25 00:00:00+01:00,Nasdaq100,0.0001588558634,0.0001655534364,0.0001020725638,0.0001068618581,9.08E-05,0.0001655534364,9.08E-05,0.000145059911,9.82E-05,0.0001701232669,7009.989,170015,0.0001588558634,0.000145059911
2018-04-26 00:00:00+01:00,Nasdaq100,4.82E-05,4.61E-05,1.98E-05,4.28E-05,2.26E-05,4.61E-05,2.26E-05,4.86E-05,4.02E-05,4.18E-05,7080.487,170015,4.82E-05,4.86E-05
2018-04-27 00:00:00+01:00,Nasdaq100,8.25E-05,9.01E-05,4.02E-05,6.93E-05,5.32E-05,9.01E-05,5.32E-05,7.44E-05,6.58E-05,9.11E-05,7195.519,170015,8.25E-05,7.44E-05
2018-04-30 00:00:00+01:00,Nasdaq100,6.67E-05,5.96E-05,3.50E-05,4.90E-05,3.85E-05,5.96E-05,3.85E-05,6.27E-05,4.74E-05,7.56E-05,7133.946,170015,6.67E-05,6.27E-05
2018-05-01 00:00:00+01:00,Nasdaq100,5.99E-05,6.77E-05,3.18E-05,4.61E-05,2.05E-05,6.77E-05,2.05E-05,5.62E-05,4.40E-05,6.49E-05,7053.648,170015,5.99E-05,5.62E-05
2018-05-02 00:00:00+01:00,Nasdaq100,6.80E-05,7.67E-05,2.95E-05,4.58E-05,4.07E-05,7.67E-05,4.07E-05,6.37E-05,4.39E-05,6.66E-05,7138.446,170015,6.80E-05,6.37E-05
2018-05-03 00:00:00+01:00,Nasdaq100,0.0001036772864,0.0001329882939,6.42E-05,8.05E-05,4.45E-05,0.0001329882939,4.45E-05,0.000102145866,7.50E-05,0.0001538781532,7065.026,170015,0.0001036772864,0.000102145866
2018-05-04 00:00:00+01:00,Nasdaq100,4.75E-05,4.70E-05,2.06E-05,3.50E-05,8.54E-06,4.70E-05,8.54E-06,4.24E-05,3.20E-05,6.56E-05,7065.671,170015,4.75E-05,4.24E-05
2018-05-07 00:00:00+01:00,Nasdaq100,3.29E-05,3.10E-05,1.82E-05,2.99E-05,1.94E-05,3.10E-05,1.94E-05,2.78E-05,2.81E-05,3.81E-05,7241.822,170015,3.29E-05,2.78E-05
2018-05-08 00:00:00+01:00,Nasdaq100,5.01E-05,4.72E-05,2.05E-05,4.98E-05,2.30E-05,4.72E-05,2.30E-05,4.11E-05,4.77E-05,4.06E-05,7255.344,170015,5.01E-05,4.11E-05
2018-05-09 00:00:00+01:00,Nasdaq100,3.14E-05,3.98E-05,1.91E-05,2.43E-05,1.47E-05,3.98E-05,1.47E-05,3.54E-05,2.25E-05,2.98E-05,7281.53,170015,3.14E-05,3.54E-05
2018-05-10 00:00:00+01:00,Nasdaq100,2.11E-05,2.09E-05,1.04E-05,1.67E-05,8.37E-06,2.09E-05,8.37E-06,2.14E-05,1.61E-05,1.63E-05,7355.904,170015,2.11E-05,2.14E-05
2018-05-11 00:00:00+01:00,Nasdaq100,2.34E-05,2.37E-05,1.81E-05,1.81E-05,1.08E-05,2.37E-05,1.08E-05,2.27E-05,1.71E-05,2.21E-05,7393.965,170015,2.34E-05,2.27E-05
2018-05-14 00:00:00+01:00,Nasdaq100,1.80E-05,2.46E-05,1.29E-05,1.54E-05,9.99E-06,2.46E-05,9.99E-06,1.88E-05,1.44E-05,2.45E-05,7429.451,170015,1.80E-05,1.88E-05
2018-05-15 00:00:00+01:00,Nasdaq100,4.00E-05,4.42E-05,1.63E-05,3.96E-05,2.07E-05,4.42E-05,2.07E-05,4.00E-05,4.01E-05,4.03E-05,7361.303,170015,4.00E-05,4.00E-05
2018-05-16 00:00:00+01:00,Nasdaq100,2.37E-05,2.17E-05,1.23E-05,1.57E-05,8.63E-06,2.17E-05,8.63E-06,2.57E-05,1.46E-05,2.38E-05,7356.22,170015,2.37E-05,2.57E-05
2018-05-17 00:00:00+01:00,Nasdaq100,2.97E-05,2.60E-05,1.14E-05,2.01E-05,1.68E-05,2.60E-05,1.68E-05,2.97E-05,1.86E-05,3.56E-05,7379.58,170015,2.97E-05,2.97E-05
2018-05-18 00:00:00+01:00,Nasdaq100,2.44E-05,2.50E-05,8.13E-06,2.09E-05,1.44E-05,2.50E-05,1.44E-05,2.13E-05,2.04E-05,1.84E-05,7364.338,170015,2.44E-05,2.13E-05
2018-05-21 00:00:00+01:00,Nasdaq100,3.09E-05,2.98E-05,1.84E-05,2.10E-05,1.37E-05,2.98E-05,1.37E-05,2.89E-05,1.91E-05,4.33E-05,7406.335,170015,3.09E-05,2.89E-05
2018-05-22 00:00:00+01:00,Nasdaq100,2.01E-05,2.22E-05,1.01E-05,1.65E-05,1.45E-05,2.22E-05,1.45E-05,1.62E-05,1.56E-05,1.99E-05,7420.85,170015,2.01E-05,1.62E-05
2018-05-23 00:00:00+01:00,Nasdaq100,4.02E-05,4.74E-05,1.43E-05,2.43E-05,9.27E-06,4.74E-05,9.27E-06,3.30E-05,2.33E-05,4.48E-05,7335.033,170015,4.02E-05,3.30E-05
2018-05-24 00:00:00+01:00,Nasdaq100,4.18E-05,5.48E-05,1.81E-05,3.08E-05,2.20E-05,5.48E-05,2.20E-05,4.28E-05,2.87E-05,5.35E-05,7421.986,170015,4.18E-05,4.28E-05
2018-05-25 00:00:00+01:00,Nasdaq100,1.67E-05,1.65E-05,1.06E-05,1.59E-05,7.06E-06,1.65E-05,7.06E-06,1.76E-05,1.50E-05,1.63E-05,7422.2,170015,1.67E-05,1.76E-05
2018-05-29 00:00:00+01:00,Nasdaq100,5.55E-05,6.61E-05,3.03E-05,4.31E-05,3.13E-05,6.61E-05,3.13E-05,5.55E-05,4.20E-05,7.98E-05,7398.511,170015,5.55E-05,5.55E-05
2018-05-30 00:00:00+01:00,Nasdaq100,1.90E-05,1.61E-05,8.21E-06,1.58E-05,7.11E-06,1.61E-05,7.11E-06,1.60E-05,1.51E-05,1.66E-05,7428.413,170015,1.90E-05,1.60E-05
2018-05-31 00:00:00+01:00,Nasdaq100,4.59E-05,5.21E-05,2.35E-05,2.83E-05,2.23E-05,5.21E-05,2.23E-05,4.21E-05,2.72E-05,4.70E-05,7455.581,170015,4.59E-05,4.21E-05
2018-06-01 00:00:00+01:00,Nasdaq100,1.51E-05,1.44E-05,6.65E-06,1.76E-05,3.69E-06,1.44E-05,3.69E-06,1.55E-05,1.59E-05,1.98E-05,7487.662,170015,1.51E-05,1.55E-05
2018-06-04 00:00:00+01:00,Nasdaq100,1.82E-05,1.72E-05,6.05E-06,1.30E-05,6.54E-06,1.72E-05,6.54E-06,1.39E-05,1.19E-05,1.79E-05,7570.083,170015,1.82E-05,1.39E-05
2018-06-05 00:00:00+01:00,Nasdaq100,2.29E-05,2.17E-05,1.21E-05,1.15E-05,1.34E-05,2.17E-05,1.34E-05,2.38E-05,1.06E-05,1.75E-05,7621.358,170015,2.29E-05,2.38E-05
2018-06-06 00:00:00+01:00,Nasdaq100,2.33E-05,2.25E-05,8.89E-06,1.72E-05,1.22E-05,2.25E-05,1.22E-05,2.39E-05,1.56E-05,2.31E-05,7652.805,170015,2.33E-05,2.39E-05
2018-06-07 00:00:00+01:00,Nasdaq100,3.92E-05,4.41E-05,2.03E-05,2.86E-05,2.51E-05,4.41E-05,2.51E-05,3.27E-05,2.64E-05,4.37E-05,7697.412,170015,3.92E-05,3.27E-05
2018-06-08 00:00:00+01:00,Nasdaq100,1.80E-05,1.51E-05,8.59E-06,1.74E-05,6.33E-06,1.51E-05,6.33E-06,1.68E-05,1.62E-05,1.90E-05,7607.735,170015,1.80E-05,1.68E-05
2018-06-11 00:00:00+01:00,Nasdaq100,1.13E-05,8.38E-06,7.23E-06,1.03E-05,4.10E-06,8.38E-06,4.10E-06,9.93E-06,9.92E-06,1.05E-05,7647.235,170015,1.13E-05,9.93E-06
2018-06-12 00:00:00+01:00,Nasdaq100,1.76E-05,1.83E-05,7.90E-06,1.05E-05,7.63E-06,1.83E-05,7.63E-06,1.33E-05,1.03E-05,1.81E-05,7673.871,170015,1.76E-05,1.33E-05
2018-06-13 00:00:00+01:00,Nasdaq100,3.32E-05,4.54E-05,6.94E-06,2.08E-05,1.94E-05,4.54E-05,1.94E-05,3.13E-05,2.09E-05,3.99E-05,7713.902,170015,3.32E-05,3.13E-05
2018-06-14 00:00:00+01:00,Nasdaq100,1.99E-05,2.39E-05,1.05E-05,1.53E-05,7.97E-06,2.39E-05,7.97E-06,1.56E-05,1.44E-05,2.44E-05,7723.534,170015,1.99E-05,1.56E-05
2018-06-15 00:00:00+01:00,Nasdaq100,2.00E-05,2.19E-05,7.63E-06,1.89E-05,7.92E-06,2.19E-05,7.92E-06,2.14E-05,1.85E-05,2.26E-05,7725.032,170015,2.00E-05,2.14E-05
2018-06-18 00:00:00+01:00,Nasdaq100,2.42E-05,2.42E-05,1.02E-05,1.44E-05,8.18E-06,2.42E-05,8.18E-06,2.02E-05,1.33E-05,2.50E-05,7692.959,170015,2.42E-05,2.02E-05
2018-06-19 00:00:00+01:00,Nasdaq100,4.61E-05,7.06E-05,1.68E-05,2.81E-05,1.78E-05,7.06E-05,1.78E-05,4.50E-05,2.66E-05,5.88E-05,7658.474,170015,4.61E-05,4.50E-05
2018-06-20 00:00:00+01:00,Nasdaq100,1.30E-05,1.25E-05,6.71E-06,1.44E-05,6.10E-06,1.25E-05,6.10E-06,1.25E-05,1.44E-05,1.27E-05,7764.149,170015,1.30E-05,1.25E-05
2018-06-21 00:00:00+01:00,Nasdaq100,6.37E-05,6.30E-05,1.68E-05,3.98E-05,5.02E-05,6.30E-05,5.02E-05,5.02E-05,3.62E-05,6.82E-05,7800.296,170015,6.37E-05,5.02E-05
2018-06-22 00:00:00+01:00,Nasdaq100,3.12E-05,4.12E-05,1.22E-05,2.22E-05,2.19E-05,4.12E-05,2.19E-05,3.41E-05,2.02E-05,4.05E-05,7739.694,170015,3.12E-05,3.41E-05
2018-06-25 00:00:00+01:00,Nasdaq100,0.0001063528946,0.0001260824423,6.66E-05,6.95E-05,6.50E-05,0.0001260824423,6.50E-05,9.28E-05,6.51E-05,0.0001248638534,7631.119,170015,0.0001063528946,9.28E-05
2018-06-26 00:00:00+01:00,Nasdaq100,5.06E-05,5.02E-05,1.76E-05,4.27E-05,2.11E-05,5.02E-05,2.11E-05,3.25E-05,3.92E-05,3.41E-05,7553.737,170015,5.06E-05,3.25E-05
2018-06-27 00:00:00+01:00,Nasdaq100,9.06E-05,8.96E-05,5.20E-05,5.38E-05,6.56E-05,8.96E-05,6.56E-05,7.83E-05,4.92E-05,9.86E-05,7586.326,170015,9.06E-05,7.83E-05
2018-06-28 00:00:00+01:00,Nasdaq100,7.59E-05,8.17E-05,4.00E-05,6.33E-05,2.65E-05,8.17E-05,2.65E-05,7.31E-05,5.96E-05,6.18E-05,7438.113,170015,7.59E-05,7.31E-05
2018-06-29 00:00:00+01:00,Nasdaq100,2.98E-05,2.15E-05,1.62E-05,2.55E-05,1.68E-05,2.15E-05,1.68E-05,2.80E-05,2.40E-05,2.57E-05,7544.129,170015,2.98E-05,2.80E-05
2018-07-02 00:00:00+01:00,Nasdaq100,4.16E-05,4.15E-05,2.40E-05,2.77E-05,1.18E-05,4.15E-05,1.18E-05,4.02E-05,2.56E-05,5.50E-05,7451.897,170015,4.16E-05,4.02E-05
2018-07-03 00:00:00+01:00,Nasdaq100,3.15E-05,3.66E-05,5.94E-06,2.25E-05,2.73E-05,3.66E-05,2.73E-05,2.67E-05,2.04E-05,3.82E-05,7593.628,151559,3.15E-05,2.67E-05
2018-07-05 00:00:00+01:00,Nasdaq100,3.25E-05,3.10E-05,2.57E-05,2.77E-05,1.46E-05,3.10E-05,1.46E-05,3.40E-05,2.51E-05,3.01E-05,7550.655,170015,3.25E-05,3.40E-05
2018-07-06 00:00:00+01:00,Nasdaq100,2.17E-05,2.74E-05,8.55E-06,1.57E-05,4.89E-06,2.74E-05,4.89E-06,2.04E-05,1.43E-05,2.47E-05,7595.926,170015,2.17E-05,2.04E-05
2018-07-09 00:00:00+01:00,Nasdaq100,1.62E-05,1.13E-05,8.21E-06,1.23E-05,8.34E-06,1.13E-05,8.34E-06,1.53E-05,1.11E-05,1.52E-05,7731.745,170016,1.62E-05,1.53E-05
2018-07-10 00:00:00+01:00,Nasdaq100,1.86E-05,1.38E-05,7.50E-06,1.46E-05,1.12E-05,1.38E-05,1.12E-05,1.73E-05,1.35E-05,1.37E-05,7770.63,170015,1.86E-05,1.73E-05
2018-07-11 00:00:00+01:00,Nasdaq100,3.09E-05,3.38E-05,1.18E-05,2.35E-05,9.76E-06,3.38E-05,9.76E-06,1.98E-05,2.10E-05,3.56E-05,7698.51,170015,3.09E-05,1.98E-05
2018-07-12 00:00:00+01:00,Nasdaq100,1.75E-05,1.74E-05,1.11E-05,1.25E-05,4.90E-06,1.74E-05,4.90E-06,1.62E-05,1.16E-05,1.95E-05,7752.709,170015,1.75E-05,1.62E-05
2018-07-13 00:00:00+01:00,Nasdaq100,1.48E-05,1.64E-05,3.34E-06,1.11E-05,8.45E-06,1.64E-05,8.45E-06,9.99E-06,1.02E-05,1.32E-05,7827.624,170015,1.48E-05,9.99E-06
2018-07-17 00:00:00+01:00,Nasdaq100,2.13E-05,2.38E-05,1.39E-05,1.28E-05,4.93E-06,2.38E-05,4.93E-06,2.02E-05,1.20E-05,2.91E-05,7751.975,170015,2.13E-05,2.02E-05
2018-07-18 00:00:00+01:00,Nasdaq100,1.31E-05,1.25E-05,7.09E-06,1.47E-05,7.58E-06,1.25E-05,7.58E-06,1.51E-05,1.33E-05,1.28E-05,7859.429,170015,1.31E-05,1.51E-05
2018-07-19 00:00:00+01:00,Nasdaq100,2.68E-05,2.61E-05,9.51E-06,1.98E-05,1.46E-05,2.61E-05,1.46E-05,1.81E-05,1.81E-05,3.17E-05,7829.803,170015,2.68E-05,1.81E-05
2018-07-20 00:00:00+01:00,Nasdaq100,1.38E-05,1.39E-05,9.63E-06,1.17E-05,8.21E-06,1.39E-05,8.21E-06,1.25E-05,1.08E-05,1.40E-05,7843.076,170015,1.38E-05,1.25E-05
2018-07-23 00:00:00+01:00,Nasdaq100,2.52E-05,2.76E-05,6.88E-06,1.53E-05,1.32E-05,2.76E-05,1.32E-05,2.38E-05,1.40E-05,2.56E-05,7806.934,170015,2.52E-05,2.38E-05
2018-07-24 00:00:00+01:00,Nasdaq100,4.15E-05,4.56E-05,1.77E-05,2.61E-05,2.75E-05,4.56E-05,2.75E-05,3.34E-05,2.35E-05,4.67E-05,7914.352,170015,4.15E-05,3.34E-05
2018-07-25 00:00:00+01:00,Nasdaq100,3.00E-05,3.64E-05,1.18E-05,1.83E-05,7.78E-06,3.64E-05,7.78E-06,2.22E-05,1.70E-05,3.49E-05,7839.094,170015,3.00E-05,2.22E-05
2018-07-26 00:00:00+01:00,Nasdaq100,1.93E-05,1.94E-05,4.68E-06,2.12E-05,1.01E-05,1.94E-05,1.01E-05,1.12E-05,1.99E-05,2.36E-05,7848.042,170015,1.93E-05,1.12E-05
2018-07-27 00:00:00+01:00,Nasdaq100,6.25E-05,7.42E-05,2.50E-05,3.84E-05,4.83E-05,7.42E-05,4.83E-05,5.85E-05,3.53E-05,8.72E-05,7889.75,170015,6.25E-05,5.85E-05
2018-07-30 00:00:00+01:00,Nasdaq100,9.11E-05,8.95E-05,3.75E-05,5.16E-05,5.98E-05,8.95E-05,5.98E-05,9.56E-05,4.70E-05,9.19E-05,7735.272,170015,9.11E-05,9.56E-05
2018-07-31 00:00:00+01:00,Nasdaq100,4.78E-05,6.33E-05,1.68E-05,3.18E-05,2.16E-05,6.33E-05,2.16E-05,3.78E-05,3.10E-05,6.23E-05,7654.594,170015,4.78E-05,3.78E-05
2018-08-01 00:00:00+01:00,Nasdaq100,2.92E-05,3.26E-05,1.62E-05,3.38E-05,1.46E-05,3.26E-05,1.46E-05,3.10E-05,3.17E-05,3.13E-05,7701.819,170015,2.92E-05,3.10E-05
2018-08-02 00:00:00+01:00,Nasdaq100,3.34E-05,4.33E-05,1.19E-05,2.36E-05,4.52E-06,4.33E-05,4.52E-06,2.95E-05,2.25E-05,4.68E-05,7659.524,170015,3.34E-05,2.95E-05
2018-08-03 00:00:00+01:00,Nasdaq100,2.26E-05,2.23E-05,8.86E-06,2.34E-05,1.22E-05,2.23E-05,1.22E-05,1.73E-05,2.12E-05,2.26E-05,7819.234,170015,2.26E-05,1.73E-05
2018-08-06 00:00:00+01:00,Nasdaq100,1.42E-05,1.45E-05,5.02E-06,1.35E-05,5.25E-06,1.45E-05,5.25E-06,1.44E-05,1.29E-05,1.67E-05,7809.539,170015,1.42E-05,1.44E-05
2018-08-07 00:00:00+01:00,Nasdaq100,2.62E-05,2.87E-05,1.19E-05,1.40E-05,1.15E-05,2.87E-05,1.15E-05,2.57E-05,1.31E-05,1.48E-05,7878.62,170015,2.62E-05,2.57E-05
2018-08-08 00:00:00+01:00,Nasdaq100,1.77E-05,1.81E-05,9.90E-06,1.48E-05,8.02E-06,1.81E-05,8.02E-06,1.74E-05,1.31E-05,1.64E-05,7880,170015,1.77E-05,1.74E-05
2018-08-09 00:00:00+01:00,Nasdaq100,1.62E-05,1.37E-05,3.72E-06,1.13E-05,8.26E-06,1.37E-05,8.26E-06,1.27E-05,1.05E-05,1.39E-05,7886.515,170015,1.62E-05,1.27E-05
2018-08-10 00:00:00+01:00,Nasdaq100,3.21E-05,3.65E-05,1.08E-05,2.05E-05,1.41E-05,3.65E-05,1.41E-05,3.11E-05,1.85E-05,3.39E-05,7834.709,170015,3.21E-05,3.11E-05
2018-08-13 00:00:00+01:00,Nasdaq100,3.19E-05,3.42E-05,1.52E-05,2.13E-05,1.86E-05,3.42E-05,1.86E-05,2.57E-05,1.96E-05,3.98E-05,7848.003,170015,3.19E-05,2.57E-05
2018-08-14 00:00:00+01:00,Nasdaq100,2.13E-05,2.02E-05,6.85E-06,1.75E-05,1.13E-05,2.02E-05,1.13E-05,1.92E-05,1.61E-05,1.86E-05,7847.883,170015,2.13E-05,1.92E-05
2018-08-15 00:00:00+01:00,Nasdaq100,7.18E-05,8.84E-05,4.47E-05,4.58E-05,4.09E-05,8.84E-05,4.09E-05,6.80E-05,4.21E-05,7.78E-05,7810.016,170015,7.18E-05,6.80E-05
2018-08-16 00:00:00+01:00,Nasdaq100,1.77E-05,2.04E-05,6.23E-06,1.86E-05,1.08E-05,2.04E-05,1.08E-05,1.30E-05,1.74E-05,1.93E-05,7826.95,170015,1.77E-05,1.30E-05
2018-08-17 00:00:00+01:00,Nasdaq100,3.76E-05,2.96E-05,1.63E-05,2.33E-05,1.49E-05,2.96E-05,1.49E-05,3.27E-05,2.18E-05,3.03E-05,7786.644,170015,3.76E-05,3.27E-05
2018-08-20 00:00:00+01:00,Nasdaq100,2.62E-05,2.47E-05,9.59E-06,1.99E-05,1.63E-05,2.47E-05,1.63E-05,1.94E-05,1.85E-05,1.98E-05,7834.374,170015,2.62E-05,1.94E-05
2018-08-21 00:00:00+01:00,Nasdaq100,1.85E-05,1.87E-05,6.54E-06,1.33E-05,7.21E-06,1.87E-05,7.21E-06,1.61E-05,1.25E-05,2.01E-05,7840.091,170015,1.85E-05,1.61E-05
2018-08-22 00:00:00+01:00,Nasdaq100,2.14E-05,2.21E-05,9.57E-06,1.35E-05,6.33E-06,2.21E-05,6.33E-06,1.61E-05,1.24E-05,2.60E-05,7844.04,170015,2.14E-05,1.61E-05
2018-08-23 00:00:00+01:00,Nasdaq100,2.42E-05,3.18E-05,1.14E-05,1.58E-05,1.47E-05,3.18E-05,1.47E-05,2.28E-05,1.46E-05,3.33E-05,7886.466,170015,2.42E-05,2.28E-05
2018-08-24 00:00:00+01:00,Nasdaq100,1.52E-05,1.10E-05,7.54E-06,1.13E-05,4.94E-06,1.10E-05,4.94E-06,1.33E-05,1.10E-05,9.97E-06,7907.812,170015,1.52E-05,1.33E-05
2018-08-27 00:00:00+01:00,Nasdaq100,1.44E-05,1.48E-05,6.49E-06,1.03E-05,7.54E-06,1.48E-05,7.54E-06,1.50E-05,9.93E-06,1.11E-05,7989.644,170015,1.44E-05,1.50E-05
2018-08-28 00:00:00+01:00,Nasdaq100,1.54E-05,1.95E-05,4.52E-06,1.26E-05,9.10E-06,1.95E-05,9.10E-06,1.39E-05,1.19E-05,1.20E-05,8039.008,170015,1.54E-05,1.39E-05
2018-08-29 00:00:00+01:00,Nasdaq100,1.03E-05,1.08E-05,5.78E-06,8.57E-06,2.73E-06,1.08E-05,2.73E-06,1.19E-05,8.15E-06,1.18E-05,8044.341,170015,1.03E-05,1.19E-05
2018-08-30 00:00:00+01:00,Nasdaq100,3.26E-05,2.72E-05,1.53E-05,2.55E-05,2.25E-05,2.72E-05,2.25E-05,2.62E-05,2.34E-05,3.20E-05,8094.199,170015,3.26E-05,2.62E-05
2018-08-31 00:00:00+01:00,Nasdaq100,2.11E-05,2.33E-05,1.04E-05,1.41E-05,8.71E-06,2.33E-05,8.71E-06,1.98E-05,1.27E-05,2.08E-05,8079.312,170015,2.11E-05,1.98E-05
2018-09-04 00:00:00+01:00,Nasdaq100,4.45E-05,4.57E-05,1.47E-05,2.73E-05,2.78E-05,4.57E-05,2.78E-05,3.74E-05,2.45E-05,5.42E-05,8087.955,170015,4.45E-05,3.74E-05
2018-09-05 00:00:00+01:00,Nasdaq100,6.44E-05,7.44E-05,3.53E-05,3.91E-05,4.36E-05,7.44E-05,4.36E-05,6.96E-05,3.61E-05,8.04E-05,8073.532,170015,6.44E-05,6.96E-05
2018-09-06 00:00:00+01:00,Nasdaq100,7.76E-05,8.66E-05,3.38E-05,5.15E-05,5.12E-05,8.66E-05,5.12E-05,6.86E-05,4.73E-05,6.82E-05,7998.27,170015,7.76E-05,6.86E-05
2018-09-07 00:00:00+01:00,Nasdaq100,6.92E-05,6.92E-05,3.62E-05,4.45E-05,2.88E-05,6.92E-05,2.88E-05,7.08E-05,4.17E-05,7.35E-05,7878.786,170015,6.92E-05,7.08E-05
2018-09-10 00:00:00+01:00,Nasdaq100,2.84E-05,3.07E-05,1.05E-05,2.82E-05,1.73E-05,3.07E-05,1.73E-05,2.56E-05,2.57E-05,2.65E-05,7939.573,170015,2.84E-05,2.56E-05
2018-09-11 00:00:00+01:00,Nasdaq100,3.83E-05,4.43E-05,1.31E-05,2.27E-05,1.05E-05,4.43E-05,1.05E-05,4.08E-05,2.11E-05,5.00E-05,7894.868,170015,3.83E-05,4.08E-05
2018-09-12 00:00:00+01:00,Nasdaq100,6.56E-05,5.48E-05,2.93E-05,4.65E-05,3.48E-05,5.48E-05,3.48E-05,6.03E-05,4.25E-05,6.95E-05,7958.87,170015,6.56E-05,6.03E-05
2018-09-13 00:00:00+01:00,Nasdaq100,2.99E-05,3.77E-05,1.40E-05,2.49E-05,1.45E-05,3.77E-05,1.45E-05,2.83E-05,2.29E-05,3.39E-05,7999.928,170015,2.99E-05,2.83E-05
2018-09-14 00:00:00+01:00,Nasdaq100,2.95E-05,3.01E-05,6.72E-06,2.60E-05,2.10E-05,3.01E-05,2.10E-05,1.74E-05,2.37E-05,2.76E-05,8026.163,170015,2.95E-05,1.74E-05
2018-09-17 00:00:00+01:00,Nasdaq100,3.53E-05,3.77E-05,1.53E-05,3.14E-05,2.60E-05,3.77E-05,2.60E-05,3.07E-05,2.97E-05,4.30E-05,7992.21,170015,3.53E-05,3.07E-05
2018-09-18 00:00:00+01:00,Nasdaq100,3.79E-05,4.21E-05,1.08E-05,2.14E-05,7.30E-06,4.21E-05,7.30E-06,2.06E-05,1.96E-05,3.83E-05,7903.567,170015,3.79E-05,2.06E-05
2018-09-19 00:00:00+01:00,Nasdaq100,4.04E-05,3.92E-05,1.08E-05,2.48E-05,2.28E-05,3.92E-05,2.28E-05,3.73E-05,2.25E-05,3.95E-05,7962.545,170015,4.04E-05,3.73E-05
2018-09-20 00:00:00+01:00,Nasdaq100,2.29E-05,1.17E-05,5.97E-06,2.24E-05,8.26E-06,1.17E-05,8.26E-06,2.02E-05,2.03E-05,1.43E-05,7993.526,170015,2.29E-05,2.02E-05
2018-09-21 00:00:00+01:00,Nasdaq100,1.85E-05,2.27E-05,8.59E-06,1.64E-05,1.21E-05,2.27E-05,1.21E-05,1.64E-05,1.59E-05,2.04E-05,8041.694,170015,1.85E-05,1.64E-05
2018-09-24 00:00:00+01:00,Nasdaq100,4.22E-05,2.48E-05,9.08E-06,2.82E-05,1.83E-05,2.48E-05,1.83E-05,4.21E-05,2.67E-05,3.17E-05,7939.384,170015,4.22E-05,4.21E-05
2018-09-25 00:00:00+01:00,Nasdaq100,1.85E-05,1.55E-05,7.64E-06,1.68E-05,1.14E-05,1.55E-05,1.14E-05,1.78E-05,1.70E-05,1.27E-05,8001.593,170015,1.85E-05,1.78E-05
2017-12-01 00:00:00+00:00,Nikkei225,6.36E-05,7.17E-05,1.70E-05,5.94E-05,3.76E-05,7.17E-05,3.76E-05,5.91E-05,5.80E-05,8.78E-05,22916.93,150002,6.36E-05,5.91E-05
2017-12-04 00:00:00+00:00,Nikkei225,2.38E-05,1.81E-05,4.09E-06,3.84E-05,1.24E-05,1.81E-05,1.24E-05,1.71E-05,3.87E-05,1.83E-05,22843.53,150002,2.38E-05,1.71E-05
2017-12-05 00:00:00+00:00,Nikkei225,2.29E-05,2.10E-05,9.34E-06,2.69E-05,1.02E-05,2.10E-05,1.02E-05,2.39E-05,2.75E-05,2.15E-05,22595.33,150002,2.29E-05,2.39E-05
2017-12-06 00:00:00+00:00,Nikkei225,9.10E-05,8.52E-05,1.13E-05,6.06E-05,7.60E-05,8.52E-05,7.60E-05,4.68E-05,5.97E-05,8.23E-05,22525.38,150002,9.10E-05,4.68E-05
2017-12-07 00:00:00+00:00,Nikkei225,4.02E-05,3.05E-05,1.24E-05,2.80E-05,1.11E-05,3.05E-05,1.11E-05,2.96E-05,2.75E-05,2.86E-05,22317.15,150002,4.02E-05,2.96E-05
2017-12-08 00:00:00+00:00,Nikkei225,2.44E-05,2.14E-05,6.32E-06,2.46E-05,6.32E-06,2.14E-05,6.32E-06,1.89E-05,2.46E-05,2.04E-05,22627.95,150002,2.44E-05,1.89E-05
2017-12-11 00:00:00+00:00,Nikkei225,1.64E-05,1.62E-05,8.47E-06,1.84E-05,7.07E-06,1.62E-05,7.07E-06,1.61E-05,1.84E-05,1.45E-05,22894.3,150002,1.64E-05,1.61E-05
2017-12-12 00:00:00+00:00,Nikkei225,1.48E-05,1.82E-05,7.10E-06,1.55E-05,8.49E-06,1.82E-05,8.49E-06,1.52E-05,1.54E-05,1.05E-05,22936.41,150002,1.48E-05,1.52E-05
2017-12-13 00:00:00+00:00,Nikkei225,2.58E-05,3.03E-05,1.20E-05,2.66E-05,1.83E-05,3.03E-05,1.83E-05,2.07E-05,2.65E-05,2.07E-05,22879.27,150002,2.58E-05,2.07E-05
2017-12-14 00:00:00+00:00,Nikkei225,2.03E-05,2.18E-05,6.45E-06,1.86E-05,9.10E-06,2.18E-05,9.10E-06,1.74E-05,1.87E-05,2.10E-05,22699.3,150004,2.03E-05,1.74E-05
2017-12-15 00:00:00+00:00,Nikkei225,4.67E-05,6.79E-05,7.07E-06,4.14E-05,2.14E-05,6.79E-05,2.14E-05,4.78E-05,4.16E-05,9.42E-05,22621.36,150002,4.67E-05,4.78E-05
2017-12-18 00:00:00+00:00,Nikkei225,2.00E-05,1.97E-05,5.74E-06,2.03E-05,7.49E-06,1.97E-05,7.49E-06,1.82E-05,2.08E-05,1.92E-05,22770.44,150003,2.00E-05,1.82E-05
2017-12-19 00:00:00+00:00,Nikkei225,1.78E-05,1.63E-05,5.84E-06,1.35E-05,1.26E-05,1.63E-05,1.26E-05,1.43E-05,1.37E-05,9.38E-06,22961.47,150002,1.78E-05,1.43E-05
2017-12-20 00:00:00+00:00,Nikkei225,1.55E-05,1.42E-05,2.98E-06,1.52E-05,4.62E-06,1.42E-05,4.62E-06,1.42E-05,1.52E-05,1.65E-05,22834.93,150002,1.55E-05,1.42E-05
2017-12-21 00:00:00+00:00,Nikkei225,1.80E-05,1.69E-05,5.19E-06,1.95E-05,8.23E-06,1.69E-05,8.23E-06,1.88E-05,1.96E-05,3.02E-05,22852.01,150002,1.80E-05,1.88E-05
2017-12-22 00:00:00+00:00,Nikkei225,1.31E-05,8.96E-06,3.71E-06,1.19E-05,5.67E-06,8.96E-06,5.67E-06,1.26E-05,1.19E-05,9.10E-06,22850.73,150002,1.31E-05,1.26E-05
2017-12-25 00:00:00+00:00,Nikkei225,5.44E-06,6.04E-06,9.88E-07,5.98E-06,2.35E-06,6.04E-06,2.35E-06,4.21E-06,6.01E-06,6.93E-06,22909.41,150001,5.44E-06,4.21E-06
2017-12-26 00:00:00+00:00,Nikkei225,5.23E-06,4.84E-06,1.10E-06,6.13E-06,3.51E-06,4.84E-06,3.51E-06,2.91E-06,6.08E-06,2.64E-06,22922.95,150002,5.23E-06,2.91E-06
2017-12-27 00:00:00+00:00,Nikkei225,6.16E-06,7.26E-06,2.58E-06,6.33E-06,2.37E-06,7.26E-06,2.37E-06,6.42E-06,6.41E-06,7.60E-06,22854.39,150002,6.16E-06,6.42E-06
2017-12-28 00:00:00+00:00,Nikkei225,1.44E-05,1.64E-05,4.00E-06,1.38E-05,1.09E-05,1.64E-05,1.09E-05,1.18E-05,1.39E-05,2.54E-05,22912.05,150002,1.44E-05,1.18E-05
2017-12-29 00:00:00+00:00,Nikkei225,1.12E-05,1.11E-05,3.78E-06,1.28E-05,5.45E-06,1.11E-05,5.45E-06,1.04E-05,1.32E-05,1.01E-05,22831.49,150002,1.12E-05,1.04E-05
2018-01-04 00:00:00+00:00,Nikkei225,5.33E-05,7.82E-05,7.49E-06,3.26E-05,5.66E-06,7.82E-05,5.66E-06,4.64E-05,3.31E-05,6.73E-05,23073.73,150002,5.33E-05,4.64E-05
2018-01-05 00:00:00+00:00,Nikkei225,2.84E-05,2.19E-05,1.01E-05,2.48E-05,1.56E-05,2.19E-05,1.56E-05,2.63E-05,2.49E-05,2.64E-05,23643,150002,2.84E-05,2.63E-05
2018-01-09 00:00:00+00:00,Nikkei225,1.93E-05,1.94E-05,5.72E-06,2.35E-05,1.14E-05,1.94E-05,1.14E-05,1.56E-05,2.40E-05,2.19E-05,23948.97,150002,1.93E-05,1.56E-05
2018-01-10 00:00:00+00:00,Nikkei225,1.34E-05,1.85E-05,3.61E-06,1.39E-05,7.55E-06,1.85E-05,7.55E-06,1.30E-05,1.40E-05,1.07E-05,23832.81,150003,1.34E-05,1.30E-05
2018-01-11 00:00:00+00:00,Nikkei225,2.70E-05,2.93E-05,7.24E-06,2.23E-05,1.03E-05,2.93E-05,1.03E-05,2.06E-05,2.23E-05,2.80E-05,23656.39,150003,2.70E-05,2.06E-05
2018-01-12 00:00:00+00:00,Nikkei225,1.79E-05,1.66E-05,5.64E-06,2.11E-05,1.16E-05,1.66E-05,1.16E-05,1.47E-05,2.11E-05,2.19E-05,23719.66,150002,1.79E-05,1.47E-05
2018-01-15 00:00:00+00:00,Nikkei225,1.44E-05,1.26E-05,3.36E-06,1.64E-05,1.03E-05,1.26E-05,1.03E-05,9.68E-06,1.67E-05,1.15E-05,23827.98,150002,1.44E-05,9.68E-06
2018-01-16 00:00:00+00:00,Nikkei225,1.88E-05,1.75E-05,9.72E-06,1.47E-05,4.96E-06,1.75E-05,4.96E-06,1.93E-05,1.47E-05,2.12E-05,23721.17,150002,1.88E-05,1.93E-05
2018-01-17 00:00:00+00:00,Nikkei225,2.20E-05,2.48E-05,7.50E-06,1.98E-05,7.97E-06,2.48E-05,7.97E-06,2.07E-05,2.00E-05,2.56E-05,23783.42,150002,2.20E-05,2.07E-05
2018-01-18 00:00:00+00:00,Nikkei225,7.82E-05,9.14E-05,8.71E-06,5.20E-05,6.33E-05,9.14E-05,6.33E-05,6.04E-05,5.23E-05,7.66E-05,24078.93,150002,7.82E-05,6.04E-05
2018-01-19 00:00:00+00:00,Nikkei225,5.76E-06,7.03E-06,4.15E-06,7.29E-06,3.92E-06,7.03E-06,3.92E-06,4.56E-06,7.43E-06,6.39E-06,23854.11,95955,5.76E-06,4.56E-06
2018-01-22 00:00:00+00:00,Nikkei225,1.92E-05,1.36E-05,8.34E-06,1.88E-05,8.27E-06,1.36E-05,8.27E-06,1.79E-05,1.86E-05,1.86E-05,23797.84,150002,1.92E-05,1.79E-05
2018-01-23 00:00:00+00:00,Nikkei225,2.49E-05,2.93E-05,4.45E-06,1.59E-05,6.25E-06,2.93E-05,6.25E-06,2.23E-05,1.54E-05,2.78E-05,23924.4,150002,2.49E-05,2.23E-05
2018-01-24 00:00:00+00:00,Nikkei225,1.51E-05,1.53E-05,3.59E-06,1.63E-05,1.06E-05,1.53E-05,1.06E-05,1.12E-05,1.61E-05,1.09E-05,24026.43,150003,1.51E-05,1.12E-05
2018-01-25 00:00:00+00:00,Nikkei225,3.02E-05,2.19E-05,1.11E-05,2.24E-05,1.65E-05,2.19E-05,1.65E-05,2.69E-05,2.28E-05,2.46E-05,23750.65,150002,3.02E-05,2.69E-05
2018-01-26 00:00:00+00:00,Nikkei225,2.36E-05,1.93E-05,8.41E-06,2.55E-05,1.47E-05,1.93E-05,1.47E-05,1.70E-05,2.51E-05,1.92E-05,23757.34,150001,2.36E-05,1.70E-05
2018-01-29 00:00:00+00:00,Nikkei225,2.51E-05,2.12E-05,1.04E-05,2.92E-05,1.80E-05,2.12E-05,1.80E-05,2.72E-05,2.84E-05,3.67E-05,23707.14,150002,2.51E-05,2.72E-05
2018-01-30 00:00:00+00:00,Nikkei225,4.81E-05,4.65E-05,2.39E-05,4.99E-05,3.18E-05,4.65E-05,3.18E-05,3.91E-05,4.96E-05,5.12E-05,23559.33,150002,4.81E-05,3.91E-05
2018-01-31 00:00:00+00:00,Nikkei225,4.65E-05,5.36E-05,8.49E-06,4.17E-05,2.89E-05,5.36E-05,2.89E-05,3.47E-05,4.22E-05,6.42E-05,23205.23,150002,4.65E-05,3.47E-05
2018-02-01 00:00:00+00:00,Nikkei225,3.46E-05,3.36E-05,1.07E-05,3.63E-05,9.21E-06,3.36E-05,9.21E-06,3.03E-05,3.66E-05,3.61E-05,23276.1,150002,3.46E-05,3.03E-05
2018-02-02 00:00:00+00:00,Nikkei225,4.90E-05,5.18E-05,1.47E-05,3.93E-05,3.08E-05,5.18E-05,3.08E-05,3.70E-05,3.95E-05,6.30E-05,23361.67,150002,4.90E-05,3.70E-05
2018-02-05 00:00:00+00:00,Nikkei225,9.26E-05,7.61E-05,4.48E-05,8.24E-05,6.08E-05,7.61E-05,6.08E-05,8.81E-05,8.16E-05,5.72E-05,22921.16,150002,9.26E-05,8.81E-05
2018-02-06 00:00:00+00:00,Nikkei225,0.0007088250249,0.001005886102,0.0001733806758,0.0005491213555,0.0005124351158,0.001005886102,0.0005124351158,0.0006609185256,0.0005497821492,0.0008770732565,22267,150002,0.0007088250249,0.0006609185256
2018-02-07 00:00:00+00:00,Nikkei225,0.0003209303913,0.0003796470617,8.51E-05,0.0002969380356,0.0001889688666,0.0003796470617,0.0001889688666,0.0002371573748,0.0002956900617,0.0003713144452,22001.29,150002,0.0003209303913,0.0002371573748
2018-02-08 00:00:00+00:00,Nikkei225,0.0001351569308,9.77E-05,6.18E-05,0.0001394474738,5.55E-05,9.77E-05,5.55E-05,0.000113679105,0.0001392478821,0.0001346143198,21721.57,150003,0.0001351569308,0.000113679105
2018-02-09 00:00:00+00:00,Nikkei225,0.0003098796927,0.0004342594976,4.00E-05,0.000293256425,0.0002216991351,0.0004342594976,0.0002216991351,0.000226102789,0.0002955372024,0.0003631529901,21507.74,150002,0.0003098796927,0.000226102789
2018-02-13 00:00:00+00:00,Nikkei225,0.000104963854,9.24E-05,7.11E-05,0.0001188013629,7.38E-05,9.24E-05,7.38E-05,0.0001152585489,0.0001181803222,0.0001113549574,21633.34,150002,0.000104963854,0.0001152585489
2018-02-14 00:00:00+00:00,Nikkei225,0.0001894576115,0.0002405654243,6.68E-05,0.0001262988117,9.60E-05,0.0002405654243,9.60E-05,0.0001668022845,0.0001246700123,0.0001899742782,21251.24,150002,0.0001894576115,0.0001668022845
2018-02-15 00:00:00+00:00,Nikkei225,0.0001125535237,0.0001054557821,4.18E-05,7.95E-05,4.84E-05,0.0001054557821,4.84E-05,8.84E-05,7.91E-05,6.84E-05,21384.1,150002,0.0001125535237,8.84E-05
2018-02-16 00:00:00+00:00,Nikkei225,0.0001095184703,0.0001171479514,5.03E-05,8.52E-05,3.29E-05,0.0001171479514,3.29E-05,0.0001044874582,8.47E-05,0.0001214178938,21555.99,150002,0.0001095184703,0.0001044874582
2018-02-19 00:00:00+00:00,Nikkei225,4.69E-05,3.10E-05,1.97E-05,4.73E-05,1.59E-05,3.10E-05,1.59E-05,4.41E-05,4.74E-05,3.16E-05,21903.66,150002,4.69E-05,4.41E-05
2018-02-20 00:00:00+00:00,Nikkei225,5.64E-05,5.58E-05,2.30E-05,5.09E-05,3.48E-05,5.58E-05,3.48E-05,5.56E-05,5.02E-05,3.57E-05,22054.32,150002,5.64E-05,5.56E-05
2018-02-21 00:00:00+00:00,Nikkei225,7.40E-05,8.83E-05,2.67E-05,8.53E-05,3.77E-05,8.83E-05,3.77E-05,6.93E-05,8.40E-05,0.0001321073455,21942.42,150002,7.40E-05,6.93E-05
2018-02-22 00:00:00+00:00,Nikkei225,6.85E-05,6.04E-05,2.42E-05,7.06E-05,3.78E-05,6.04E-05,3.78E-05,6.20E-05,7.05E-05,3.51E-05,21789.88,150002,6.85E-05,6.20E-05
2018-02-23 00:00:00+00:00,Nikkei225,2.90E-05,1.93E-05,1.46E-05,3.69E-05,1.42E-05,1.93E-05,1.42E-05,2.94E-05,3.72E-05,1.51E-05,21789.72,150002,2.90E-05,2.94E-05
2018-02-26 00:00:00+00:00,Nikkei225,4.18E-05,4.80E-05,1.13E-05,4.87E-05,2.08E-05,4.80E-05,2.08E-05,4.40E-05,4.77E-05,5.42E-05,22134.64,150002,4.18E-05,4.40E-05
2018-02-27 00:00:00+00:00,Nikkei225,3.48E-05,3.10E-05,2.57E-05,3.38E-05,1.49E-05,3.10E-05,1.49E-05,3.11E-05,3.40E-05,3.68E-05,22391.67,150002,3.48E-05,3.11E-05
2018-02-28 00:00:00+00:00,Nikkei225,5.84E-05,7.59E-05,1.89E-05,5.82E-05,4.26E-05,7.59E-05,4.26E-05,4.46E-05,5.79E-05,6.13E-05,22292.53,150002,5.84E-05,4.46E-05
2018-03-01 00:00:00+00:00,Nikkei225,5.29E-05,4.56E-05,3.09E-05,6.00E-05,3.12E-05,4.56E-05,3.12E-05,5.03E-05,6.02E-05,5.64E-05,21901.13,150002,5.29E-05,5.03E-05
2018-03-02 00:00:00+00:00,Nikkei225,0.0001304499459,0.0001231994891,2.72E-05,0.0001228827923,8.41E-05,0.0001231994891,8.41E-05,0.0001093221574,0.0001200215093,8.97E-05,21339.98,150001,0.0001304499459,0.0001093221574
2018-03-05 00:00:00+00:00,Nikkei225,8.74E-05,7.58E-05,2.61E-05,7.55E-05,3.33E-05,7.58E-05,3.33E-05,6.72E-05,7.58E-05,8.38E-05,21047.81,150002,8.74E-05,6.72E-05
2018-03-06 00:00:00+00:00,Nikkei225,3.87E-05,5.22E-05,1.37E-05,4.42E-05,1.65E-05,5.22E-05,1.65E-05,3.51E-05,4.44E-05,4.64E-05,21390.2,150002,3.87E-05,3.51E-05
2018-03-07 00:00:00+00:00,Nikkei225,9.83E-05,7.36E-05,3.81E-05,8.06E-05,4.58E-05,7.36E-05,4.58E-05,8.08E-05,8.27E-05,0.0001015241435,21261.96,150003,9.83E-05,8.08E-05
2018-03-08 00:00:00+00:00,Nikkei225,3.92E-05,2.78E-05,1.39E-05,4.23E-05,2.51E-05,2.78E-05,2.51E-05,3.20E-05,4.27E-05,3.12E-05,21488.16,150003,3.92E-05,3.20E-05
2018-03-09 00:00:00+00:00,Nikkei225,0.0001440114773,0.0001601893972,3.75E-05,0.0001278624165,0.00010140883,0.0001601893972,0.00010140883,0.0001299584231,0.0001294348197,0.0002331959877,21594.22,150002,0.0001440114773,0.0001299584231
2018-03-12 00:00:00+00:00,Nikkei225,9.12E-05,9.23E-05,1.81E-05,8.49E-05,4.97E-05,9.23E-05,4.97E-05,4.88E-05,8.53E-05,8.08E-05,21826.1,150002,9.12E-05,4.88E-05
2018-03-13 00:00:00+00:00,Nikkei225,3.77E-05,4.04E-05,1.78E-05,3.32E-05,9.68E-06,4.04E-05,9.68E-06,3.68E-05,3.34E-05,2.92E-05,21742.45,150002,3.77E-05,3.68E-05
2018-03-14 00:00:00+00:00,Nikkei225,4.41E-05,4.46E-05,1.83E-05,4.32E-05,2.57E-05,4.46E-05,2.57E-05,3.59E-05,4.35E-05,3.88E-05,21764.99,150003,4.41E-05,3.59E-05
2018-03-15 00:00:00+00:00,Nikkei225,5.61E-05,6.18E-05,2.08E-05,5.09E-05,2.46E-05,6.18E-05,2.46E-05,3.96E-05,5.04E-05,8.74E-05,21704.14,150003,5.61E-05,3.96E-05
2018-03-16 00:00:00+00:00,Nikkei225,3.63E-05,4.81E-05,1.30E-05,3.20E-05,2.65E-05,4.81E-05,2.65E-05,3.09E-05,3.23E-05,5.16E-05,21876.53,150004,3.63E-05,3.09E-05
2018-03-19 00:00:00+00:00,Nikkei225,7.02E-05,8.42E-05,2.31E-05,5.10E-05,3.74E-05,8.42E-05,3.74E-05,6.73E-05,5.11E-05,0.0001105054426,21537.9,150003,7.02E-05,6.73E-05
2018-03-20 00:00:00+00:00,Nikkei225,3.44E-05,3.79E-05,1.20E-05,4.00E-05,1.39E-05,3.79E-05,1.39E-05,2.66E-05,4.07E-05,3.02E-05,21297.98,150003,3.44E-05,2.66E-05
2018-03-22 00:00:00+00:00,Nikkei225,5.08E-05,5.25E-05,1.58E-05,4.26E-05,1.44E-05,5.25E-05,1.44E-05,3.48E-05,4.29E-05,5.57E-05,21352.16,150002,5.08E-05,3.48E-05
2018-03-23 00:00:00+00:00,Nikkei225,0.0002073667183,0.0002469224843,4.24E-05,0.0002212296671,0.0001743069668,0.0002469224843,0.0001743069668,0.0001254941355,0.0002236827931,0.0002301432604,21188.8,150002,0.0002073667183,0.0001254941355
2018-03-26 00:00:00+01:00,Nikkei225,0.0001399249193,0.0001338578518,7.40E-05,9.23E-05,4.23E-05,0.0001338578518,4.23E-05,0.0001321437706,9.10E-05,0.0001207075731,20423.37,160002,0.0001399249193,0.0001321437706
2018-03-27 00:00:00+01:00,Nikkei225,7.65E-05,7.98E-05,3.43E-05,7.33E-05,2.05E-05,7.98E-05,2.05E-05,7.20E-05,7.43E-05,6.62E-05,20958.9,160002,7.65E-05,7.20E-05
2018-03-28 00:00:00+01:00,Nikkei225,0.0001524864471,0.000127132977,5.78E-05,0.000102192713,5.81E-05,0.000127132977,5.81E-05,0.0001277317176,0.0001036007528,0.0001203281031,20893.05,160003,0.0001524864471,0.0001277317176
2018-03-29 00:00:00+01:00,Nikkei225,6.34E-05,8.11E-05,2.60E-05,6.24E-05,3.44E-05,8.11E-05,3.44E-05,7.57E-05,6.24E-05,7.56E-05,21250.96,160001,6.34E-05,7.57E-05
2018-03-30 00:00:00+01:00,Nikkei225,5.65E-05,4.28E-05,3.03E-05,5.43E-05,2.32E-05,4.28E-05,2.32E-05,6.18E-05,5.48E-05,4.86E-05,21392.42,160001,5.65E-05,6.18E-05
2018-04-02 00:00:00+01:00,Nikkei225,4.42E-05,3.92E-05,2.52E-05,4.36E-05,2.25E-05,3.92E-05,2.25E-05,4.79E-05,4.30E-05,5.79E-05,21441.57,160002,4.42E-05,4.79E-05
2018-04-03 00:00:00+01:00,Nikkei225,5.97E-05,5.20E-05,2.19E-05,6.13E-05,2.12E-05,5.20E-05,2.12E-05,5.44E-05,6.12E-05,4.12E-05,21115.48,160002,5.97E-05,5.44E-05
2018-04-04 00:00:00+01:00,Nikkei225,5.53E-05,5.93E-05,2.22E-05,6.22E-05,3.39E-05,5.93E-05,3.39E-05,4.96E-05,6.27E-05,3.32E-05,21415.85,160002,5.53E-05,4.96E-05
2018-04-05 00:00:00+01:00,Nikkei225,4.71E-05,4.06E-05,1.20E-05,4.99E-05,2.16E-05,4.06E-05,2.16E-05,4.59E-05,5.07E-05,5.50E-05,21541.18,160002,4.71E-05,4.59E-05
2018-04-06 00:00:00+01:00,Nikkei225,7.06E-05,6.83E-05,2.49E-05,6.63E-05,3.06E-05,6.83E-05,3.06E-05,6.24E-05,6.60E-05,5.51E-05,21633.73,160002,7.06E-05,6.24E-05
2018-04-09 00:00:00+01:00,Nikkei225,4.15E-05,3.74E-05,9.07E-06,4.60E-05,1.29E-05,3.74E-05,1.29E-05,3.48E-05,4.63E-05,3.82E-05,21534.33,160002,4.15E-05,3.48E-05
2018-04-10 00:00:00+01:00,Nikkei225,7.83E-05,0.000109641692,3.39E-05,6.94E-05,3.04E-05,0.000109641692,3.04E-05,7.66E-05,7.12E-05,9.27E-05,21599.67,160002,7.83E-05,7.66E-05
2018-04-11 00:00:00+01:00,Nikkei225,1.80E-05,2.10E-05,8.42E-06,2.43E-05,1.18E-05,2.10E-05,1.18E-05,1.53E-05,2.57E-05,1.87E-05,21819.09,160003,1.80E-05,1.53E-05
2018-04-12 00:00:00+01:00,Nikkei225,3.51E-05,2.12E-05,7.87E-06,3.54E-05,1.63E-05,2.12E-05,1.63E-05,3.43E-05,3.56E-05,1.78E-05,21657.87,160002,3.51E-05,3.43E-05
2018-04-13 00:00:00+01:00,Nikkei225,3.39E-05,3.57E-05,8.47E-06,2.67E-05,1.90E-05,3.57E-05,1.90E-05,2.60E-05,2.68E-05,3.24E-05,21801.41,160002,3.39E-05,2.60E-05
2018-04-16 00:00:00+01:00,Nikkei225,2.88E-05,2.04E-05,7.84E-06,2.52E-05,1.73E-05,2.04E-05,1.73E-05,2.03E-05,2.60E-05,1.30E-05,21843.55,160002,2.88E-05,2.03E-05
2018-04-17 00:00:00+01:00,Nikkei225,2.22E-05,2.84E-05,4.59E-06,1.98E-05,1.02E-05,2.84E-05,1.02E-05,1.69E-05,2.02E-05,2.18E-05,21801.83,160003,2.22E-05,1.69E-05
2018-04-18 00:00:00+01:00,Nikkei225,2.77E-05,2.55E-05,4.08E-06,2.91E-05,4.19E-06,2.55E-05,4.19E-06,2.62E-05,2.90E-05,3.35E-05,21929.01,160003,2.77E-05,2.62E-05
2018-04-19 00:00:00+01:00,Nikkei225,2.21E-05,2.42E-05,7.80E-06,2.30E-05,1.05E-05,2.42E-05,1.05E-05,2.27E-05,2.35E-05,2.27E-05,22231.86,160003,2.21E-05,2.27E-05
2018-04-20 00:00:00+01:00,Nikkei225,2.89E-05,2.95E-05,7.51E-06,2.85E-05,1.54E-05,2.95E-05,1.54E-05,2.04E-05,2.87E-05,3.96E-05,22148.22,160002,2.89E-05,2.04E-05
2018-04-23 00:00:00+01:00,Nikkei225,2.54E-05,2.61E-05,6.72E-06,2.34E-05,1.49E-05,2.61E-05,1.49E-05,1.95E-05,2.35E-05,1.35E-05,22157.88,160002,2.54E-05,1.95E-05
2018-04-24 00:00:00+01:00,Nikkei225,1.95E-05,1.10E-05,8.42E-06,1.83E-05,9.86E-06,1.10E-05,9.86E-06,1.59E-05,1.80E-05,9.89E-06,22228.82,160002,1.95E-05,1.59E-05
2018-04-25 00:00:00+01:00,Nikkei225,2.25E-05,2.14E-05,6.90E-06,1.86E-05,9.19E-06,2.14E-05,9.19E-06,1.61E-05,1.85E-05,2.55E-05,22118.62,160002,2.25E-05,1.61E-05
2018-04-26 00:00:00+01:00,Nikkei225,2.32E-05,1.69E-05,5.66E-06,1.86E-05,9.56E-06,1.69E-05,9.56E-06,2.02E-05,1.84E-05,1.69E-05,22278.77,160003,2.32E-05,2.02E-05
2018-04-27 00:00:00+01:00,Nikkei225,2.58E-05,3.09E-05,5.86E-06,2.25E-05,1.30E-05,3.09E-05,1.30E-05,2.44E-05,2.25E-05,2.03E-05,22466.66,160002,2.58E-05,2.44E-05
2018-05-01 00:00:00+01:00,Nikkei225,8.79E-06,8.63E-06,3.95E-06,1.20E-05,3.29E-06,8.63E-06,3.29E-06,7.40E-06,1.23E-05,4.83E-06,22453.42,160001,8.79E-06,7.40E-06
2018-05-02 00:00:00+01:00,Nikkei225,1.22E-05,1.47E-05,3.44E-06,1.30E-05,9.05E-06,1.47E-05,9.05E-06,8.71E-06,1.30E-05,1.56E-05,22568.19,160003,1.22E-05,8.71E-06
2018-05-07 00:00:00+01:00,Nikkei225,2.01E-05,2.73E-05,3.60E-06,1.64E-05,1.21E-05,2.73E-05,1.21E-05,1.67E-05,1.63E-05,3.14E-05,22513.22,160004,2.01E-05,1.67E-05
2018-05-08 00:00:00+01:00,Nikkei225,1.02E-05,1.05E-05,3.18E-06,1.42E-05,3.03E-06,1.05E-05,3.03E-06,9.35E-06,1.41E-05,1.51E-05,22440.65,160002,1.02E-05,9.35E-06
2018-05-09 00:00:00+01:00,Nikkei225,1.69E-05,1.96E-05,8.27E-06,1.35E-05,1.07E-05,1.96E-05,1.07E-05,1.48E-05,1.36E-05,1.80E-05,22463.01,160002,1.69E-05,1.48E-05
2018-05-10 00:00:00+01:00,Nikkei225,1.11E-05,8.90E-06,3.49E-06,1.13E-05,5.38E-06,8.90E-06,5.38E-06,7.59E-06,1.13E-05,1.13E-05,22482.51,160002,1.11E-05,7.59E-06
2018-05-11 00:00:00+01:00,Nikkei225,1.96E-05,2.89E-05,5.14E-06,1.77E-05,4.82E-06,2.89E-05,4.82E-06,1.79E-05,1.76E-05,3.51E-05,22573.95,160002,1.96E-05,1.79E-05
2018-05-14 00:00:00+01:00,Nikkei225,1.48E-05,1.26E-05,3.64E-06,1.26E-05,3.84E-06,1.26E-05,3.84E-06,1.56E-05,1.26E-05,1.66E-05,22705.3,160002,1.48E-05,1.56E-05
2018-05-15 00:00:00+01:00,Nikkei225,9.31E-06,9.75E-06,5.77E-06,1.12E-05,6.54E-06,9.75E-06,6.54E-06,9.01E-06,1.14E-05,6.97E-06,22889.47,160002,9.31E-06,9.01E-06
2018-05-16 00:00:00+01:00,Nikkei225,1.20E-05,9.46E-06,2.82E-06,1.47E-05,5.89E-06,9.46E-06,5.89E-06,9.72E-06,1.43E-05,9.11E-06,22730.12,160002,1.20E-05,9.72E-06
2018-05-17 00:00:00+01:00,Nikkei225,7.58E-06,6.87E-06,2.09E-06,8.65E-06,3.45E-06,6.87E-06,3.45E-06,6.49E-06,8.63E-06,9.15E-06,22820.62,160002,7.58E-06,6.49E-06
2018-05-18 00:00:00+01:00,Nikkei225,1.19E-05,1.28E-05,2.86E-06,1.16E-05,5.42E-06,1.28E-05,5.42E-06,7.59E-06,1.16E-05,1.01E-05,22907.2,160002,1.19E-05,7.59E-06
2018-05-21 00:00:00+01:00,Nikkei225,1.06E-05,1.09E-05,6.81E-06,9.10E-06,3.92E-06,1.09E-05,3.92E-06,1.13E-05,9.04E-06,1.05E-05,22937.58,160002,1.06E-05,1.13E-05
2018-05-22 00:00:00+01:00,Nikkei225,7.34E-06,7.70E-06,1.91E-06,7.59E-06,4.70E-06,7.70E-06,4.70E-06,6.58E-06,7.63E-06,7.12E-06,23025.95,160002,7.34E-06,6.58E-06
2018-05-23 00:00:00+01:00,Nikkei225,5.05E-05,5.85E-05,1.31E-05,2.80E-05,3.74E-05,5.85E-05,3.74E-05,5.40E-05,2.78E-05,8.72E-05,22868.79,160002,5.05E-05,5.40E-05
2018-05-24 00:00:00+01:00,Nikkei225,3.83E-05,3.55E-05,7.83E-06,2.72E-05,2.71E-05,3.55E-05,2.71E-05,3.06E-05,2.74E-05,4.67E-05,22621.29,160002,3.83E-05,3.06E-05
2018-05-25 00:00:00+01:00,Nikkei225,4.97E-05,3.36E-05,7.29E-06,3.78E-05,1.92E-05,3.36E-05,1.92E-05,4.47E-05,3.77E-05,2.93E-05,22380.22,160002,4.97E-05,4.47E-05
2018-05-28 00:00:00+01:00,Nikkei225,1.74E-05,2.04E-05,8.08E-06,1.67E-05,9.01E-06,2.04E-05,9.01E-06,1.70E-05,1.70E-05,1.50E-05,22488.95,160002,1.74E-05,1.70E-05
2018-05-29 00:00:00+01:00,Nikkei225,3.41E-05,3.22E-05,1.26E-05,2.97E-05,2.04E-05,3.22E-05,2.04E-05,3.20E-05,2.96E-05,3.86E-05,22431.95,160002,3.41E-05,3.20E-05
2018-05-30 00:00:00+01:00,Nikkei225,4.83E-05,3.69E-05,2.06E-05,3.77E-05,2.57E-05,3.69E-05,2.57E-05,4.62E-05,3.68E-05,3.66E-05,22051.97,160003,4.83E-05,4.62E-05
2018-05-31 00:00:00+01:00,Nikkei225,2.64E-05,2.40E-05,1.17E-05,2.23E-05,1.17E-05,2.40E-05,1.17E-05,2.18E-05,2.25E-05,2.19E-05,22163.4,160002,2.64E-05,2.18E-05
2018-06-01 00:00:00+01:00,Nikkei225,4.08E-05,4.41E-05,1.40E-05,3.75E-05,2.10E-05,4.41E-05,2.10E-05,3.54E-05,3.74E-05,3.71E-05,22126.25,160002,4.08E-05,3.54E-05
2018-06-04 00:00:00+01:00,Nikkei225,1.53E-05,1.41E-05,3.20E-06,1.90E-05,4.86E-06,1.41E-05,4.86E-06,1.12E-05,1.93E-05,1.64E-05,22365.09,160002,1.53E-05,1.12E-05
2018-06-05 00:00:00+01:00,Nikkei225,2.58E-05,1.72E-05,8.12E-06,2.07E-05,1.30E-05,1.72E-05,1.30E-05,2.61E-05,2.03E-05,1.18E-05,22552.17,160002,2.58E-05,2.61E-05
2018-06-06 00:00:00+01:00,Nikkei225,1.48E-05,1.24E-05,5.89E-06,1.51E-05,4.46E-06,1.24E-05,4.46E-06,1.34E-05,1.51E-05,1.39E-05,22520.31,160002,1.48E-05,1.34E-05
2018-06-07 00:00:00+01:00,Nikkei225,1.35E-05,1.39E-05,5.27E-06,1.66E-05,5.19E-06,1.39E-05,5.19E-06,1.02E-05,1.65E-05,1.41E-05,22748.72,160004,1.35E-05,1.02E-05
2018-06-08 00:00:00+01:00,Nikkei225,2.46E-05,2.15E-05,6.98E-06,2.50E-05,1.64E-05,2.15E-05,1.64E-05,1.94E-05,2.47E-05,2.62E-05,22799.38,160003,2.46E-05,1.94E-05
2018-06-11 00:00:00+01:00,Nikkei225,1.94E-05,2.10E-05,5.58E-06,2.24E-05,6.20E-06,2.10E-05,6.20E-06,1.75E-05,2.24E-05,2.18E-05,22686.95,160002,1.94E-05,1.75E-05
2018-06-12 00:00:00+01:00,Nikkei225,5.15E-05,6.57E-05,1.29E-05,4.54E-05,3.02E-05,6.57E-05,3.02E-05,3.95E-05,4.57E-05,7.94E-05,22977.22,160002,5.15E-05,3.95E-05
2018-06-13 00:00:00+01:00,Nikkei225,1.23E-05,1.29E-05,4.32E-06,1.30E-05,5.19E-06,1.29E-05,5.19E-06,1.33E-05,1.30E-05,1.24E-05,22896.17,160003,1.23E-05,1.33E-05
2018-06-14 00:00:00+01:00,Nikkei225,1.88E-05,1.94E-05,4.73E-06,1.95E-05,1.21E-05,1.94E-05,1.21E-05,1.08E-05,1.93E-05,1.76E-05,22842.96,160002,1.88E-05,1.08E-05
2018-06-15 00:00:00+01:00,Nikkei225,1.54E-05,1.35E-05,7.81E-06,1.48E-05,8.47E-06,1.35E-05,8.47E-06,1.50E-05,1.51E-05,1.67E-05,22883.24,160002,1.54E-05,1.50E-05
2018-06-18 00:00:00+01:00,Nikkei225,2.29E-05,2.23E-05,7.82E-06,1.68E-05,1.52E-05,2.23E-05,1.52E-05,1.94E-05,1.67E-05,2.84E-05,22806.57,160002,2.29E-05,1.94E-05
2018-06-19 00:00:00+01:00,Nikkei225,3.40E-05,3.83E-05,6.75E-06,3.48E-05,2.50E-05,3.83E-05,2.50E-05,2.87E-05,3.49E-05,4.86E-05,22565.92,160002,3.40E-05,2.87E-05
2018-06-20 00:00:00+01:00,Nikkei225,4.57E-05,4.96E-05,1.67E-05,3.77E-05,1.22E-05,4.96E-05,1.22E-05,3.70E-05,3.80E-05,6.43E-05,22338.53,160002,4.57E-05,3.70E-05
2018-06-21 00:00:00+01:00,Nikkei225,4.71E-05,5.19E-05,1.89E-05,4.82E-05,1.35E-05,5.19E-05,1.35E-05,4.59E-05,4.88E-05,5.34E-05,22523.28,160002,4.71E-05,4.59E-05
2018-06-22 00:00:00+01:00,Nikkei225,3.77E-05,3.76E-05,1.62E-05,3.05E-05,1.62E-05,3.76E-05,1.62E-05,3.52E-05,3.05E-05,2.03E-05,22456.45,160002,3.77E-05,3.52E-05
2018-06-25 00:00:00+01:00,Nikkei225,2.67E-05,2.70E-05,9.87E-06,3.34E-05,1.89E-05,2.70E-05,1.89E-05,2.15E-05,3.45E-05,2.61E-05,22543.56,160003,2.67E-05,2.15E-05
2018-06-26 00:00:00+01:00,Nikkei225,5.65E-05,4.62E-05,2.31E-05,4.68E-05,1.56E-05,4.62E-05,1.56E-05,5.00E-05,4.61E-05,5.09E-05,22160.33,160002,5.65E-05,5.00E-05
2018-06-27 00:00:00+01:00,Nikkei225,2.64E-05,2.33E-05,5.70E-06,3.10E-05,1.60E-05,2.33E-05,1.60E-05,2.14E-05,3.07E-05,2.27E-05,22320.88,160002,2.64E-05,2.14E-05
2018-06-28 00:00:00+01:00,Nikkei225,5.37E-05,4.86E-05,1.21E-05,4.77E-05,2.31E-05,4.86E-05,2.31E-05,4.13E-05,4.76E-05,4.50E-05,22195.19,160002,5.37E-05,4.13E-05
2018-06-29 00:00:00+01:00,Nikkei225,3.74E-05,3.94E-05,8.09E-06,3.94E-05,1.56E-05,3.94E-05,1.56E-05,2.75E-05,3.96E-05,4.52E-05,22314.47,160002,3.74E-05,2.75E-05
2018-07-02 00:00:00+01:00,Nikkei225,5.15E-05,5.36E-05,1.11E-05,5.04E-05,4.38E-05,5.36E-05,4.38E-05,4.48E-05,5.02E-05,0.0001102762805,22233.8,160002,5.15E-05,4.48E-05
2018-07-03 00:00:00+01:00,Nikkei225,9.51E-05,0.000111015568,4.36E-05,8.84E-05,5.36E-05,0.000111015568,5.36E-05,8.95E-05,8.79E-05,0.0001454819287,21889.06,160002,9.51E-05,8.95E-05
2018-07-04 00:00:00+01:00,Nikkei225,4.67E-05,5.09E-05,1.36E-05,3.82E-05,2.17E-05,5.09E-05,2.17E-05,4.02E-05,3.80E-05,2.85E-05,21679,160002,4.67E-05,4.02E-05
2018-07-05 00:00:00+01:00,Nikkei225,6.13E-05,7.12E-05,1.36E-05,6.32E-05,3.77E-05,7.12E-05,3.77E-05,4.34E-05,6.37E-05,6.83E-05,21697.44,160002,6.13E-05,4.34E-05
2018-07-06 00:00:00+01:00,Nikkei225,8.06E-05,9.70E-05,3.29E-05,6.36E-05,3.24E-05,9.70E-05,3.24E-05,7.11E-05,6.32E-05,6.94E-05,21647.66,160003,8.06E-05,7.11E-05
2018-07-09 00:00:00+01:00,Nikkei225,3.49E-05,3.80E-05,9.82E-06,3.10E-05,5.99E-06,3.80E-05,5.99E-06,3.09E-05,3.13E-05,5.38E-05,21838.53,160002,3.49E-05,3.09E-05
2018-07-10 00:00:00+01:00,Nikkei225,3.98E-05,3.47E-05,1.66E-05,2.62E-05,2.83E-05,3.47E-05,2.83E-05,2.59E-05,2.59E-05,3.56E-05,22215.34,160002,3.98E-05,2.59E-05
2018-07-11 00:00:00+01:00,Nikkei225,7.11E-05,7.28E-05,3.63E-05,5.55E-05,4.12E-05,7.28E-05,4.12E-05,6.77E-05,5.46E-05,8.68E-05,22002.14,160002,7.11E-05,6.77E-05
2018-07-12 00:00:00+01:00,Nikkei225,3.45E-05,4.22E-05,1.18E-05,2.37E-05,1.06E-05,4.22E-05,1.06E-05,3.00E-05,2.39E-05,4.02E-05,22036.87,160002,3.45E-05,3.00E-05
2018-07-13 00:00:00+01:00,Nikkei225,4.29E-05,5.95E-05,7.82E-06,4.85E-05,1.02E-05,5.95E-05,1.02E-05,3.50E-05,4.88E-05,7.09E-05,22397.62,160002,4.29E-05,3.50E-05
2018-07-17 00:00:00+01:00,Nikkei225,3.39E-05,4.46E-05,7.58E-06,3.56E-05,1.21E-05,4.46E-05,1.21E-05,2.77E-05,3.60E-05,3.85E-05,22605.73,160002,3.39E-05,2.77E-05
2018-07-18 00:00:00+01:00,Nikkei225,1.85E-05,1.93E-05,1.03E-05,2.43E-05,1.20E-05,1.93E-05,1.20E-05,1.72E-05,2.46E-05,1.77E-05,22917.52,160002,1.85E-05,1.72E-05
2018-07-19 00:00:00+01:00,Nikkei225,2.27E-05,2.26E-05,4.27E-06,2.51E-05,1.51E-05,2.26E-05,1.51E-05,1.49E-05,2.51E-05,2.25E-05,22871.62,160004,2.27E-05,1.49E-05
2018-07-20 00:00:00+01:00,Nikkei225,7.59E-05,0.0001166109026,6.89E-06,7.23E-05,5.73E-05,0.0001166109026,5.73E-05,5.89E-05,7.16E-05,0.0001445303252,22734.56,160002,7.59E-05,5.89E-05
2018-07-23 00:00:00+01:00,Nikkei225,3.10E-05,3.05E-05,1.17E-05,3.09E-05,1.87E-05,3.05E-05,1.87E-05,2.91E-05,3.07E-05,1.28E-05,22480.33,160002,3.10E-05,2.91E-05
2018-07-24 00:00:00+01:00,Nikkei225,2.59E-05,2.53E-05,8.24E-06,3.00E-05,1.73E-05,2.53E-05,1.73E-05,1.98E-05,2.99E-05,1.96E-05,22555.05,160003,2.59E-05,1.98E-05
2018-07-25 00:00:00+01:00,Nikkei225,2.03E-05,1.27E-05,2.18E-06,2.20E-05,1.02E-05,1.27E-05,1.02E-05,1.83E-05,2.22E-05,1.59E-05,22594.28,160002,2.03E-05,1.83E-05
2018-07-26 00:00:00+01:00,Nikkei225,3.15E-05,3.02E-05,3.81E-06,2.79E-05,2.42E-05,3.02E-05,2.42E-05,1.34E-05,2.81E-05,3.90E-05,22711.59,160002,3.15E-05,1.34E-05
2018-07-27 00:00:00+01:00,Nikkei225,1.51E-05,1.66E-05,3.37E-06,1.38E-05,7.73E-06,1.66E-05,7.73E-06,1.00E-05,1.39E-05,1.41E-05,22646.48,160002,1.51E-05,1.00E-05
2018-07-30 00:00:00+01:00,Nikkei225,2.15E-05,1.81E-05,4.74E-06,1.72E-05,1.18E-05,1.81E-05,1.18E-05,2.22E-05,1.72E-05,1.58E-05,22613.3,160002,2.15E-05,2.22E-05
2018-07-31 00:00:00+01:00,Nikkei225,7.24E-05,5.92E-05,1.74E-05,7.17E-05,2.45E-05,5.92E-05,2.45E-05,7.44E-05,7.05E-05,9.04E-05,22472.12,160002,7.24E-05,7.44E-05
2018-08-01 00:00:00+01:00,Nikkei225,1.22E-05,1.27E-05,4.34E-06,1.89E-05,3.83E-06,1.27E-05,3.83E-06,1.06E-05,1.90E-05,1.17E-05,22642.18,160002,1.22E-05,1.06E-05
2018-08-02 00:00:00+01:00,Nikkei225,3.39E-05,3.83E-05,8.11E-06,3.45E-05,2.28E-05,3.83E-05,2.28E-05,2.60E-05,3.43E-05,4.96E-05,22676.73,160002,3.39E-05,2.60E-05
2018-08-03 00:00:00+01:00,Nikkei225,2.24E-05,1.87E-05,4.66E-06,2.63E-05,1.37E-05,1.87E-05,1.37E-05,1.79E-05,2.62E-05,8.58E-06,22585.54,160002,2.24E-05,1.79E-05
2018-08-06 00:00:00+01:00,Nikkei225,2.28E-05,2.43E-05,4.10E-06,2.07E-05,1.22E-05,2.43E-05,1.22E-05,1.57E-05,2.10E-05,2.34E-05,22536.05,160002,2.28E-05,1.57E-05
2018-08-07 00:00:00+01:00,Nikkei225,1.46E-05,1.80E-05,3.59E-06,1.89E-05,2.71E-06,1.80E-05,2.71E-06,1.35E-05,1.89E-05,2.09E-05,22514.31,160002,1.46E-05,1.35E-05
2018-08-08 00:00:00+01:00,Nikkei225,3.04E-05,4.98E-05,4.77E-06,2.38E-05,2.05E-05,4.98E-05,2.05E-05,2.61E-05,2.36E-05,4.77E-05,22666.56,160002,3.04E-05,2.61E-05
2018-08-09 00:00:00+01:00,Nikkei225,1.75E-05,1.85E-05,3.92E-06,1.41E-05,8.82E-06,1.85E-05,8.82E-06,1.32E-05,1.42E-05,1.72E-05,22591.54,160002,1.75E-05,1.32E-05
2018-08-10 00:00:00+01:00,Nikkei225,5.61E-05,4.35E-05,2.02E-05,4.08E-05,3.99E-05,4.35E-05,3.99E-05,5.82E-05,4.11E-05,6.17E-05,22606.91,160002,5.61E-05,5.82E-05
2018-08-13 00:00:00+01:00,Nikkei225,4.70E-05,4.32E-05,1.59E-05,3.70E-05,3.37E-05,4.32E-05,3.37E-05,3.87E-05,3.68E-05,4.13E-05,22117.57,160003,4.70E-05,3.87E-05
2018-08-14 00:00:00+01:00,Nikkei225,4.30E-05,3.47E-05,1.13E-05,3.70E-05,9.88E-06,3.47E-05,9.88E-06,3.77E-05,3.65E-05,4.52E-05,22053.07,160002,4.30E-05,3.77E-05
2018-08-15 00:00:00+01:00,Nikkei225,3.98E-05,4.10E-05,5.60E-06,3.49E-05,2.96E-05,4.10E-05,2.96E-05,2.54E-05,3.45E-05,3.64E-05,22368.12,160001,3.98E-05,2.54E-05
2018-08-16 00:00:00+01:00,Nikkei225,0.000108902916,0.0001274438929,2.04E-05,0.0001094968298,3.94E-05,0.0001274438929,3.94E-05,7.29E-05,0.0001086745733,0.0001404785083,21980.82,160002,0.000108902916,7.29E-05
2018-08-17 00:00:00+01:00,Nikkei225,2.20E-05,2.52E-05,4.28E-06,2.79E-05,1.57E-05,2.52E-05,1.57E-05,1.96E-05,2.86E-05,1.12E-05,22313.19,160002,2.20E-05,1.96E-05
2018-08-20 00:00:00+01:00,Nikkei225,2.95E-05,2.33E-05,1.33E-05,2.85E-05,1.62E-05,2.33E-05,1.62E-05,3.10E-05,2.83E-05,1.88E-05,22267.07,160002,2.95E-05,3.10E-05
2018-08-21 00:00:00+01:00,Nikkei225,2.03E-05,2.05E-05,8.40E-06,2.80E-05,7.58E-06,2.05E-05,7.58E-06,1.58E-05,2.87E-05,3.49E-05,22110.54,160002,2.03E-05,1.58E-05
2018-08-22 00:00:00+01:00,Nikkei225,2.47E-05,2.66E-05,8.85E-06,2.25E-05,1.08E-05,2.66E-05,1.08E-05,2.52E-05,2.26E-05,3.70E-05,22270.04,160001,2.47E-05,2.52E-05
2018-08-23 00:00:00+01:00,Nikkei225,1.56E-05,1.51E-05,7.29E-06,1.62E-05,8.90E-06,1.51E-05,8.90E-06,1.67E-05,1.59E-05,1.29E-05,22420.67,160003,1.56E-05,1.67E-05
2018-08-24 00:00:00+01:00,Nikkei225,9.24E-06,1.16E-05,3.28E-06,1.41E-05,2.90E-06,1.16E-05,2.90E-06,7.99E-06,1.43E-05,1.38E-05,22484.01,160002,9.24E-06,7.99E-06
2018-08-27 00:00:00+01:00,Nikkei225,1.20E-05,1.24E-05,5.03E-06,1.31E-05,3.83E-06,1.24E-05,3.83E-06,1.19E-05,1.35E-05,1.25E-05,22693.69,160004,1.20E-05,1.19E-05
2018-08-28 00:00:00+01:00,Nikkei225,1.89E-05,2.01E-05,9.08E-06,1.70E-05,1.19E-05,2.01E-05,1.19E-05,1.94E-05,1.68E-05,1.79E-05,22967.74,160002,1.89E-05,1.94E-05
2018-08-29 00:00:00+01:00,Nikkei225,2.63E-05,2.29E-05,5.49E-06,2.24E-05,1.29E-05,2.29E-05,1.29E-05,1.58E-05,2.22E-05,1.65E-05,22820.86,160003,2.63E-05,1.58E-05
2018-08-30 00:00:00+01:00,Nikkei225,2.35E-05,2.29E-05,7.38E-06,2.53E-05,1.72E-05,2.29E-05,1.72E-05,1.82E-05,2.52E-05,3.33E-05,23020.18,160002,2.35E-05,1.82E-05
2018-08-31 00:00:00+01:00,Nikkei225,2.39E-05,1.38E-05,3.10E-06,2.15E-05,8.75E-06,1.38E-05,8.75E-06,2.43E-05,2.14E-05,1.83E-05,22733.25,160002,2.39E-05,2.43E-05
2018-09-03 00:00:00+01:00,Nikkei225,2.20E-05,2.36E-05,6.74E-06,1.92E-05,1.44E-05,2.36E-05,1.44E-05,1.84E-05,1.95E-05,1.63E-05,22819.17,160002,2.20E-05,1.84E-05
2018-09-04 00:00:00+01:00,Nikkei225,3.29E-05,4.69E-05,7.31E-06,2.61E-05,1.84E-05,4.69E-05,1.84E-05,2.57E-05,2.57E-05,4.57E-05,22740.05,160003,3.29E-05,2.57E-05
2018-09-05 00:00:00+01:00,Nikkei225,3.17E-05,2.58E-05,1.07E-05,3.03E-05,1.75E-05,2.58E-05,1.75E-05,2.58E-05,3.05E-05,1.84E-05,22663.8,160002,3.17E-05,2.58E-05
2018-09-06 00:00:00+01:00,Nikkei225,2.64E-05,2.16E-05,9.62E-06,2.13E-05,1.15E-05,2.16E-05,1.15E-05,2.88E-05,2.11E-05,2.36E-05,22458.97,160002,2.64E-05,2.88E-05
2018-09-07 00:00:00+01:00,Nikkei225,3.34E-05,3.07E-05,1.06E-05,3.62E-05,2.04E-05,3.07E-05,2.04E-05,2.26E-05,3.72E-05,3.49E-05,22351.84,160002,3.34E-05,2.26E-05
2018-09-10 00:00:00+01:00,Nikkei225,3.00E-05,2.70E-05,9.04E-06,3.11E-05,9.78E-06,2.70E-05,9.78E-06,3.06E-05,3.11E-05,2.09E-05,22253.65,160002,3.00E-05,3.06E-05
2018-09-11 00:00:00+01:00,Nikkei225,2.17E-05,1.52E-05,8.25E-06,2.00E-05,5.88E-06,1.52E-05,5.88E-06,1.95E-05,2.02E-05,1.89E-05,22469.78,160002,2.17E-05,1.95E-05
2018-09-12 00:00:00+01:00,Nikkei225,2.76E-05,2.75E-05,1.12E-05,3.14E-05,1.65E-05,2.75E-05,1.65E-05,2.94E-05,3.16E-05,2.61E-05,22702.71,160002,2.76E-05,2.94E-05
2018-09-13 00:00:00+01:00,Nikkei225,4.14E-05,6.01E-05,5.56E-06,3.13E-05,9.23E-06,6.01E-05,9.23E-06,3.54E-05,3.07E-05,5.90E-05,22657.95,160001,4.14E-05,3.54E-05
2018-09-14 00:00:00+01:00,Nikkei225,2.19E-05,2.57E-05,6.43E-06,2.38E-05,1.03E-05,2.57E-05,1.03E-05,1.74E-05,2.37E-05,2.09E-05,23035.78,160002,2.19E-05,1.74E-05
2018-09-18 00:00:00+01:00,Nikkei225,4.82E-05,6.17E-05,1.90E-05,4.22E-05,1.00E-05,6.17E-05,1.00E-05,4.52E-05,4.24E-05,7.57E-05,23042.19,160002,4.82E-05,4.52E-05
2018-09-19 00:00:00+01:00,Nikkei225,2.88E-05,3.39E-05,8.48E-06,2.96E-05,1.53E-05,3.39E-05,1.53E-05,2.93E-05,2.97E-05,2.00E-05,23754.96,160002,2.88E-05,2.93E-05
2018-09-20 00:00:00+01:00,Nikkei225,2.92E-05,3.74E-05,1.09E-05,3.75E-05,1.86E-05,3.74E-05,1.86E-05,2.65E-05,3.72E-05,2.72E-05,23752.79,160001,2.92E-05,2.65E-05
2018-09-21 00:00:00+01:00,Nikkei225,3.73E-05,4.17E-05,7.71E-06,3.49E-05,1.51E-05,4.17E-05,1.51E-05,2.02E-05,3.52E-05,2.75E-05,23848.63,160002,3.73E-05,2.02E-05
2018-09-25 00:00:00+01:00,Nikkei225,1.22E-05,1.91E-05,5.88E-06,1.88E-05,5.56E-06,1.91E-05,5.56E-06,1.26E-05,1.93E-05,1.82E-05,23881.85,160002,1.22E-05,1.26E-05
2017-12-04 00:00:00+00:00,NIFTY50,5.23E-05,7.61E-05,1.34E-05,3.52E-05,3.83E-05,7.61E-05,3.83E-05,4.30E-05,3.53E-05,5.64E-05,10173.9,153000,5.23E-05,4.30E-05
2017-12-05 00:00:00+00:00,NIFTY50,2.51E-05,2.22E-05,9.39E-06,3.11E-05,1.59E-05,2.22E-05,1.59E-05,2.38E-05,3.31E-05,2.34E-05,10117.55,153000,2.51E-05,2.38E-05
2017-12-06 00:00:00+00:00,NIFTY50,2.45E-05,3.40E-05,8.76E-06,3.31E-05,1.56E-05,3.40E-05,1.56E-05,2.37E-05,3.43E-05,1.22E-05,10089.7,153000,2.45E-05,2.37E-05
2017-12-07 00:00:00+00:00,NIFTY50,1.86E-05,2.16E-05,9.68E-06,1.83E-05,4.43E-06,2.16E-05,4.43E-06,1.70E-05,1.74E-05,2.17E-05,10068.05,153000,1.86E-05,1.70E-05
2017-12-08 00:00:00+00:00,NIFTY50,1.76E-05,1.49E-05,6.32E-06,1.50E-05,5.80E-06,1.49E-05,5.80E-06,1.13E-05,1.46E-05,1.47E-05,10198.2,153000,1.76E-05,1.13E-05
2017-12-11 00:00:00+00:00,NIFTY50,1.38E-05,1.15E-05,8.73E-06,1.33E-05,4.60E-06,1.15E-05,4.60E-06,1.25E-05,1.26E-05,1.15E-05,10307.3,153000,1.38E-05,1.25E-05
2017-12-12 00:00:00+00:00,NIFTY50,2.03E-05,2.38E-05,8.59E-06,1.77E-05,1.69E-05,2.38E-05,1.69E-05,1.31E-05,1.62E-05,2.15E-05,10323.75,153000,2.03E-05,1.31E-05
2017-12-13 00:00:00+00:00,NIFTY50,5.13E-05,5.78E-05,1.29E-05,4.48E-05,2.90E-05,5.78E-05,2.90E-05,4.44E-05,4.43E-05,6.90E-05,10237.7,153000,5.13E-05,4.44E-05
2017-12-14 00:00:00+00:00,NIFTY50,4.70E-05,4.32E-05,2.87E-05,3.72E-05,2.23E-05,4.32E-05,2.23E-05,4.49E-05,3.48E-05,5.21E-05,10228.95,153000,4.70E-05,4.49E-05
2017-12-15 00:00:00+00:00,NIFTY50,1.85E-05,1.55E-05,9.88E-06,1.79E-05,1.02E-05,1.55E-05,1.02E-05,1.86E-05,1.68E-05,1.40E-05,10348.35,153000,1.85E-05,1.86E-05
2017-12-18 00:00:00+00:00,NIFTY50,0.00026229755,0.0002167334471,2.96E-05,0.0002435050972,0.0001037529086,0.0002167334471,0.0001037529086,0.0002199066226,0.0002340413803,0.000285431192,10212.7,153000,0.00026229755,0.0002199066226
2017-12-19 00:00:00+00:00,NIFTY50,1.12E-05,9.61E-06,4.05E-06,1.33E-05,4.40E-06,9.61E-06,4.40E-06,7.94E-06,1.39E-05,8.93E-06,10414.9,153000,1.12E-05,7.94E-06
2017-12-20 00:00:00+00:00,NIFTY50,2.84E-05,2.99E-05,1.04E-05,2.21E-05,2.22E-05,2.99E-05,2.22E-05,2.01E-05,2.05E-05,3.03E-05,10488.45,153000,2.84E-05,2.01E-05
2017-12-21 00:00:00+00:00,NIFTY50,1.23E-05,1.21E-05,8.21E-06,1.55E-05,7.74E-06,1.21E-05,7.74E-06,1.31E-05,1.53E-05,1.07E-05,10469.2,153000,1.23E-05,1.31E-05
2017-12-22 00:00:00+00:00,NIFTY50,1.06E-05,1.06E-05,4.48E-06,1.11E-05,4.49E-06,1.06E-05,4.49E-06,9.55E-06,1.15E-05,1.07E-05,10458,153000,1.06E-05,9.55E-06
2017-12-26 00:00:00+00:00,NIFTY50,1.85E-05,1.65E-05,4.46E-06,1.13E-05,7.76E-06,1.65E-05,7.76E-06,1.85E-05,1.04E-05,2.14E-05,10513.05,153000,1.85E-05,1.85E-05
2017-12-27 00:00:00+00:00,NIFTY50,2.10E-05,2.76E-05,4.37E-06,1.73E-05,1.67E-05,2.76E-05,1.67E-05,1.76E-05,1.82E-05,2.86E-05,10528.35,153000,2.10E-05,1.76E-05
2017-12-28 00:00:00+00:00,NIFTY50,2.40E-05,2.44E-05,4.13E-06,1.79E-05,1.59E-05,2.44E-05,1.59E-05,1.96E-05,1.62E-05,3.25E-05,10496.35,153000,2.40E-05,1.96E-05
2017-12-29 00:00:00+00:00,NIFTY50,1.09E-05,9.84E-06,4.88E-06,1.11E-05,4.58E-06,9.84E-06,4.58E-06,9.44E-06,1.12E-05,8.68E-06,10494.8,153000,1.09E-05,9.44E-06
2018-01-01 00:00:00+00:00,NIFTY50,2.76E-05,4.24E-05,4.24E-06,1.49E-05,2.41E-05,4.24E-05,2.41E-05,3.17E-05,1.39E-05,5.22E-05,10532.9,153000,2.76E-05,3.17E-05
2018-01-02 00:00:00+00:00,NIFTY50,3.98E-05,2.50E-05,1.99E-05,3.40E-05,2.39E-05,2.50E-05,2.39E-05,4.45E-05,3.23E-05,2.97E-05,10475.8,153000,3.98E-05,4.45E-05
2018-01-03 00:00:00+00:00,NIFTY50,1.46E-05,1.66E-05,5.05E-06,1.78E-05,8.00E-06,1.66E-05,8.00E-06,1.14E-05,1.70E-05,1.81E-05,10481.7,153000,1.46E-05,1.14E-05
2018-01-04 00:00:00+00:00,NIFTY50,1.68E-05,1.46E-05,6.39E-06,1.50E-05,6.72E-06,1.46E-05,6.72E-06,1.57E-05,1.41E-05,1.02E-05,10465.9,153000,1.68E-05,1.57E-05
2018-01-05 00:00:00+00:00,NIFTY50,7.60E-06,7.46E-06,3.83E-06,9.57E-06,3.50E-06,7.46E-06,3.50E-06,7.95E-06,9.58E-06,7.20E-06,10530.65,153000,7.60E-06,7.95E-06
2018-01-08 00:00:00+00:00,NIFTY50,8.58E-06,9.91E-06,5.68E-06,9.38E-06,3.06E-06,9.91E-06,3.06E-06,7.43E-06,9.36E-06,8.68E-06,10592.65,153000,8.58E-06,7.43E-06
2018-01-09 00:00:00+00:00,NIFTY50,1.55E-05,1.78E-05,5.88E-06,1.53E-05,9.48E-06,1.78E-05,9.48E-06,1.64E-05,1.56E-05,1.19E-05,10645.4,153000,1.55E-05,1.64E-05
2018-01-10 00:00:00+00:00,NIFTY50,1.42E-05,1.20E-05,6.20E-06,1.53E-05,9.98E-06,1.20E-05,9.98E-06,1.31E-05,1.44E-05,1.36E-05,10651.9,153000,1.42E-05,1.31E-05
2018-01-11 00:00:00+00:00,NIFTY50,1.55E-05,1.22E-05,7.13E-06,1.21E-05,7.10E-06,1.22E-05,7.10E-06,1.55E-05,1.12E-05,1.27E-05,10639.3,153000,1.55E-05,1.55E-05
2018-01-12 00:00:00+00:00,NIFTY50,2.86E-05,3.11E-05,8.60E-06,2.50E-05,1.85E-05,3.11E-05,1.85E-05,2.60E-05,2.55E-05,3.32E-05,10685.45,153000,2.86E-05,2.60E-05
2018-01-15 00:00:00+00:00,NIFTY50,1.15E-05,1.27E-05,6.89E-06,1.38E-05,4.62E-06,1.27E-05,4.62E-06,1.21E-05,1.30E-05,1.13E-05,10719.65,153000,1.15E-05,1.21E-05
2018-01-16 00:00:00+00:00,NIFTY50,2.67E-05,3.29E-05,1.51E-05,2.57E-05,1.83E-05,3.29E-05,1.83E-05,2.46E-05,2.55E-05,2.79E-05,10759.9,153000,2.67E-05,2.46E-05
2018-01-17 00:00:00+00:00,NIFTY50,3.24E-05,4.38E-05,1.04E-05,2.62E-05,1.25E-05,4.38E-05,1.25E-05,3.58E-05,2.54E-05,2.76E-05,10707.95,153000,3.24E-05,3.58E-05
2018-01-18 00:00:00+00:00,NIFTY50,3.20E-05,3.99E-05,2.14E-05,3.45E-05,2.09E-05,3.99E-05,2.09E-05,3.04E-05,3.45E-05,3.19E-05,10877.75,153000,3.20E-05,3.04E-05
2018-01-19 00:00:00+00:00,NIFTY50,3.37E-05,3.05E-05,1.17E-05,3.29E-05,1.36E-05,3.05E-05,1.36E-05,3.03E-05,3.19E-05,2.94E-05,10833.8,153000,3.37E-05,3.03E-05
2018-01-22 00:00:00+00:00,NIFTY50,1.81E-05,1.88E-05,1.03E-05,2.72E-05,7.47E-06,1.88E-05,7.47E-06,1.89E-05,2.75E-05,1.90E-05,10902.35,153000,1.81E-05,1.89E-05
2018-01-23 00:00:00+00:00,NIFTY50,2.45E-05,2.38E-05,1.73E-05,2.51E-05,8.38E-06,2.38E-05,8.38E-06,2.38E-05,2.62E-05,2.14E-05,10999.5,153000,2.45E-05,2.38E-05
2018-01-24 00:00:00+00:00,NIFTY50,3.45E-05,3.82E-05,1.78E-05,3.68E-05,1.64E-05,3.82E-05,1.64E-05,3.04E-05,3.75E-05,3.80E-05,11067.05,153000,3.45E-05,3.04E-05
2018-01-25 00:00:00+00:00,NIFTY50,2.99E-05,3.29E-05,1.47E-05,3.47E-05,1.27E-05,3.29E-05,1.27E-05,3.09E-05,3.59E-05,3.00E-05,11085.5,153000,2.99E-05,3.09E-05
2018-01-29 00:00:00+00:00,NIFTY50,3.60E-05,2.78E-05,6.47E-06,3.01E-05,8.48E-06,2.78E-05,8.48E-06,2.46E-05,2.94E-05,2.81E-05,11079.85,153000,3.60E-05,2.46E-05
2018-01-30 00:00:00+00:00,NIFTY50,2.58E-05,2.97E-05,7.16E-06,2.66E-05,1.88E-05,2.97E-05,1.88E-05,1.97E-05,2.71E-05,2.13E-05,11118.35,153000,2.58E-05,1.97E-05
2018-01-31 00:00:00+00:00,NIFTY50,2.76E-05,3.25E-05,1.78E-05,3.47E-05,1.14E-05,3.25E-05,1.14E-05,2.63E-05,3.51E-05,2.61E-05,11018.2,153000,2.76E-05,2.63E-05
2018-02-01 00:00:00+00:00,NIFTY50,0.0001507822198,0.0001571200771,3.85E-05,0.0002311005237,0.0001044826243,0.0001571200771,0.0001044826243,9.90E-05,0.000241649239,0.0001742710839,11046.7,153000,0.0001507822198,9.90E-05
2018-02-02 00:00:00+00:00,NIFTY50,7.96E-05,6.97E-05,4.09E-05,7.87E-05,5.49E-05,6.97E-05,5.49E-05,8.68E-05,8.05E-05,7.87E-05,10927.25,153000,7.96E-05,8.68E-05
2018-02-05 00:00:00+00:00,NIFTY50,7.73E-05,5.61E-05,4.34E-05,6.84E-05,3.06E-05,5.61E-05,3.06E-05,6.99E-05,6.90E-05,5.42E-05,10600.15,153000,7.73E-05,6.99E-05
2018-02-06 00:00:00+00:00,NIFTY50,0.0002075230909,0.0002845558889,5.56E-05,0.000177773397,6.19E-05,0.0002845558889,6.19E-05,0.0001768538945,0.0001897451231,0.0002433982963,10290.45,153000,0.0002075230909,0.0001768538945
2018-02-07 00:00:00+00:00,NIFTY50,6.48E-05,7.12E-05,5.06E-05,7.85E-05,4.56E-05,7.12E-05,4.56E-05,6.53E-05,8.58E-05,6.19E-05,10612.15,153000,6.48E-05,6.53E-05
2018-02-08 00:00:00+00:00,NIFTY50,6.53E-05,8.83E-05,3.08E-05,6.27E-05,2.64E-05,8.83E-05,2.64E-05,6.99E-05,6.16E-05,7.29E-05,10515.35,153000,6.53E-05,6.99E-05
2018-02-09 00:00:00+00:00,NIFTY50,4.30E-05,4.71E-05,2.58E-05,5.19E-05,1.85E-05,4.71E-05,1.85E-05,4.35E-05,5.11E-05,3.94E-05,10407.85,153000,4.30E-05,4.35E-05
2018-02-12 00:00:00+00:00,NIFTY50,2.29E-05,3.01E-05,9.56E-06,2.67E-05,1.19E-05,3.01E-05,1.19E-05,2.40E-05,2.79E-05,2.47E-05,10516.5,153000,2.29E-05,2.40E-05
2018-02-14 00:00:00+00:00,NIFTY50,4.37E-05,3.66E-05,2.06E-05,2.39E-05,3.37E-05,3.66E-05,3.37E-05,4.11E-05,2.17E-05,5.37E-05,10588.8,153000,4.37E-05,4.11E-05
2018-02-15 00:00:00+00:00,NIFTY50,3.73E-05,3.26E-05,1.43E-05,4.54E-05,2.00E-05,3.26E-05,2.00E-05,3.38E-05,4.28E-05,4.80E-05,10533,153000,3.73E-05,3.38E-05
2018-02-16 00:00:00+00:00,NIFTY50,4.51E-05,4.21E-05,2.41E-05,5.43E-05,3.26E-05,4.21E-05,3.26E-05,3.84E-05,5.52E-05,4.66E-05,10595.35,153000,4.51E-05,3.84E-05
2018-02-19 00:00:00+00:00,NIFTY50,0.0001090650909,8.24E-05,4.44E-05,7.83E-05,7.34E-05,8.24E-05,7.34E-05,9.63E-05,7.71E-05,0.0001006168958,10488.2,153000,0.0001090650909,9.63E-05
2018-02-20 00:00:00+00:00,NIFTY50,5.27E-05,5.57E-05,3.06E-05,4.80E-05,2.97E-05,5.57E-05,2.97E-05,6.10E-05,4.74E-05,5.09E-05,10396.55,153000,5.27E-05,6.10E-05
2018-02-21 00:00:00+00:00,NIFTY50,3.05E-05,2.25E-05,1.81E-05,2.88E-05,1.65E-05,2.25E-05,1.65E-05,2.83E-05,2.81E-05,2.78E-05,10417.45,153001,3.05E-05,2.83E-05
2018-02-22 00:00:00+00:00,NIFTY50,2.34E-05,3.19E-05,8.43E-06,2.46E-05,9.54E-06,3.19E-05,9.54E-06,2.12E-05,2.42E-05,2.25E-05,10352.95,153000,2.34E-05,2.12E-05
2018-02-23 00:00:00+00:00,NIFTY50,2.21E-05,2.37E-05,1.04E-05,2.18E-05,5.69E-06,2.37E-05,5.69E-06,1.86E-05,2.13E-05,2.00E-05,10405,153000,2.21E-05,1.86E-05
2018-02-26 00:00:00+00:00,NIFTY50,1.32E-05,9.00E-06,6.94E-06,1.59E-05,5.11E-06,9.00E-06,5.11E-06,1.16E-05,1.61E-05,1.02E-05,10525.75,153000,1.32E-05,1.16E-05
2018-02-27 00:00:00+00:00,NIFTY50,2.72E-05,2.92E-05,1.41E-05,2.53E-05,1.82E-05,2.92E-05,1.82E-05,3.13E-05,2.42E-05,2.84E-05,10613.35,153000,2.72E-05,3.13E-05
2018-02-28 00:00:00+00:00,NIFTY50,3.17E-05,3.86E-05,1.53E-05,2.36E-05,1.87E-05,3.86E-05,1.87E-05,2.57E-05,2.25E-05,3.27E-05,10488.05,153000,3.17E-05,2.57E-05
2018-03-01 00:00:00+00:00,NIFTY50,2.71E-05,3.27E-05,8.14E-06,2.60E-05,1.45E-05,3.27E-05,1.45E-05,2.09E-05,2.48E-05,2.85E-05,10479.8,153000,2.71E-05,2.09E-05
2018-03-05 00:00:00+00:00,NIFTY50,3.45E-05,4.29E-05,1.01E-05,3.02E-05,2.43E-05,4.29E-05,2.43E-05,2.99E-05,2.91E-05,3.21E-05,10424.2,153000,3.45E-05,2.99E-05
2018-03-06 00:00:00+00:00,NIFTY50,4.85E-05,7.00E-05,1.85E-05,3.97E-05,4.25E-05,7.00E-05,4.25E-05,4.06E-05,3.64E-05,8.06E-05,10420.25,153000,4.85E-05,4.06E-05
2018-03-07 00:00:00+00:00,NIFTY50,4.07E-05,3.51E-05,2.82E-05,5.28E-05,2.78E-05,3.51E-05,2.78E-05,3.47E-05,5.04E-05,4.16E-05,10230.15,153000,4.07E-05,3.47E-05
2018-03-08 00:00:00+00:00,NIFTY50,6.03E-05,5.64E-05,4.64E-05,5.33E-05,2.92E-05,5.64E-05,2.92E-05,7.28E-05,4.90E-05,5.51E-05,10215.05,153000,6.03E-05,7.28E-05
2018-03-09 00:00:00+00:00,NIFTY50,3.94E-05,4.17E-05,2.12E-05,3.80E-05,2.29E-05,4.17E-05,2.29E-05,4.08E-05,3.55E-05,3.76E-05,10274.75,153000,3.94E-05,4.08E-05
2018-03-12 00:00:00+00:00,NIFTY50,2.65E-05,2.52E-05,1.66E-05,2.82E-05,7.44E-06,2.52E-05,7.44E-06,2.73E-05,2.77E-05,2.50E-05,10299.3,153000,2.65E-05,2.73E-05
2018-03-13 00:00:00+00:00,NIFTY50,7.92E-05,8.49E-05,2.39E-05,5.78E-05,4.08E-05,8.49E-05,4.08E-05,7.15E-05,5.58E-05,8.77E-05,10390,153000,7.92E-05,7.15E-05
2018-03-14 00:00:00+00:00,NIFTY50,2.62E-05,2.67E-05,1.26E-05,3.36E-05,1.22E-05,2.67E-05,1.22E-05,2.76E-05,3.47E-05,2.10E-05,10389.15,153000,2.62E-05,2.76E-05
2018-03-15 00:00:00+00:00,NIFTY50,1.79E-05,1.89E-05,1.51E-05,2.82E-05,9.79E-06,1.89E-05,9.79E-06,1.80E-05,2.84E-05,2.23E-05,10404.45,153000,1.79E-05,1.80E-05
2018-03-16 00:00:00+00:00,NIFTY50,4.53E-05,3.21E-05,1.84E-05,3.59E-05,3.43E-05,3.21E-05,3.43E-05,3.58E-05,3.43E-05,3.94E-05,10343.9,153000,4.53E-05,3.58E-05
2018-03-19 00:00:00+00:00,NIFTY50,5.01E-05,5.04E-05,1.91E-05,4.11E-05,3.81E-05,5.04E-05,3.81E-05,4.12E-05,3.93E-05,5.65E-05,10217.3,153000,5.01E-05,4.12E-05
2018-03-20 00:00:00+00:00,NIFTY50,5.93E-05,5.74E-05,3.27E-05,4.34E-05,2.25E-05,5.74E-05,2.25E-05,6.51E-05,4.08E-05,4.38E-05,10055.5,153001,5.93E-05,6.51E-05
2018-03-21 00:00:00+00:00,NIFTY50,2.60E-05,2.57E-05,1.91E-05,2.37E-05,1.27E-05,2.57E-05,1.27E-05,2.62E-05,2.34E-05,2.56E-05,10179.1,153000,2.60E-05,2.62E-05
2018-03-22 00:00:00+00:00,NIFTY50,3.82E-05,2.82E-05,2.44E-05,3.26E-05,2.14E-05,2.82E-05,2.14E-05,4.33E-05,3.05E-05,3.65E-05,10170.1,153000,3.82E-05,4.33E-05
2018-03-23 00:00:00+00:00,NIFTY50,6.86E-05,5.71E-05,4.14E-05,4.42E-05,2.51E-05,5.71E-05,2.51E-05,6.79E-05,4.32E-05,4.59E-05,9965.4,153001,6.86E-05,6.79E-05
2018-03-26 00:00:00+01:00,NIFTY50,4.95E-05,3.52E-05,2.30E-05,3.79E-05,1.70E-05,3.52E-05,1.70E-05,5.60E-05,3.84E-05,4.62E-05,9990.5,163000,4.95E-05,5.60E-05
2018-03-27 00:00:00+01:00,NIFTY50,4.02E-05,3.77E-05,1.61E-05,3.91E-05,2.33E-05,3.77E-05,2.33E-05,3.26E-05,3.87E-05,3.46E-05,10190.95,163000,4.02E-05,3.26E-05
2018-03-28 00:00:00+01:00,NIFTY50,3.59E-05,3.78E-05,1.86E-05,2.57E-05,2.17E-05,3.78E-05,2.17E-05,3.97E-05,2.38E-05,2.78E-05,10143.8,163000,3.59E-05,3.97E-05
2018-04-02 00:00:00+01:00,NIFTY50,2.47E-05,2.54E-05,1.49E-05,2.36E-05,1.07E-05,2.54E-05,1.07E-05,2.61E-05,2.19E-05,2.52E-05,10149.3,163000,2.47E-05,2.61E-05
2018-04-03 00:00:00+01:00,NIFTY50,3.49E-05,3.00E-05,2.08E-05,2.70E-05,1.12E-05,3.00E-05,1.12E-05,2.43E-05,2.41E-05,3.10E-05,10185.55,163000,3.49E-05,2.43E-05
2018-04-04 00:00:00+01:00,NIFTY50,4.45E-05,4.70E-05,1.62E-05,4.96E-05,3.52E-05,4.70E-05,3.52E-05,4.18E-05,4.96E-05,5.59E-05,10270.1,163000,4.45E-05,4.18E-05
2018-04-05 00:00:00+01:00,NIFTY50,1.64E-05,1.73E-05,9.64E-06,2.30E-05,3.96E-06,1.73E-05,3.96E-06,1.41E-05,2.12E-05,2.20E-05,10230.55,163001,1.64E-05,1.41E-05
2018-04-06 00:00:00+01:00,NIFTY50,2.65E-05,2.61E-05,1.38E-05,2.18E-05,1.34E-05,2.61E-05,1.34E-05,2.24E-05,1.91E-05,2.15E-05,10319.1,163001,2.65E-05,2.24E-05
2018-04-09 00:00:00+01:00,NIFTY50,2.46E-05,3.32E-05,1.04E-05,1.76E-05,8.52E-06,3.32E-05,8.52E-06,2.35E-05,1.61E-05,3.09E-05,10332.35,163001,2.46E-05,2.35E-05
2018-04-10 00:00:00+01:00,NIFTY50,1.42E-05,1.38E-05,6.14E-06,1.18E-05,8.09E-06,1.38E-05,8.09E-06,1.17E-05,1.05E-05,1.13E-05,10412.1,163001,1.42E-05,1.17E-05
2018-04-11 00:00:00+01:00,NIFTY50,3.04E-05,2.27E-05,1.40E-05,1.76E-05,2.04E-05,2.27E-05,2.04E-05,2.48E-05,1.58E-05,2.38E-05,10426.5,163000,3.04E-05,2.48E-05
2018-04-12 00:00:00+01:00,NIFTY50,1.67E-05,1.44E-05,5.88E-06,1.65E-05,6.97E-06,1.44E-05,6.97E-06,1.63E-05,1.52E-05,1.45E-05,10408.5,163000,1.67E-05,1.63E-05
2018-04-13 00:00:00+01:00,NIFTY50,2.75E-05,2.31E-05,8.04E-06,1.94E-05,1.83E-05,2.31E-05,1.83E-05,2.38E-05,1.73E-05,1.96E-05,10491.25,163001,2.75E-05,2.38E-05
2018-04-16 00:00:00+01:00,NIFTY50,3.56E-05,4.16E-05,1.17E-05,1.93E-05,5.19E-06,4.16E-05,5.19E-06,2.91E-05,1.71E-05,4.00E-05,10400.3,163000,3.56E-05,2.91E-05
2018-04-17 00:00:00+01:00,NIFTY50,1.82E-05,1.70E-05,1.32E-05,1.46E-05,9.52E-06,1.70E-05,9.52E-06,1.71E-05,1.34E-05,1.73E-05,10551.65,163000,1.82E-05,1.71E-05
2018-04-18 00:00:00+01:00,NIFTY50,2.32E-05,2.98E-05,1.17E-05,1.71E-05,1.45E-05,2.98E-05,1.45E-05,2.01E-05,1.49E-05,2.50E-05,10578.45,163000,2.32E-05,2.01E-05
2018-04-19 00:00:00+01:00,NIFTY50,9.20E-06,6.84E-06,6.21E-06,1.17E-05,4.61E-06,6.84E-06,4.61E-06,8.67E-06,1.12E-05,5.74E-06,10565.3,163000,9.20E-06,8.67E-06
2018-04-20 00:00:00+01:00,NIFTY50,1.42E-05,1.45E-05,1.10E-05,1.64E-05,6.70E-06,1.45E-05,6.70E-06,1.43E-05,1.57E-05,1.50E-05,10560.65,163000,1.42E-05,1.43E-05
2018-04-23 00:00:00+01:00,NIFTY50,3.05E-05,3.38E-05,1.44E-05,2.67E-05,1.78E-05,3.38E-05,1.78E-05,2.68E-05,2.56E-05,3.27E-05,10585.95,163000,3.05E-05,2.68E-05
2018-04-24 00:00:00+01:00,NIFTY50,2.13E-05,2.46E-05,7.16E-06,2.07E-05,8.61E-06,2.46E-05,8.61E-06,1.62E-05,1.88E-05,2.14E-05,10575.6,163001,2.13E-05,1.62E-05
2018-04-25 00:00:00+01:00,NIFTY50,2.16E-05,1.72E-05,7.45E-06,2.28E-05,1.25E-05,1.72E-05,1.25E-05,2.10E-05,2.15E-05,2.40E-05,10606.1,163001,2.16E-05,2.10E-05
2018-04-26 00:00:00+01:00,NIFTY50,2.20E-05,1.81E-05,8.95E-06,1.74E-05,6.62E-06,1.81E-05,6.62E-06,1.95E-05,1.64E-05,2.04E-05,10582.4,163000,2.20E-05,1.95E-05
2018-04-27 00:00:00+01:00,NIFTY50,1.88E-05,2.42E-05,8.95E-06,2.36E-05,7.77E-06,2.42E-05,7.77E-06,1.76E-05,2.24E-05,1.79E-05,10654.5,163000,1.88E-05,1.76E-05
2018-04-30 00:00:00+01:00,NIFTY50,2.21E-05,2.02E-05,5.69E-06,1.71E-05,5.51E-06,2.02E-05,5.51E-06,1.21E-05,1.57E-05,2.09E-05,10707.4,163000,2.21E-05,1.21E-05
2018-05-02 00:00:00+01:00,NIFTY50,3.26E-05,3.09E-05,1.33E-05,1.95E-05,2.09E-05,3.09E-05,2.09E-05,3.16E-05,1.78E-05,3.23E-05,10780.8,163001,3.26E-05,3.16E-05
2018-05-03 00:00:00+01:00,NIFTY50,2.75E-05,2.48E-05,1.29E-05,2.16E-05,1.84E-05,2.48E-05,1.84E-05,2.32E-05,1.94E-05,2.30E-05,10718.15,163000,2.75E-05,2.32E-05
2018-05-04 00:00:00+01:00,NIFTY50,2.65E-05,2.73E-05,9.35E-06,2.48E-05,2.15E-05,2.73E-05,2.15E-05,1.49E-05,2.28E-05,2.37E-05,10695.25,163000,2.65E-05,1.49E-05
2018-05-07 00:00:00+01:00,NIFTY50,9.13E-06,1.08E-05,5.47E-06,1.19E-05,2.58E-06,1.08E-05,2.58E-06,9.69E-06,1.14E-05,8.08E-06,10655.55,163000,9.13E-06,9.69E-06
2018-05-08 00:00:00+01:00,NIFTY50,1.98E-05,1.44E-05,7.62E-06,2.05E-05,1.32E-05,1.44E-05,1.32E-05,1.57E-05,1.86E-05,1.54E-05,10754.4,163000,1.98E-05,1.57E-05
2018-05-09 00:00:00+01:00,NIFTY50,1.47E-05,1.41E-05,8.47E-06,1.15E-05,4.57E-06,1.41E-05,4.57E-06,1.37E-05,1.10E-05,1.23E-05,10695.15,163001,1.47E-05,1.37E-05
2018-05-10 00:00:00+01:00,NIFTY50,2.03E-05,1.96E-05,1.42E-05,1.47E-05,1.26E-05,1.96E-05,1.26E-05,2.12E-05,1.33E-05,1.90E-05,10781.2,163000,2.03E-05,2.12E-05
2018-05-11 00:00:00+01:00,NIFTY50,1.50E-05,1.49E-05,3.27E-06,1.80E-05,7.11E-06,1.49E-05,7.11E-06,1.09E-05,1.77E-05,1.34E-05,10744.3,163000,1.50E-05,1.09E-05
2018-05-14 00:00:00+01:00,NIFTY50,1.56E-05,1.05E-05,1.04E-05,1.65E-05,7.38E-06,1.05E-05,7.38E-06,1.62E-05,1.58E-05,1.28E-05,10815.75,163000,1.56E-05,1.62E-05
2018-05-15 00:00:00+01:00,NIFTY50,8.06E-05,6.50E-05,2.81E-05,4.69E-05,2.84E-05,6.50E-05,2.84E-05,6.47E-05,4.53E-05,7.08E-05,10805.3,163000,8.06E-05,6.47E-05
2018-05-16 00:00:00+01:00,NIFTY50,3.31E-05,2.79E-05,2.41E-05,2.97E-05,1.87E-05,2.79E-05,1.87E-05,3.59E-05,2.84E-05,3.05E-05,10750.95,163000,3.31E-05,3.59E-05
2018-05-17 00:00:00+01:00,NIFTY50,3.14E-05,2.70E-05,1.58E-05,2.31E-05,2.37E-05,2.70E-05,2.37E-05,3.02E-05,2.20E-05,3.25E-05,10774.9,163000,3.14E-05,3.02E-05
2018-05-18 00:00:00+01:00,NIFTY50,2.15E-05,2.52E-05,1.27E-05,2.16E-05,1.37E-05,2.52E-05,1.37E-05,2.03E-05,2.04E-05,2.08E-05,10672,163000,2.15E-05,2.03E-05
2018-05-21 00:00:00+01:00,NIFTY50,3.79E-05,3.49E-05,1.25E-05,3.41E-05,2.55E-05,3.49E-05,2.55E-05,3.16E-05,3.04E-05,2.82E-05,10617.7,163000,3.79E-05,3.16E-05
2018-05-22 00:00:00+01:00,NIFTY50,3.00E-05,3.37E-05,1.80E-05,2.91E-05,1.33E-05,3.37E-05,1.33E-05,3.41E-05,2.75E-05,3.53E-05,10522.8,163000,3.00E-05,3.41E-05
2018-05-23 00:00:00+01:00,NIFTY50,2.29E-05,2.01E-05,1.62E-05,2.08E-05,1.40E-05,2.01E-05,1.40E-05,2.36E-05,2.00E-05,2.58E-05,10517.95,163000,2.29E-05,2.36E-05
2018-05-24 00:00:00+01:00,NIFTY50,3.43E-05,3.39E-05,2.07E-05,2.79E-05,1.68E-05,3.39E-05,1.68E-05,3.25E-05,2.58E-05,4.06E-05,10465.15,163001,3.43E-05,3.25E-05
2018-05-25 00:00:00+01:00,NIFTY50,2.37E-05,2.36E-05,1.00E-05,2.43E-05,9.64E-06,2.36E-05,9.64E-06,2.58E-05,2.28E-05,2.40E-05,10531.45,163000,2.37E-05,2.58E-05
2018-05-28 00:00:00+01:00,NIFTY50,1.20E-05,1.09E-05,6.54E-06,1.51E-05,4.83E-06,1.09E-05,4.83E-06,1.14E-05,1.41E-05,1.04E-05,10646.05,163000,1.20E-05,1.14E-05
2018-05-29 00:00:00+01:00,NIFTY50,2.56E-05,2.55E-05,1.86E-05,2.61E-05,1.66E-05,2.55E-05,1.66E-05,2.44E-05,2.52E-05,2.75E-05,10689.25,163000,2.56E-05,2.44E-05
2018-05-30 00:00:00+01:00,NIFTY50,2.80E-05,3.27E-05,1.74E-05,3.07E-05,1.22E-05,3.27E-05,1.22E-05,2.87E-05,2.88E-05,3.21E-05,10575.35,163000,2.80E-05,2.87E-05
2018-05-31 00:00:00+01:00,NIFTY50,3.41E-05,3.08E-05,9.60E-06,2.64E-05,1.16E-05,3.08E-05,1.16E-05,2.60E-05,2.35E-05,4.35E-05,10670.9,163000,3.41E-05,2.60E-05
2018-06-01 00:00:00+01:00,NIFTY50,3.17E-05,3.92E-05,2.23E-05,3.13E-05,1.84E-05,3.92E-05,1.84E-05,3.14E-05,2.94E-05,2.86E-05,10735.2,163000,3.17E-05,3.14E-05
2018-06-04 00:00:00+01:00,NIFTY50,5.61E-05,5.58E-05,2.50E-05,5.06E-05,4.61E-05,5.58E-05,4.61E-05,4.19E-05,5.04E-05,6.33E-05,10769.05,163000,5.61E-05,4.19E-05
2018-06-05 00:00:00+01:00,NIFTY50,3.91E-05,2.72E-05,3.09E-05,3.51E-05,2.03E-05,2.72E-05,2.03E-05,4.12E-05,3.27E-05,3.38E-05,10631.6,163000,3.91E-05,4.12E-05
2018-06-06 00:00:00+01:00,NIFTY50,2.90E-05,2.57E-05,9.61E-06,3.56E-05,1.14E-05,2.57E-05,1.14E-05,2.98E-05,3.55E-05,3.15E-05,10604.8,163000,2.90E-05,2.98E-05
2018-06-07 00:00:00+01:00,NIFTY50,2.01E-05,2.44E-05,1.00E-05,1.70E-05,7.04E-06,2.44E-05,7.04E-06,1.43E-05,1.62E-05,2.40E-05,10726.05,163000,2.01E-05,1.43E-05
2018-06-08 00:00:00+01:00,NIFTY50,1.93E-05,2.02E-05,1.55E-05,1.88E-05,8.42E-06,2.02E-05,8.42E-06,2.06E-05,1.67E-05,1.35E-05,10735.5,163001,1.93E-05,2.06E-05
2018-06-11 00:00:00+01:00,NIFTY50,2.02E-05,2.41E-05,7.98E-06,1.45E-05,8.80E-06,2.41E-05,8.80E-06,1.41E-05,1.32E-05,2.44E-05,10782.05,163000,2.02E-05,1.41E-05
2018-06-12 00:00:00+01:00,NIFTY50,1.32E-05,1.44E-05,7.74E-06,1.29E-05,6.01E-06,1.44E-05,6.01E-06,1.32E-05,1.14E-05,1.88E-05,10811.8,163000,1.32E-05,1.32E-05
2018-06-13 00:00:00+01:00,NIFTY50,1.35E-05,1.15E-05,8.58E-06,1.42E-05,9.05E-06,1.15E-05,9.05E-06,1.20E-05,1.28E-05,1.30E-05,10880.95,163001,1.35E-05,1.20E-05
2018-06-14 00:00:00+01:00,NIFTY50,1.07E-05,1.07E-05,8.13E-06,1.17E-05,6.32E-06,1.07E-05,6.32E-06,9.71E-06,1.06E-05,1.03E-05,10828.15,163000,1.07E-05,9.71E-06
2018-06-15 00:00:00+01:00,NIFTY50,2.38E-05,2.35E-05,1.43E-05,2.13E-05,1.09E-05,2.35E-05,1.09E-05,2.69E-05,1.92E-05,2.76E-05,10809.5,163001,2.38E-05,2.69E-05
2018-06-18 00:00:00+01:00,NIFTY50,1.90E-05,1.24E-05,8.94E-06,1.65E-05,1.16E-05,1.24E-05,1.16E-05,1.78E-05,1.58E-05,1.58E-05,10826.35,163001,1.90E-05,1.78E-05
2018-06-19 00:00:00+01:00,NIFTY50,2.24E-05,2.05E-05,1.26E-05,1.78E-05,1.56E-05,2.05E-05,1.56E-05,1.62E-05,1.67E-05,1.64E-05,10779.95,163000,2.24E-05,1.62E-05
2018-06-20 00:00:00+01:00,NIFTY50,1.45E-05,1.04E-05,6.72E-06,1.13E-05,5.01E-06,1.04E-05,5.01E-06,1.30E-05,1.05E-05,1.01E-05,10737.85,163000,1.45E-05,1.30E-05
2018-06-21 00:00:00+01:00,NIFTY50,1.85E-05,1.56E-05,1.27E-05,1.68E-05,1.25E-05,1.56E-05,1.25E-05,2.00E-05,1.58E-05,2.02E-05,10802.85,163000,1.85E-05,2.00E-05
2018-06-22 00:00:00+01:00,NIFTY50,1.91E-05,2.16E-05,7.15E-06,1.89E-05,6.11E-06,2.16E-05,6.11E-06,1.55E-05,1.70E-05,2.58E-05,10741.9,163000,1.91E-05,1.55E-05
2018-06-25 00:00:00+01:00,NIFTY50,1.80E-05,1.89E-05,1.05E-05,2.13E-05,1.20E-05,1.89E-05,1.20E-05,1.53E-05,2.14E-05,1.73E-05,10818.9,163000,1.80E-05,1.53E-05
2018-06-26 00:00:00+01:00,NIFTY50,2.27E-05,2.41E-05,9.37E-06,1.80E-05,1.24E-05,2.41E-05,1.24E-05,2.22E-05,1.71E-05,2.77E-05,10740.05,163003,2.27E-05,2.22E-05
2018-06-27 00:00:00+01:00,NIFTY50,3.47E-05,3.59E-05,1.03E-05,2.84E-05,2.44E-05,3.59E-05,2.44E-05,2.65E-05,2.76E-05,3.88E-05,10780.55,163000,3.47E-05,2.65E-05
2018-06-28 00:00:00+01:00,NIFTY50,3.91E-05,3.94E-05,3.02E-05,3.37E-05,2.58E-05,3.94E-05,2.58E-05,3.89E-05,3.30E-05,2.95E-05,10662.2,163000,3.91E-05,3.89E-05
2018-06-29 00:00:00+01:00,NIFTY50,2.24E-05,2.11E-05,8.72E-06,2.05E-05,6.65E-06,2.11E-05,6.65E-06,2.01E-05,1.95E-05,2.12E-05,10616.7,163000,2.24E-05,2.01E-05
2018-07-02 00:00:00+01:00,NIFTY50,4.23E-05,4.57E-05,1.26E-05,2.62E-05,3.28E-05,4.57E-05,3.28E-05,3.49E-05,2.55E-05,4.42E-05,10735.65,163000,4.23E-05,3.49E-05
2018-07-03 00:00:00+01:00,NIFTY50,2.62E-05,2.83E-05,1.80E-05,2.51E-05,1.23E-05,2.83E-05,1.23E-05,2.46E-05,2.29E-05,2.61E-05,10662.05,163000,2.62E-05,2.46E-05
2018-07-04 00:00:00+01:00,NIFTY50,1.38E-05,1.54E-05,7.75E-06,1.55E-05,5.48E-06,1.54E-05,5.48E-06,1.25E-05,1.54E-05,1.81E-05,10713.65,163001,1.38E-05,1.25E-05
2018-07-05 00:00:00+01:00,NIFTY50,2.15E-05,2.15E-05,9.39E-06,2.45E-05,1.25E-05,2.15E-05,1.25E-05,2.15E-05,2.36E-05,1.83E-05,10782.25,163001,2.15E-05,2.15E-05
2018-07-06 00:00:00+01:00,NIFTY50,1.64E-05,1.54E-05,1.16E-05,1.74E-05,7.67E-06,1.54E-05,7.67E-06,1.78E-05,1.62E-05,2.21E-05,10742.9,163001,1.64E-05,1.78E-05
2018-07-09 00:00:00+01:00,NIFTY50,1.33E-05,6.88E-06,4.72E-06,1.04E-05,6.22E-06,6.88E-06,6.22E-06,1.43E-05,1.05E-05,5.45E-06,10836.9,163053,1.33E-05,1.43E-05
2018-07-10 00:00:00+01:00,NIFTY50,1.33E-05,1.17E-05,4.38E-06,1.17E-05,5.12E-06,1.17E-05,5.12E-06,1.25E-05,1.05E-05,1.07E-05,10897.6,162959,1.33E-05,1.25E-05
2018-07-11 00:00:00+01:00,NIFTY50,2.40E-05,1.87E-05,1.68E-05,1.99E-05,1.34E-05,1.87E-05,1.34E-05,2.23E-05,1.92E-05,1.99E-05,10952.35,163000,2.40E-05,2.23E-05
2018-07-12 00:00:00+01:00,NIFTY50,2.37E-05,1.70E-05,2.02E-05,2.22E-05,1.30E-05,1.70E-05,1.30E-05,2.26E-05,2.11E-05,1.77E-05,11006.2,163000,2.37E-05,2.26E-05
2018-07-13 00:00:00+01:00,NIFTY50,3.24E-05,3.75E-05,9.31E-06,2.90E-05,2.17E-05,3.75E-05,2.17E-05,2.37E-05,2.54E-05,2.48E-05,11052.25,163000,3.24E-05,2.37E-05
2018-07-16 00:00:00+01:00,NIFTY50,2.12E-05,1.91E-05,1.08E-05,2.71E-05,1.39E-05,1.91E-05,1.39E-05,1.95E-05,2.74E-05,1.97E-05,11017,163000,2.12E-05,1.95E-05
2018-07-17 00:00:00+01:00,NIFTY50,2.41E-05,1.88E-05,1.15E-05,2.27E-05,7.50E-06,1.88E-05,7.50E-06,2.54E-05,2.21E-05,2.19E-05,10939.15,163000,2.41E-05,2.54E-05
2018-07-18 00:00:00+01:00,NIFTY50,3.65E-05,4.32E-05,1.70E-05,4.82E-05,2.73E-05,4.32E-05,2.73E-05,3.39E-05,4.37E-05,4.86E-05,11058.2,163000,3.65E-05,3.39E-05
2018-07-19 00:00:00+01:00,NIFTY50,2.77E-05,2.72E-05,2.31E-05,3.30E-05,1.57E-05,2.72E-05,1.57E-05,3.02E-05,3.18E-05,2.78E-05,10995.05,163000,2.77E-05,3.02E-05
2018-07-20 00:00:00+01:00,NIFTY50,1.79E-05,1.87E-05,1.11E-05,2.49E-05,6.66E-06,1.87E-05,6.66E-06,1.63E-05,2.32E-05,1.60E-05,10961.35,163000,1.79E-05,1.63E-05
2018-07-23 00:00:00+01:00,NIFTY50,1.46E-05,1.66E-05,5.89E-06,1.96E-05,5.12E-06,1.66E-05,5.12E-06,1.32E-05,1.99E-05,1.59E-05,11019.65,163000,1.46E-05,1.32E-05
2018-07-24 00:00:00+01:00,NIFTY50,1.67E-05,1.36E-05,6.13E-06,2.04E-05,8.70E-06,1.36E-05,8.70E-06,1.77E-05,2.03E-05,1.32E-05,11107.6,163000,1.67E-05,1.77E-05
2018-07-25 00:00:00+01:00,NIFTY50,1.44E-05,1.36E-05,5.80E-06,1.85E-05,8.81E-06,1.36E-05,8.81E-06,1.57E-05,1.80E-05,1.07E-05,11147.4,163000,1.44E-05,1.57E-05
2018-07-26 00:00:00+01:00,NIFTY50,2.05E-05,2.53E-05,7.86E-06,1.76E-05,7.67E-06,2.53E-05,7.67E-06,1.78E-05,1.66E-05,2.22E-05,11134.95,163000,2.05E-05,1.78E-05
2018-07-27 00:00:00+01:00,NIFTY50,8.40E-06,9.21E-06,5.42E-06,1.30E-05,3.51E-06,9.21E-06,3.51E-06,8.56E-06,1.26E-05,7.24E-06,11230.8,163000,8.40E-06,8.56E-06
2018-07-30 00:00:00+01:00,NIFTY50,1.24E-05,1.09E-05,6.77E-06,1.73E-05,6.01E-06,1.09E-05,6.01E-06,1.33E-05,1.75E-05,1.10E-05,11296.75,163000,1.24E-05,1.33E-05
2018-07-31 00:00:00+01:00,NIFTY50,2.07E-05,2.14E-05,1.48E-05,1.71E-05,9.54E-06,2.14E-05,9.54E-06,1.97E-05,1.58E-05,2.02E-05,11308.8,163000,2.07E-05,1.97E-05
2018-08-01 00:00:00+01:00,NIFTY50,2.54E-05,2.34E-05,9.83E-06,2.24E-05,1.37E-05,2.34E-05,1.37E-05,2.43E-05,2.04E-05,2.67E-05,11362.2,163000,2.54E-05,2.43E-05
2018-08-02 00:00:00+01:00,NIFTY50,2.20E-05,2.20E-05,8.83E-06,2.01E-05,1.65E-05,2.20E-05,1.65E-05,1.94E-05,1.79E-05,2.34E-05,11324.15,163000,2.20E-05,1.94E-05
2018-08-03 00:00:00+01:00,NIFTY50,9.53E-06,8.21E-06,3.61E-06,1.07E-05,2.25E-06,8.21E-06,2.25E-06,7.52E-06,1.00E-05,7.62E-06,11301.45,163003,9.53E-06,7.52E-06
2018-08-06 00:00:00+01:00,NIFTY50,1.41E-05,1.55E-05,4.58E-06,1.28E-05,7.14E-06,1.55E-05,7.14E-06,9.19E-06,1.15E-05,1.62E-05,11398.35,163003,1.41E-05,9.19E-06
2018-08-07 00:00:00+01:00,NIFTY50,1.72E-05,1.61E-05,9.01E-06,1.38E-05,1.07E-05,1.61E-05,1.07E-05,1.52E-05,1.28E-05,1.75E-05,11419.25,163000,1.72E-05,1.52E-05
2018-08-08 00:00:00+01:00,NIFTY50,1.55E-05,1.50E-05,7.74E-06,1.37E-05,6.99E-06,1.50E-05,6.99E-06,1.49E-05,1.20E-05,1.76E-05,11408.9,163000,1.55E-05,1.49E-05
2018-08-09 00:00:00+01:00,NIFTY50,1.28E-05,1.15E-05,9.63E-06,1.48E-05,6.98E-06,1.15E-05,6.98E-06,1.37E-05,1.35E-05,9.59E-06,11492.05,163000,1.28E-05,1.37E-05
2018-08-10 00:00:00+01:00,NIFTY50,1.70E-05,1.43E-05,7.81E-06,2.02E-05,1.25E-05,1.43E-05,1.25E-05,1.52E-05,1.92E-05,1.42E-05,11477.55,163000,1.70E-05,1.52E-05
2018-08-13 00:00:00+01:00,NIFTY50,1.61E-05,1.43E-05,9.61E-06,1.74E-05,7.29E-06,1.43E-05,7.29E-06,1.62E-05,1.68E-05,1.50E-05,11362.3,163000,1.61E-05,1.62E-05
2018-08-14 00:00:00+01:00,NIFTY50,1.50E-05,1.59E-05,6.92E-06,1.19E-05,4.26E-06,1.59E-05,4.26E-06,1.11E-05,1.15E-05,1.07E-05,11376.25,163000,1.50E-05,1.11E-05
2018-08-16 00:00:00+01:00,NIFTY50,1.75E-05,1.83E-05,1.21E-05,1.88E-05,9.24E-06,1.83E-05,9.24E-06,1.83E-05,1.75E-05,1.63E-05,11397.85,163000,1.75E-05,1.83E-05
2018-08-17 00:00:00+01:00,NIFTY50,8.60E-06,6.75E-06,7.05E-06,9.69E-06,4.01E-06,6.75E-06,4.01E-06,8.78E-06,9.32E-06,7.02E-06,11435.1,163000,8.60E-06,8.78E-06
2018-08-20 00:00:00+01:00,NIFTY50,6.79E-06,6.62E-06,2.26E-06,9.81E-06,2.29E-06,6.62E-06,2.29E-06,5.43E-06,9.58E-06,6.90E-06,11501,163000,6.79E-06,5.43E-06
2018-08-21 00:00:00+01:00,NIFTY50,7.94E-06,1.04E-05,3.92E-06,1.04E-05,4.45E-06,1.04E-05,4.45E-06,8.83E-06,1.01E-05,1.06E-05,11581.4,163000,7.94E-06,8.83E-06
2018-08-23 00:00:00+01:00,NIFTY50,1.36E-05,1.67E-05,1.04E-05,1.37E-05,8.32E-06,1.67E-05,8.32E-06,1.49E-05,1.28E-05,1.19E-05,11612.15,163000,1.36E-05,1.49E-05
2018-08-24 00:00:00+01:00,NIFTY50,1.81E-05,1.88E-05,8.72E-06,1.43E-05,1.11E-05,1.88E-05,1.11E-05,1.47E-05,1.37E-05,1.63E-05,11569.9,163000,1.81E-05,1.47E-05
2018-08-27 00:00:00+01:00,NIFTY50,1.27E-05,1.39E-05,2.54E-06,8.14E-06,1.11E-06,1.39E-05,1.11E-06,5.72E-06,7.69E-06,1.32E-05,11607.7,163001,1.27E-05,5.72E-06
2018-08-28 00:00:00+01:00,NIFTY50,1.29E-05,1.20E-05,6.05E-06,1.08E-05,6.74E-06,1.20E-05,6.74E-06,1.30E-05,9.92E-06,1.43E-05,11732.55,163000,1.29E-05,1.30E-05
2018-08-29 00:00:00+01:00,NIFTY50,1.56E-05,1.19E-05,6.75E-06,1.62E-05,1.03E-05,1.19E-05,1.03E-05,1.41E-05,1.43E-05,1.45E-05,11745.35,163000,1.56E-05,1.41E-05
2018-08-30 00:00:00+01:00,NIFTY50,1.16E-05,1.32E-05,6.57E-06,1.10E-05,6.08E-06,1.32E-05,6.08E-06,1.10E-05,1.01E-05,1.18E-05,11693.3,163000,1.16E-05,1.10E-05
2018-08-31 00:00:00+01:00,NIFTY50,2.57E-05,3.01E-05,9.61E-06,2.11E-05,1.15E-05,3.01E-05,1.15E-05,2.10E-05,2.04E-05,3.45E-05,11666.5,163000,2.57E-05,2.10E-05
2018-09-03 00:00:00+01:00,NIFTY50,3.88E-05,4.65E-05,8.24E-06,2.04E-05,3.30E-05,4.65E-05,3.30E-05,1.99E-05,1.97E-05,4.69E-05,11736.1,163000,3.88E-05,1.99E-05
2018-09-04 00:00:00+01:00,NIFTY50,5.62E-05,5.40E-05,3.07E-05,2.92E-05,3.49E-05,5.40E-05,3.49E-05,5.84E-05,2.71E-05,4.43E-05,11599.8,163000,5.62E-05,5.84E-05
2018-09-05 00:00:00+01:00,NIFTY50,5.65E-05,4.98E-05,3.03E-05,4.40E-05,2.99E-05,4.98E-05,2.99E-05,5.53E-05,4.37E-05,4.33E-05,11514.9,163000,5.65E-05,5.53E-05
2018-09-06 00:00:00+01:00,NIFTY50,5.10E-05,6.54E-05,2.45E-05,3.91E-05,2.74E-05,6.54E-05,2.74E-05,5.33E-05,3.71E-05,5.37E-05,11514.85,163000,5.10E-05,5.33E-05
2018-09-07 00:00:00+01:00,NIFTY50,4.37E-05,4.68E-05,1.09E-05,4.36E-05,2.58E-05,4.68E-05,2.58E-05,2.44E-05,4.29E-05,4.17E-05,11549.15,163000,4.37E-05,2.44E-05
2018-09-10 00:00:00+01:00,NIFTY50,3.17E-05,3.22E-05,2.98E-05,3.20E-05,2.11E-05,3.22E-05,2.11E-05,3.25E-05,3.13E-05,3.11E-05,11564.35,163000,3.17E-05,3.25E-05
2018-09-11 00:00:00+01:00,NIFTY50,4.45E-05,5.88E-05,1.86E-05,3.19E-05,3.64E-05,5.88E-05,3.64E-05,3.51E-05,3.13E-05,5.70E-05,11478.65,163000,4.45E-05,3.51E-05
2018-09-12 00:00:00+01:00,NIFTY50,7.35E-05,9.98E-05,4.01E-05,6.88E-05,3.27E-05,9.98E-05,3.27E-05,8.02E-05,6.52E-05,6.19E-05,11330.1,163000,7.35E-05,8.02E-05
2018-09-14 00:00:00+01:00,NIFTY50,1.97E-05,1.88E-05,9.75E-06,3.07E-05,6.80E-06,1.88E-05,6.80E-06,1.66E-05,3.16E-05,1.59E-05,11446.3,163000,1.97E-05,1.66E-05
2018-09-17 00:00:00+01:00,NIFTY50,2.87E-05,3.01E-05,1.24E-05,2.85E-05,1.96E-05,3.01E-05,1.96E-05,2.33E-05,2.72E-05,2.70E-05,11456,163000,2.87E-05,2.33E-05
2018-09-18 00:00:00+01:00,NIFTY50,4.30E-05,4.82E-05,2.52E-05,3.47E-05,2.86E-05,4.82E-05,2.86E-05,4.06E-05,3.23E-05,5.46E-05,11377.35,163000,4.30E-05,4.06E-05
2018-09-19 00:00:00+01:00,NIFTY50,4.87E-05,3.59E-05,1.93E-05,3.38E-05,2.99E-05,3.59E-05,2.99E-05,4.90E-05,3.19E-05,4.60E-05,11325.7,163000,4.87E-05,4.90E-05
2018-09-21 00:00:00+01:00,NIFTY50,0.000966192049,0.0003615790094,7.89E-05,0.0005546845519,0.0004607411183,0.0003615790094,0.0004607411183,0.001140050168,0.0004208484504,0.0005394317067,11266.05,163000,0.000966192049,0.001140050168
2018-09-24 00:00:00+01:00,NIFTY50,0.0001389653074,0.0001837389171,8.59E-05,0.0001319087112,9.00E-05,0.0001837389171,9.00E-05,0.0001416812418,0.0001317766351,0.0001228281468,11165,163000,0.0001389653074,0.0001416812418
2018-09-25 00:00:00+01:00,NIFTY50,0.000204553234,0.0002183824934,8.51E-05,0.0001643175038,6.89E-05,0.0002183824934,6.89E-05,0.0001412063771,0.0001733098516,0.0001929949737,10969.45,163000,0.000204553234,0.0001412063771
2017-12-06 00:00:00+00:00,S&P500,1.30E-05,1.22E-05,4.14E-06,1.49E-05,6.18E-06,1.22E-05,6.18E-06,1.30E-05,1.49E-05,8.99E-06,2626.24,150001,1.30E-05,1.30E-05
2017-12-07 00:00:00+00:00,S&P500,8.91E-06,1.17E-05,5.73E-06,1.05E-05,3.88E-06,1.17E-05,3.88E-06,9.06E-06,1.06E-05,1.01E-05,2628.38,150001,8.91E-06,9.06E-06
2017-12-08 00:00:00+00:00,S&P500,7.16E-06,5.74E-06,2.78E-06,6.43E-06,2.94E-06,5.74E-06,2.94E-06,6.83E-06,6.28E-06,5.24E-06,2646.21,150001,7.16E-06,6.83E-06
2017-12-11 00:00:00+00:00,S&P500,6.29E-06,7.46E-06,2.15E-06,4.93E-06,2.31E-06,7.46E-06,2.31E-06,5.05E-06,5.13E-06,6.54E-06,2652.19,150001,6.29E-06,5.05E-06
2017-12-12 00:00:00+00:00,S&P500,6.54E-06,5.46E-06,3.61E-06,7.04E-06,3.24E-06,5.46E-06,3.24E-06,6.28E-06,7.00E-06,4.59E-06,2661.73,150001,6.54E-06,6.28E-06
2017-12-13 00:00:00+00:00,S&P500,1.21E-05,1.01E-05,3.59E-06,1.03E-05,6.91E-06,1.01E-05,6.91E-06,8.15E-06,1.03E-05,7.38E-06,2667.59,150001,1.21E-05,8.15E-06
2017-12-14 00:00:00+00:00,S&P500,1.17E-05,1.53E-05,4.73E-06,9.87E-06,7.87E-06,1.53E-05,7.87E-06,1.21E-05,9.69E-06,1.18E-05,2665.87,150000,1.17E-05,1.21E-05
2017-12-15 00:00:00+00:00,S&P500,1.25E-05,1.29E-05,3.13E-06,9.99E-06,2.40E-06,1.29E-05,2.40E-06,6.53E-06,9.60E-06,1.37E-05,2660.63,150001,1.25E-05,6.53E-06
2017-12-18 00:00:00+00:00,S&P500,8.45E-06,1.26E-05,2.33E-06,7.30E-06,1.65E-06,1.26E-05,1.65E-06,6.85E-06,7.45E-06,8.99E-06,2685.92,150001,8.45E-06,6.85E-06
2017-12-19 00:00:00+00:00,S&P500,8.50E-06,8.97E-06,3.18E-06,8.28E-06,5.46E-06,8.97E-06,5.46E-06,6.88E-06,8.25E-06,8.10E-06,2692.71,150001,8.50E-06,6.88E-06
2017-12-20 00:00:00+00:00,S&P500,1.35E-05,1.12E-05,5.37E-06,1.05E-05,8.92E-06,1.12E-05,8.92E-06,1.24E-05,1.03E-05,1.44E-05,2688.18,150001,1.35E-05,1.24E-05
2017-12-21 00:00:00+00:00,S&P500,8.03E-06,7.08E-06,2.28E-06,6.16E-06,4.06E-06,7.08E-06,4.06E-06,6.04E-06,6.23E-06,6.87E-06,2683.02,150000,8.03E-06,6.04E-06
2017-12-22 00:00:00+00:00,S&P500,4.40E-06,3.43E-06,2.38E-06,4.53E-06,2.50E-06,3.43E-06,2.50E-06,4.67E-06,4.67E-06,1.53E-06,2684.22,150001,4.40E-06,4.67E-06
2017-12-26 00:00:00+00:00,S&P500,3.03E-06,2.71E-06,1.08E-06,3.24E-06,1.33E-06,2.71E-06,1.33E-06,3.07E-06,3.36E-06,2.64E-06,2679.09,150001,3.03E-06,3.07E-06
2017-12-27 00:00:00+00:00,S&P500,2.71E-06,2.56E-06,1.29E-06,3.03E-06,1.31E-06,2.56E-06,1.31E-06,2.54E-06,3.05E-06,2.25E-06,2682.1,150001,2.71E-06,2.54E-06
2017-12-28 00:00:00+00:00,S&P500,1.60E-06,1.41E-06,6.78E-07,1.93E-06,7.85E-07,1.41E-06,7.85E-07,1.67E-06,1.96E-06,1.96E-06,2686.1,150001,1.60E-06,1.67E-06
2017-12-29 00:00:00+00:00,S&P500,6.70E-06,8.11E-06,3.39E-06,6.35E-06,4.79E-06,8.11E-06,4.79E-06,6.61E-06,6.04E-06,9.54E-06,2689.15,150001,6.70E-06,6.61E-06
2018-01-02 00:00:00+00:00,S&P500,6.61E-06,6.49E-06,1.82E-06,7.09E-06,2.15E-06,6.49E-06,2.15E-06,5.55E-06,6.69E-06,6.64E-06,2683.73,150001,6.61E-06,5.55E-06
2018-01-03 00:00:00+00:00,S&P500,5.72E-06,5.57E-06,2.86E-06,5.03E-06,1.41E-06,5.57E-06,1.41E-06,5.71E-06,4.99E-06,8.51E-06,2697.85,150000,5.72E-06,5.71E-06
2018-01-04 00:00:00+00:00,S&P500,7.31E-06,8.98E-06,3.11E-06,6.15E-06,2.82E-06,8.98E-06,2.82E-06,6.82E-06,6.09E-06,7.16E-06,2719.31,150001,7.31E-06,6.82E-06
2018-01-05 00:00:00+00:00,S&P500,7.89E-06,7.81E-06,3.68E-06,5.71E-06,2.42E-06,7.81E-06,2.42E-06,7.13E-06,5.64E-06,5.54E-06,2731.33,150001,7.89E-06,7.13E-06
2018-01-08 00:00:00+00:00,S&P500,6.10E-06,7.43E-06,2.22E-06,4.76E-06,3.07E-06,7.43E-06,3.07E-06,6.60E-06,4.64E-06,3.52E-06,2742.67,150001,6.10E-06,6.60E-06
2018-01-09 00:00:00+00:00,S&P500,1.06E-05,1.48E-05,3.77E-06,8.19E-06,5.43E-06,1.48E-05,5.43E-06,1.02E-05,7.99E-06,1.09E-05,2751.15,150001,1.06E-05,1.02E-05
2018-01-10 00:00:00+00:00,S&P500,1.17E-05,1.10E-05,5.15E-06,1.21E-05,5.67E-06,1.10E-05,5.67E-06,1.28E-05,1.14E-05,1.34E-05,2745.55,150001,1.17E-05,1.28E-05
2018-01-11 00:00:00+00:00,S&P500,6.98E-06,7.56E-06,3.66E-06,5.98E-06,2.27E-06,7.56E-06,2.27E-06,7.40E-06,5.86E-06,8.59E-06,2752.97,150001,6.98E-06,7.40E-06
2018-01-12 00:00:00+00:00,S&P500,1.03E-05,1.01E-05,4.02E-06,7.71E-06,3.85E-06,1.01E-05,3.85E-06,8.83E-06,7.32E-06,1.25E-05,2770.18,150001,1.03E-05,8.83E-06
2018-01-16 00:00:00+00:00,S&P500,3.17E-05,3.73E-05,1.45E-05,2.60E-05,2.04E-05,3.73E-05,2.04E-05,2.77E-05,2.51E-05,3.29E-05,2798.96,150001,3.17E-05,2.77E-05
2018-01-17 00:00:00+00:00,S&P500,1.75E-05,1.56E-05,1.22E-05,1.43E-05,6.23E-06,1.56E-05,6.23E-06,1.84E-05,1.42E-05,1.31E-05,2784.99,150000,1.75E-05,1.84E-05
2018-01-18 00:00:00+00:00,S&P500,2.14E-05,1.22E-05,1.01E-05,1.56E-05,1.24E-05,1.22E-05,1.24E-05,2.38E-05,1.51E-05,1.28E-05,2802.4,150001,2.14E-05,2.38E-05
2018-01-19 00:00:00+00:00,S&P500,1.29E-05,1.05E-05,4.55E-06,1.14E-05,6.78E-06,1.05E-05,6.78E-06,1.02E-05,1.12E-05,9.76E-06,2802.6,150000,1.29E-05,1.02E-05
2018-01-22 00:00:00+00:00,S&P500,1.24E-05,1.32E-05,4.47E-06,9.43E-06,3.26E-06,1.32E-05,3.26E-06,1.06E-05,9.35E-06,1.47E-05,2809.16,150001,1.24E-05,1.06E-05
2018-01-23 00:00:00+00:00,S&P500,1.05E-05,1.29E-05,5.21E-06,1.36E-05,5.68E-06,1.29E-05,5.68E-06,1.19E-05,1.35E-05,1.14E-05,2835.05,150001,1.05E-05,1.19E-05
2018-01-24 00:00:00+00:00,S&P500,3.76E-05,3.43E-05,2.30E-05,3.10E-05,2.30E-05,3.43E-05,2.30E-05,3.44E-05,2.95E-05,3.75E-05,2845.42,150001,3.76E-05,3.44E-05
2018-01-25 00:00:00+00:00,S&P500,3.04E-05,2.45E-05,1.07E-05,2.76E-05,1.95E-05,2.45E-05,1.95E-05,3.10E-05,2.68E-05,2.04E-05,2846.24,150001,3.04E-05,3.10E-05
2018-01-26 00:00:00+00:00,S&P500,9.10E-06,8.61E-06,6.29E-06,9.86E-06,2.39E-06,8.61E-06,2.39E-06,9.60E-06,9.48E-06,1.12E-05,2847.48,150001,9.10E-06,9.60E-06
2018-01-29 00:00:00+00:00,S&P500,2.23E-05,1.95E-05,8.54E-06,2.36E-05,1.34E-05,1.95E-05,1.34E-05,2.36E-05,2.35E-05,1.94E-05,2867.23,150001,2.23E-05,2.36E-05
2018-01-30 00:00:00+00:00,S&P500,3.49E-05,4.11E-05,2.74E-05,3.87E-05,1.94E-05,4.11E-05,1.94E-05,3.46E-05,3.91E-05,3.84E-05,2832.74,150001,3.49E-05,3.46E-05
2018-01-31 00:00:00+00:00,S&P500,3.27E-05,2.81E-05,1.31E-05,2.86E-05,1.88E-05,2.81E-05,1.88E-05,2.43E-05,2.77E-05,3.66E-05,2832.41,150001,3.27E-05,2.43E-05
2018-02-01 00:00:00+00:00,S&P500,3.34E-05,3.31E-05,2.00E-05,2.97E-05,1.34E-05,3.31E-05,1.34E-05,3.12E-05,2.95E-05,4.12E-05,2816.45,150001,3.34E-05,3.12E-05
2018-02-02 00:00:00+00:00,S&P500,7.02E-05,6.04E-05,5.40E-05,5.49E-05,4.94E-05,6.04E-05,4.94E-05,7.46E-05,5.50E-05,5.44E-05,2808.92,150001,7.02E-05,7.46E-05
2018-02-05 00:00:00+00:00,S&P500,0.0004551799233,0.0006592991587,0.0001143771595,0.000395020303,0.0003123029187,0.0006592991587,0.0003123029187,0.0004975137033,0.0003715129888,0.0004695173898,2741.06,150001,0.0004551799233,0.0004975137033
2018-02-06 00:00:00+00:00,S&P500,0.0006652118348,0.0006633646714,0.0004836996302,0.0006713842627,0.000238956697,0.0006633646714,0.000238956697,0.0007746487317,0.000658800042,0.0008979456181,2614.78,150001,0.0006652118348,0.0007746487317
2018-02-07 00:00:00+00:00,S&P500,0.0001972164402,0.0001764695589,0.0001263390156,0.0001741800063,0.0001062647217,0.0001764695589,0.0001062647217,0.0001858829476,0.0001731661948,0.0002286515538,2690.95,150000,0.0001972164402,0.0001858829476
2018-02-08 00:00:00+00:00,S&P500,0.0003640282978,0.0002733388978,0.0002833348037,0.0003124610922,0.000263759467,0.0002733388978,0.000263759467,0.0003225711394,0.0003149521338,0.0003286788644,2685.01,150001,0.0003640282978,0.0003225711394
2018-02-09 00:00:00+00:00,S&P500,0.0006393205843,0.000730324673,0.0004437403222,0.0005558633417,0.0002698324781,0.000730324673,0.0002698324781,0.0006622147357,0.0005664078455,0.0006847200463,2601.78,150001,0.0006393205843,0.0006622147357
2018-02-12 00:00:00+00:00,S&P500,0.0001658825181,0.0001165961698,9.85E-05,0.0001650965534,6.80E-05,0.0001165961698,6.80E-05,0.0001540382379,0.0001588911378,0.0001309447725,2636.75,150001,0.0001658825181,0.0001540382379
2018-02-13 00:00:00+00:00,S&P500,7.11E-05,4.66E-05,3.33E-05,8.12E-05,3.13E-05,4.66E-05,3.13E-05,6.92E-05,8.01E-05,3.95E-05,2646.27,150001,7.11E-05,6.92E-05
2018-02-14 00:00:00+00:00,S&P500,9.90E-05,7.81E-05,4.10E-05,9.04E-05,3.08E-05,7.81E-05,3.08E-05,7.67E-05,9.07E-05,6.48E-05,2651.21,150001,9.90E-05,7.67E-05
2018-02-15 00:00:00+00:00,S&P500,7.36E-05,5.57E-05,3.96E-05,5.87E-05,3.42E-05,5.57E-05,3.42E-05,6.93E-05,5.78E-05,5.36E-05,2713.46,150001,7.36E-05,6.93E-05
2018-02-16 00:00:00+00:00,S&P500,7.21E-05,5.89E-05,4.42E-05,6.87E-05,3.60E-05,5.89E-05,3.60E-05,7.13E-05,6.98E-05,6.45E-05,2727.14,150001,7.21E-05,7.13E-05
2018-02-20 00:00:00+00:00,S&P500,5.79E-05,6.55E-05,2.60E-05,5.61E-05,3.00E-05,6.55E-05,3.00E-05,5.71E-05,5.78E-05,5.17E-05,2722.99,150001,5.79E-05,5.71E-05
2018-02-21 00:00:00+00:00,S&P500,7.74E-05,9.32E-05,1.94E-05,7.74E-05,5.30E-05,9.32E-05,5.30E-05,6.12E-05,7.53E-05,0.0001136342403,2720.53,150001,7.74E-05,6.12E-05
2018-02-22 00:00:00+00:00,S&P500,9.65E-05,9.97E-05,5.39E-05,8.15E-05,4.81E-05,9.97E-05,4.81E-05,9.04E-05,8.15E-05,5.83E-05,2710.42,150001,9.65E-05,9.04E-05
2018-02-23 00:00:00+00:00,S&P500,4.31E-05,3.68E-05,2.30E-05,3.34E-05,1.26E-05,3.68E-05,1.26E-05,3.73E-05,3.24E-05,3.01E-05,2715.8,150001,4.31E-05,3.73E-05
2018-02-26 00:00:00+00:00,S&P500,3.12E-05,3.74E-05,1.09E-05,2.46E-05,9.77E-06,3.74E-05,9.77E-06,2.84E-05,2.44E-05,2.64E-05,2757.37,150001,3.12E-05,2.84E-05
2018-02-27 00:00:00+00:00,S&P500,8.02E-05,8.19E-05,7.31E-05,6.37E-05,5.00E-05,8.19E-05,5.00E-05,9.02E-05,6.36E-05,7.22E-05,2780.45,150001,8.02E-05,9.02E-05
2018-02-28 00:00:00+00:00,S&P500,7.68E-05,0.0001026966416,3.53E-05,6.40E-05,5.01E-05,0.0001026966416,5.01E-05,7.96E-05,6.21E-05,0.0001004221316,2753.78,150001,7.68E-05,7.96E-05
2018-03-01 00:00:00+00:00,S&P500,0.0002355839938,0.0002068804446,0.0002075153028,0.0002280070301,0.0001290881329,0.0002068804446,0.0001290881329,0.0002327296873,0.0002248538642,0.0002038470749,2715.22,150001,0.0002355839938,0.0002327296873
2018-03-02 00:00:00+00:00,S&P500,0.0001190283661,0.0001146720106,9.05E-05,0.0001360686438,4.62E-05,0.0001146720106,4.62E-05,0.0001198240001,0.00013081017,0.0001076504018,2658.89,150001,0.0001190283661,0.0001198240001
2018-03-05 00:00:00+00:00,S&P500,5.88E-05,5.77E-05,4.79E-05,6.15E-05,2.05E-05,5.77E-05,2.05E-05,5.87E-05,6.19E-05,7.33E-05,2681.06,150001,5.88E-05,5.87E-05
2018-03-06 00:00:00+00:00,S&P500,4.60E-05,5.29E-05,2.20E-05,5.55E-05,2.72E-05,5.29E-05,2.72E-05,3.94E-05,5.64E-05,5.03E-05,2730.18,150001,4.60E-05,3.94E-05
2018-03-07 00:00:00+00:00,S&P500,4.70E-05,5.04E-05,1.98E-05,5.95E-05,2.03E-05,5.04E-05,2.03E-05,4.13E-05,5.93E-05,5.57E-05,2710.18,150001,4.70E-05,4.13E-05
2018-03-08 00:00:00+00:00,S&P500,4.34E-05,3.22E-05,3.27E-05,3.89E-05,2.01E-05,3.22E-05,2.01E-05,4.26E-05,3.90E-05,3.42E-05,2732.75,150001,4.34E-05,4.26E-05
2018-03-09 00:00:00+00:00,S&P500,1.43E-05,1.69E-05,7.40E-06,2.08E-05,2.60E-06,1.69E-05,2.60E-06,1.35E-05,2.10E-05,1.75E-05,2752.91,150001,1.43E-05,1.35E-05
2018-03-12 00:00:00+00:00,S&P500,2.84E-05,3.27E-05,1.26E-05,2.60E-05,1.64E-05,3.27E-05,1.64E-05,2.74E-05,2.63E-05,2.42E-05,2790.54,150001,2.84E-05,2.74E-05
2018-03-13 00:00:00+00:00,S&P500,4.91E-05,4.63E-05,2.68E-05,4.87E-05,2.98E-05,4.63E-05,2.98E-05,4.56E-05,4.86E-05,4.57E-05,2792.31,150001,4.91E-05,4.56E-05
2018-03-14 00:00:00+00:00,S&P500,6.60E-05,6.31E-05,4.03E-05,6.00E-05,4.48E-05,6.31E-05,4.48E-05,6.40E-05,6.05E-05,4.94E-05,2774.06,150001,6.60E-05,6.40E-05
2018-03-15 00:00:00+00:00,S&P500,2.95E-05,3.37E-05,1.78E-05,2.89E-05,1.50E-05,3.37E-05,1.50E-05,2.63E-05,2.93E-05,2.87E-05,2754.27,150001,2.95E-05,2.63E-05
2018-03-16 00:00:00+00:00,S&P500,1.87E-05,1.84E-05,8.06E-06,2.12E-05,1.10E-05,1.84E-05,1.10E-05,1.32E-05,2.10E-05,1.74E-05,2750.57,150001,1.87E-05,1.32E-05
2018-03-19 00:00:00+00:00,S&P500,6.33E-05,7.74E-05,4.81E-05,5.70E-05,3.94E-05,7.74E-05,3.94E-05,6.32E-05,5.79E-05,5.73E-05,2741.38,150001,6.33E-05,6.32E-05
2018-03-20 00:00:00+00:00,S&P500,3.36E-05,2.32E-05,1.13E-05,3.16E-05,1.53E-05,2.32E-05,1.53E-05,2.95E-05,3.10E-05,2.46E-05,2715.05,150001,3.36E-05,2.95E-05
2018-03-21 00:00:00+00:00,S&P500,6.20E-05,5.62E-05,1.48E-05,7.33E-05,3.48E-05,5.62E-05,3.48E-05,4.93E-05,7.67E-05,7.00E-05,2714.99,150000,6.20E-05,4.93E-05
2018-03-22 00:00:00+00:00,S&P500,0.0001147312859,0.0001126721583,5.25E-05,0.0001099016449,6.79E-05,0.0001126721583,6.79E-05,0.0001014885599,0.0001118225307,0.0001438032611,2691.36,150001,0.0001147312859,0.0001014885599
2018-03-23 00:00:00+00:00,S&P500,0.0001544169488,0.0001661269398,0.0001137274213,0.0001357766719,9.66E-05,0.0001661269398,9.66E-05,0.0001570757438,0.0001364446027,0.0001818806913,2646.71,150001,0.0001544169488,0.0001570757438
2018-03-26 00:00:00+01:00,S&P500,0.0001300437823,0.0001188451795,7.16E-05,9.23E-05,4.54E-05,0.0001188451795,4.54E-05,0.0001117890607,9.05E-05,0.0001266731988,2619.35,160001,0.0001300437823,0.0001117890607
2018-03-27 00:00:00+01:00,S&P500,0.0001765563494,0.0002013006101,0.0001012407315,0.0001498227073,0.0001235435892,0.0002013006101,0.0001235435892,0.0001872304096,0.0001560820875,0.0001895193301,2667.57,160001,0.0001765563494,0.0001872304096
2018-03-28 00:00:00+01:00,S&P500,0.0002688692631,0.0002777449053,0.0001991714418,0.0002381625856,0.0001330506626,0.0002777449053,0.0001330506626,0.0002752266668,0.0002373843703,0.0001727680244,2611.3,160001,0.0002688692631,0.0002752266668
2018-03-29 00:00:00+01:00,S&P500,9.62E-05,0.0001194955511,7.51E-05,8.14E-05,3.94E-05,0.0001194955511,3.94E-05,9.63E-05,7.93E-05,9.77E-05,2614.41,160000,9.62E-05,9.63E-05
2018-04-02 00:00:00+01:00,S&P500,0.000174862965,0.0001884151154,0.0001419136007,0.0001775958891,0.0001118319727,0.0001884151154,0.0001118319727,0.0001808388629,0.0001775893894,0.0001886790054,2633.45,160001,0.000174862965,0.0001808388629
2018-04-03 00:00:00+01:00,S&P500,0.0001788462002,0.0001796071617,0.0001338999168,0.0001347293821,6.48E-05,0.0001796071617,6.48E-05,0.0001913915239,0.0001328074878,0.0001820293835,2592.17,160001,0.0001788462002,0.0001913915239
2018-04-04 00:00:00+01:00,S&P500,0.0001308391635,0.0001146575313,0.0001013317569,0.0001198619103,3.51E-05,0.0001146575313,3.51E-05,0.0001347327936,0.0001176676908,0.0001205795003,2584.04,160001,0.0001308391635,0.0001347327936
2018-04-05 00:00:00+01:00,S&P500,8.62E-05,8.06E-05,4.72E-05,6.25E-05,4.30E-05,8.06E-05,4.30E-05,8.24E-05,6.21E-05,6.64E-05,2657.36,160001,8.62E-05,8.24E-05
2018-04-06 00:00:00+01:00,S&P500,0.0001341960948,0.0001317632476,0.0001268914392,0.000152389225,7.45E-05,0.0001317632476,7.45E-05,0.0001644356143,0.0001548096795,0.000154197274,2645.82,160001,0.0001341960948,0.0001644356143
2018-04-09 00:00:00+01:00,S&P500,7.60E-05,8.31E-05,3.30E-05,6.16E-05,4.49E-05,8.31E-05,4.49E-05,6.86E-05,6.06E-05,9.21E-05,2617.18,160001,7.60E-05,6.86E-05
2018-04-10 00:00:00+01:00,S&P500,0.0001106799024,0.0001061135639,0.000117361578,0.0001168981633,5.11E-05,0.0001061135639,5.11E-05,0.0001185275,0.0001112657743,6.32E-05,2638.41,160001,0.0001106799024,0.0001185275
2018-04-11 00:00:00+01:00,S&P500,7.54E-05,5.22E-05,5.91E-05,6.44E-05,4.06E-05,5.22E-05,4.06E-05,7.84E-05,6.51E-05,4.67E-05,2643.89,160001,7.54E-05,7.84E-05
2018-04-12 00:00:00+01:00,S&P500,5.00E-05,5.49E-05,2.81E-05,4.76E-05,2.25E-05,5.49E-05,2.25E-05,4.71E-05,4.77E-05,5.50E-05,2653.83,160001,5.00E-05,4.71E-05
2018-04-13 00:00:00+01:00,S&P500,6.23E-05,6.63E-05,2.75E-05,6.19E-05,4.06E-05,6.63E-05,4.06E-05,5.55E-05,6.20E-05,5.44E-05,2676.9,160001,6.23E-05,5.55E-05
2018-04-16 00:00:00+01:00,S&P500,3.18E-05,2.81E-05,2.40E-05,3.67E-05,1.41E-05,2.81E-05,1.41E-05,2.85E-05,3.58E-05,1.99E-05,2670.1,160001,3.18E-05,2.85E-05
2018-04-17 00:00:00+01:00,S&P500,1.65E-05,1.65E-05,7.21E-06,1.98E-05,6.31E-06,1.65E-05,6.31E-06,1.35E-05,2.04E-05,1.73E-05,2692.74,160001,1.65E-05,1.35E-05
2018-04-18 00:00:00+01:00,S&P500,2.26E-05,2.02E-05,1.16E-05,2.00E-05,1.30E-05,2.02E-05,1.30E-05,2.52E-05,2.01E-05,1.76E-05,2710.11,160001,2.26E-05,2.52E-05
2018-04-19 00:00:00+01:00,S&P500,3.61E-05,4.35E-05,2.45E-05,4.50E-05,1.89E-05,4.35E-05,1.89E-05,3.52E-05,4.73E-05,3.07E-05,2701.16,160001,3.61E-05,3.52E-05
2018-04-20 00:00:00+01:00,S&P500,5.22E-05,5.15E-05,2.78E-05,4.02E-05,2.99E-05,5.15E-05,2.99E-05,5.19E-05,4.05E-05,4.41E-05,2692.56,160001,5.22E-05,5.19E-05
2018-04-23 00:00:00+01:00,S&P500,3.65E-05,3.17E-05,2.98E-05,3.39E-05,1.94E-05,3.17E-05,1.94E-05,4.08E-05,3.37E-05,3.18E-05,2675.4,160001,3.65E-05,4.08E-05
2018-04-24 00:00:00+01:00,S&P500,0.0001407534083,0.0001077069696,8.02E-05,9.63E-05,8.81E-05,0.0001077069696,8.81E-05,0.0001390469522,9.47E-05,0.0001112050138,2680.8,160001,0.0001407534083,0.0001390469522
2018-04-25 00:00:00+01:00,S&P500,0.0001005632291,9.67E-05,6.68E-05,8.93E-05,5.63E-05,9.67E-05,5.63E-05,0.000100182734,8.83E-05,9.91E-05,2634.92,160001,0.0001005632291,0.000100182734
2018-04-26 00:00:00+01:00,S&P500,3.78E-05,2.92E-05,2.04E-05,3.47E-05,1.74E-05,2.92E-05,1.74E-05,3.83E-05,3.45E-05,3.18E-05,2651.65,160001,3.78E-05,3.83E-05
2018-04-27 00:00:00+01:00,S&P500,3.35E-05,3.21E-05,1.97E-05,3.99E-05,1.80E-05,3.21E-05,1.80E-05,3.22E-05,4.16E-05,2.48E-05,2675.47,160001,3.35E-05,3.22E-05
2018-04-30 00:00:00+01:00,S&P500,4.65E-05,5.30E-05,2.84E-05,4.00E-05,3.11E-05,5.30E-05,3.11E-05,4.48E-05,4.04E-05,4.79E-05,2675.05,160001,4.65E-05,4.48E-05
2018-05-01 00:00:00+01:00,S&P500,4.75E-05,5.36E-05,3.61E-05,4.16E-05,2.19E-05,5.36E-05,2.19E-05,4.47E-05,4.23E-05,5.28E-05,2643.64,160001,4.75E-05,4.47E-05
2018-05-02 00:00:00+01:00,S&P500,4.79E-05,5.00E-05,1.82E-05,4.47E-05,2.91E-05,5.00E-05,2.91E-05,4.56E-05,4.57E-05,4.48E-05,2654.24,160001,4.79E-05,4.56E-05
2018-05-03 00:00:00+01:00,S&P500,0.0001010027703,0.0001340223876,6.39E-05,9.41E-05,4.80E-05,0.0001340223876,4.80E-05,9.51E-05,9.16E-05,0.0001301345119,2628.08,160001,0.0001010027703,9.51E-05
2018-05-04 00:00:00+01:00,S&P500,4.46E-05,3.38E-05,2.14E-05,3.62E-05,1.07E-05,3.38E-05,1.07E-05,4.52E-05,3.50E-05,5.28E-05,2621.45,160001,4.46E-05,4.52E-05
2018-05-07 00:00:00+01:00,S&P500,2.75E-05,3.01E-05,9.75E-06,2.95E-05,1.61E-05,3.01E-05,1.61E-05,2.01E-05,2.97E-05,3.52E-05,2669.36,160000,2.75E-05,2.01E-05
2018-05-08 00:00:00+01:00,S&P500,4.52E-05,4.01E-05,2.49E-05,5.63E-05,2.06E-05,4.01E-05,2.06E-05,4.50E-05,5.65E-05,2.82E-05,2670.26,160001,4.52E-05,4.50E-05
2018-05-09 00:00:00+01:00,S&P500,2.97E-05,2.80E-05,1.82E-05,2.51E-05,1.20E-05,2.80E-05,1.20E-05,3.08E-05,2.49E-05,2.54E-05,2678.12,160001,2.97E-05,3.08E-05
2018-05-10 00:00:00+01:00,S&P500,2.01E-05,2.07E-05,1.18E-05,1.96E-05,7.85E-06,2.07E-05,7.85E-06,1.85E-05,1.98E-05,1.69E-05,2705.02,160001,2.01E-05,1.85E-05
2018-05-11 00:00:00+01:00,S&P500,2.06E-05,1.67E-05,1.36E-05,1.97E-05,9.56E-06,1.67E-05,9.56E-06,2.00E-05,1.94E-05,1.44E-05,2722.7,160001,2.06E-05,2.00E-05
2018-05-14 00:00:00+01:00,S&P500,1.92E-05,2.11E-05,1.20E-05,1.72E-05,9.04E-06,2.11E-05,9.04E-06,1.67E-05,1.68E-05,1.60E-05,2733.37,160001,1.92E-05,1.67E-05
2018-05-15 00:00:00+01:00,S&P500,3.94E-05,4.37E-05,1.81E-05,4.19E-05,2.28E-05,4.37E-05,2.28E-05,3.36E-05,4.37E-05,3.49E-05,2718.59,160001,3.94E-05,3.36E-05
2018-05-16 00:00:00+01:00,S&P500,1.62E-05,1.92E-05,8.97E-06,1.76E-05,6.19E-06,1.92E-05,6.19E-06,1.64E-05,1.72E-05,1.86E-05,2712.62,160001,1.62E-05,1.64E-05
2018-05-17 00:00:00+01:00,S&P500,1.98E-05,2.14E-05,7.75E-06,2.02E-05,1.03E-05,2.14E-05,1.03E-05,1.98E-05,2.00E-05,2.68E-05,2719.71,160001,1.98E-05,1.98E-05
2018-05-18 00:00:00+01:00,S&P500,2.13E-05,1.44E-05,8.30E-06,1.92E-05,1.30E-05,1.44E-05,1.30E-05,1.84E-05,1.94E-05,1.14E-05,2717.35,160001,2.13E-05,1.84E-05
2018-05-21 00:00:00+01:00,S&P500,2.66E-05,2.75E-05,7.68E-06,1.80E-05,8.51E-06,2.75E-05,8.51E-06,1.63E-05,1.71E-05,2.95E-05,2725.95,160001,2.66E-05,1.63E-05
2018-05-22 00:00:00+01:00,S&P500,1.42E-05,1.43E-05,7.16E-06,1.65E-05,1.01E-05,1.43E-05,1.01E-05,1.17E-05,1.66E-05,1.20E-05,2738.34,160001,1.42E-05,1.17E-05
2018-05-23 00:00:00+01:00,S&P500,2.85E-05,3.13E-05,1.26E-05,2.67E-05,9.29E-06,3.13E-05,9.29E-06,2.34E-05,2.65E-05,2.98E-05,2713.98,160001,2.85E-05,2.34E-05
2018-05-24 00:00:00+01:00,S&P500,3.28E-05,3.63E-05,2.09E-05,3.61E-05,1.65E-05,3.63E-05,1.65E-05,3.86E-05,3.50E-05,3.76E-05,2730.94,160001,3.28E-05,3.86E-05
2018-05-25 00:00:00+01:00,S&P500,1.62E-05,1.19E-05,7.18E-06,1.75E-05,9.36E-06,1.19E-05,9.36E-06,1.51E-05,1.79E-05,1.35E-05,2723.6,160001,1.62E-05,1.51E-05
2018-05-29 00:00:00+01:00,S&P500,5.77E-05,6.12E-05,3.03E-05,5.14E-05,3.56E-05,6.12E-05,3.56E-05,5.40E-05,5.21E-05,7.38E-05,2705.11,160001,5.77E-05,5.40E-05
2018-05-30 00:00:00+01:00,S&P500,2.12E-05,2.36E-05,9.63E-06,1.98E-05,5.58E-06,2.36E-05,5.58E-06,1.89E-05,1.96E-05,2.21E-05,2702.43,160001,2.12E-05,1.89E-05
2018-05-31 00:00:00+01:00,S&P500,4.00E-05,3.34E-05,1.86E-05,3.67E-05,1.98E-05,3.34E-05,1.98E-05,3.54E-05,3.59E-05,2.96E-05,2720.98,160001,4.00E-05,3.54E-05
2018-06-01 00:00:00+01:00,S&P500,2.01E-05,1.53E-05,5.10E-06,1.78E-05,6.02E-06,1.53E-05,6.02E-06,1.52E-05,1.79E-05,1.61E-05,2718.7,160001,2.01E-05,1.52E-05
2018-06-04 00:00:00+01:00,S&P500,9.66E-06,9.63E-06,3.51E-06,1.00E-05,4.07E-06,9.63E-06,4.07E-06,9.17E-06,9.97E-06,9.90E-06,2741.67,160001,9.66E-06,9.17E-06
2018-06-05 00:00:00+01:00,S&P500,1.61E-05,1.40E-05,8.47E-06,1.14E-05,9.78E-06,1.40E-05,9.78E-06,1.73E-05,1.11E-05,9.72E-06,2748.46,160001,1.61E-05,1.73E-05
2018-06-06 00:00:00+01:00,S&P500,1.51E-05,1.61E-05,5.23E-06,1.26E-05,5.80E-06,1.61E-05,5.80E-06,1.46E-05,1.23E-05,1.65E-05,2753.25,160001,1.51E-05,1.46E-05
2018-06-07 00:00:00+01:00,S&P500,2.95E-05,3.02E-05,1.36E-05,2.61E-05,1.67E-05,3.02E-05,1.67E-05,2.75E-05,2.50E-05,1.83E-05,2774.84,160001,2.95E-05,2.75E-05
2018-06-08 00:00:00+01:00,S&P500,1.31E-05,1.19E-05,5.71E-06,1.67E-05,4.74E-06,1.19E-05,4.74E-06,1.32E-05,1.63E-05,9.66E-06,2765.84,160001,1.31E-05,1.32E-05
2018-06-11 00:00:00+01:00,S&P500,7.52E-06,6.33E-06,3.74E-06,8.29E-06,3.23E-06,6.33E-06,3.23E-06,7.80E-06,8.53E-06,8.30E-06,2780.18,160001,7.52E-06,7.80E-06
2018-06-12 00:00:00+01:00,S&P500,8.47E-06,8.83E-06,3.13E-06,8.64E-06,3.83E-06,8.83E-06,3.83E-06,7.99E-06,8.85E-06,8.54E-06,2785.6,160001,8.47E-06,7.99E-06
2018-06-13 00:00:00+01:00,S&P500,1.69E-05,1.98E-05,3.22E-06,1.55E-05,1.08E-05,1.98E-05,1.08E-05,1.18E-05,1.70E-05,1.71E-05,2787.94,160001,1.69E-05,1.18E-05
2018-06-14 00:00:00+01:00,S&P500,1.12E-05,1.34E-05,4.95E-06,1.21E-05,5.85E-06,1.34E-05,5.85E-06,8.80E-06,1.20E-05,1.34E-05,2783.21,160001,1.12E-05,8.80E-06
2018-06-15 00:00:00+01:00,S&P500,2.55E-05,3.14E-05,5.88E-06,1.84E-05,1.39E-05,3.14E-05,1.39E-05,2.01E-05,1.85E-05,2.96E-05,2777.78,160001,2.55E-05,2.01E-05
2018-06-18 00:00:00+01:00,S&P500,2.08E-05,1.91E-05,6.65E-06,1.48E-05,1.13E-05,1.91E-05,1.13E-05,1.27E-05,1.38E-05,1.59E-05,2765.79,160001,2.08E-05,1.27E-05
2018-06-19 00:00:00+01:00,S&P500,2.16E-05,2.72E-05,1.22E-05,2.78E-05,8.78E-06,2.72E-05,8.78E-06,2.04E-05,2.75E-05,2.63E-05,2752.01,160001,2.16E-05,2.04E-05
2018-06-20 00:00:00+01:00,S&P500,8.01E-06,6.94E-06,4.74E-06,1.23E-05,4.54E-06,6.94E-06,4.54E-06,7.83E-06,1.26E-05,9.83E-06,2769.73,160001,8.01E-06,7.83E-06
2018-06-21 00:00:00+01:00,S&P500,3.04E-05,3.14E-05,1.42E-05,2.95E-05,2.14E-05,3.14E-05,2.14E-05,2.86E-05,2.93E-05,3.16E-05,2769.28,160001,3.04E-05,2.86E-05
2018-06-22 00:00:00+01:00,S&P500,1.53E-05,1.36E-05,5.06E-06,1.66E-05,9.74E-06,1.36E-05,9.74E-06,1.10E-05,1.61E-05,1.40E-05,2760.79,160001,1.53E-05,1.10E-05
2018-06-25 00:00:00+01:00,S&P500,8.24E-05,0.0001012220773,5.89E-05,5.94E-05,4.35E-05,0.0001012220773,4.35E-05,7.19E-05,5.82E-05,0.0001024191906,2742.94,160001,8.24E-05,7.19E-05
2018-06-26 00:00:00+01:00,S&P500,2.90E-05,2.59E-05,1.86E-05,3.08E-05,1.32E-05,2.59E-05,1.32E-05,2.86E-05,3.06E-05,1.77E-05,2722.12,160001,2.90E-05,2.86E-05
2018-06-27 00:00:00+01:00,S&P500,7.42E-05,7.20E-05,4.51E-05,5.69E-05,4.85E-05,7.20E-05,4.85E-05,6.60E-05,5.56E-05,7.46E-05,2728.45,160001,7.42E-05,6.60E-05
2018-06-28 00:00:00+01:00,S&P500,5.79E-05,5.48E-05,2.56E-05,5.84E-05,2.32E-05,5.48E-05,2.32E-05,5.83E-05,5.78E-05,3.81E-05,2698.69,160001,5.79E-05,5.83E-05
2018-06-29 00:00:00+01:00,S&P500,2.48E-05,2.71E-05,1.53E-05,2.25E-05,1.48E-05,2.71E-05,1.48E-05,2.02E-05,2.22E-05,3.34E-05,2727.13,160001,2.48E-05,2.02E-05
2018-07-02 00:00:00+01:00,S&P500,3.87E-05,2.98E-05,2.08E-05,3.04E-05,1.69E-05,2.98E-05,1.69E-05,4.10E-05,2.95E-05,3.67E-05,2704.95,160001,3.87E-05,4.10E-05
2018-07-03 00:00:00+01:00,S&P500,1.42E-05,1.25E-05,5.05E-06,1.95E-05,1.15E-05,1.25E-05,1.15E-05,1.39E-05,1.87E-05,1.80E-05,2733.27,141628,1.42E-05,1.39E-05
2018-07-05 00:00:00+01:00,S&P500,2.84E-05,2.62E-05,1.35E-05,3.09E-05,1.35E-05,2.62E-05,1.35E-05,2.62E-05,3.04E-05,2.10E-05,2724.19,160001,2.84E-05,2.62E-05
2018-07-06 00:00:00+01:00,S&P500,2.28E-05,2.69E-05,9.56E-06,1.82E-05,7.52E-06,2.69E-05,7.52E-06,2.12E-05,1.80E-05,2.02E-05,2737.68,160001,2.28E-05,2.12E-05
2018-07-09 00:00:00+01:00,S&P500,1.10E-05,1.11E-05,5.30E-06,1.01E-05,3.24E-06,1.11E-05,3.24E-06,8.82E-06,9.86E-06,1.19E-05,2768.51,160001,1.10E-05,8.82E-06
2018-07-10 00:00:00+01:00,S&P500,1.14E-05,9.44E-06,6.98E-06,1.41E-05,5.65E-06,9.44E-06,5.65E-06,1.10E-05,1.40E-05,7.20E-06,2788.56,160001,1.14E-05,1.10E-05
2018-07-11 00:00:00+01:00,S&P500,1.94E-05,1.94E-05,1.42E-05,2.42E-05,9.62E-06,1.94E-05,9.62E-06,2.14E-05,2.38E-05,1.88E-05,2779.82,160000,1.94E-05,2.14E-05
2018-07-12 00:00:00+01:00,S&P500,1.65E-05,1.28E-05,5.84E-06,1.72E-05,5.15E-06,1.28E-05,5.15E-06,1.47E-05,1.66E-05,1.08E-05,2783.14,160001,1.65E-05,1.47E-05
2018-07-13 00:00:00+01:00,S&P500,9.41E-06,8.59E-06,5.21E-06,1.04E-05,5.21E-06,8.59E-06,5.21E-06,7.60E-06,1.06E-05,8.10E-06,2796.93,160001,9.41E-06,7.60E-06
2018-07-16 00:00:00+01:00,S&P500,9.43E-06,8.71E-06,5.35E-06,1.10E-05,4.86E-06,8.71E-06,4.86E-06,9.45E-06,1.09E-05,8.36E-06,2801.43,160001,9.43E-06,9.45E-06
2018-07-17 00:00:00+01:00,S&P500,1.23E-05,1.06E-05,5.99E-06,9.67E-06,4.17E-06,1.06E-05,4.17E-06,1.24E-05,9.49E-06,1.29E-05,2789.34,160001,1.23E-05,1.24E-05
2018-07-18 00:00:00+01:00,S&P500,5.99E-06,5.41E-06,4.05E-06,9.11E-06,2.42E-06,5.41E-06,2.42E-06,6.28E-06,9.17E-06,4.41E-06,2811.35,160001,5.99E-06,6.28E-06
2018-07-19 00:00:00+01:00,S&P500,1.54E-05,1.41E-05,6.27E-06,1.94E-05,8.99E-06,1.41E-05,8.99E-06,1.25E-05,1.91E-05,1.47E-05,2809.37,160001,1.54E-05,1.25E-05
2018-07-20 00:00:00+01:00,S&P500,9.52E-06,8.04E-06,5.33E-06,9.67E-06,5.42E-06,8.04E-06,5.42E-06,9.26E-06,9.61E-06,6.68E-06,2804.55,160001,9.52E-06,9.26E-06
2018-07-24 00:00:00+01:00,S&P500,2.11E-05,2.59E-05,1.24E-05,2.05E-05,1.04E-05,2.59E-05,1.04E-05,1.85E-05,2.02E-05,2.29E-05,2820.68,160001,2.11E-05,1.85E-05
2018-07-25 00:00:00+01:00,S&P500,2.18E-05,2.88E-05,7.39E-06,1.92E-05,4.07E-06,2.88E-05,4.07E-06,2.06E-05,1.89E-05,3.25E-05,2817.73,160001,2.18E-05,2.06E-05
2018-07-26 00:00:00+01:00,S&P500,1.19E-05,1.07E-05,5.88E-06,1.35E-05,5.88E-06,1.07E-05,5.88E-06,1.16E-05,1.37E-05,9.50E-06,2835.49,160001,1.19E-05,1.16E-05
2018-07-27 00:00:00+01:00,S&P500,3.07E-05,3.21E-05,1.37E-05,2.70E-05,2.23E-05,3.21E-05,2.23E-05,2.76E-05,2.67E-05,3.06E-05,2842.35,160001,3.07E-05,2.76E-05
2018-07-30 00:00:00+01:00,S&P500,2.60E-05,1.85E-05,8.91E-06,2.53E-05,1.47E-05,1.85E-05,1.47E-05,2.79E-05,2.45E-05,1.47E-05,2819,160001,2.60E-05,2.79E-05
2018-07-31 00:00:00+01:00,S&P500,1.92E-05,2.08E-05,5.27E-06,1.67E-05,8.12E-06,2.08E-05,8.12E-06,1.29E-05,1.71E-05,1.62E-05,2809.73,160001,1.92E-05,1.29E-05
2018-08-01 00:00:00+01:00,S&P500,1.19E-05,1.16E-05,7.56E-06,1.74E-05,7.19E-06,1.16E-05,7.19E-06,1.23E-05,1.79E-05,1.44E-05,2821.17,160001,1.19E-05,1.23E-05
2018-08-02 00:00:00+01:00,S&P500,1.42E-05,1.55E-05,6.63E-06,1.74E-05,3.56E-06,1.55E-05,3.56E-06,1.16E-05,1.65E-05,1.99E-05,2800.48,160001,1.42E-05,1.16E-05
2018-08-03 00:00:00+01:00,S&P500,9.04E-06,7.52E-06,3.33E-06,9.99E-06,4.09E-06,7.52E-06,4.09E-06,7.52E-06,1.01E-05,6.45E-06,2829.62,160001,9.04E-06,7.52E-06
2018-08-06 00:00:00+01:00,S&P500,6.91E-06,6.77E-06,4.11E-06,6.85E-06,3.27E-06,6.77E-06,3.27E-06,6.32E-06,6.74E-06,7.94E-06,2840.29,160000,6.91E-06,6.32E-06
2018-08-07 00:00:00+01:00,S&P500,8.98E-06,9.31E-06,6.07E-06,6.78E-06,4.16E-06,9.31E-06,4.16E-06,9.76E-06,6.65E-06,4.88E-06,2855.92,160001,8.98E-06,9.76E-06
2018-08-08 00:00:00+01:00,S&P500,7.63E-06,7.75E-06,4.80E-06,6.47E-06,3.83E-06,7.75E-06,3.83E-06,7.10E-06,6.36E-06,6.79E-06,2856.79,160001,7.63E-06,7.10E-06
2018-08-09 00:00:00+01:00,S&P500,7.53E-06,6.38E-06,2.88E-06,6.47E-06,5.26E-06,6.38E-06,5.26E-06,4.74E-06,6.33E-06,5.76E-06,2857.19,160000,7.53E-06,4.74E-06
2018-08-10 00:00:00+01:00,S&P500,2.29E-05,2.22E-05,1.18E-05,2.11E-05,1.10E-05,2.22E-05,1.10E-05,2.65E-05,1.99E-05,1.71E-05,2839.64,160001,2.29E-05,2.65E-05
2018-08-13 00:00:00+01:00,S&P500,2.57E-05,2.13E-05,1.29E-05,1.91E-05,1.49E-05,2.13E-05,1.49E-05,2.09E-05,1.84E-05,2.54E-05,2835.46,160001,2.57E-05,2.09E-05
2018-08-14 00:00:00+01:00,S&P500,1.78E-05,1.37E-05,5.97E-06,1.56E-05,7.22E-06,1.37E-05,7.22E-06,1.39E-05,1.50E-05,1.15E-05,2827.88,160001,1.78E-05,1.39E-05
2018-08-15 00:00:00+01:00,S&P500,4.49E-05,4.59E-05,2.46E-05,4.02E-05,2.55E-05,4.59E-05,2.55E-05,4.59E-05,3.94E-05,4.49E-05,2827.95,160001,4.49E-05,4.59E-05
2018-08-16 00:00:00+01:00,S&P500,1.64E-05,1.31E-05,9.25E-06,1.33E-05,6.07E-06,1.31E-05,6.07E-06,1.34E-05,1.31E-05,1.38E-05,2831.44,160001,1.64E-05,1.34E-05
2018-08-17 00:00:00+01:00,S&P500,1.75E-05,1.64E-05,4.73E-06,1.49E-05,4.91E-06,1.64E-05,4.91E-06,1.36E-05,1.47E-05,1.50E-05,2838.32,160001,1.75E-05,1.36E-05
2018-08-20 00:00:00+01:00,S&P500,8.40E-06,7.26E-06,3.26E-06,7.79E-06,4.25E-06,7.26E-06,4.25E-06,8.37E-06,7.90E-06,3.67E-06,2853.93,160001,8.40E-06,8.37E-06
2018-08-21 00:00:00+01:00,S&P500,8.96E-06,1.11E-05,2.78E-06,8.83E-06,4.60E-06,1.11E-05,4.60E-06,7.89E-06,8.71E-06,9.42E-06,2861.51,160001,8.96E-06,7.89E-06
2018-08-22 00:00:00+01:00,S&P500,9.85E-06,9.25E-06,5.62E-06,9.46E-06,5.01E-06,9.25E-06,5.01E-06,9.97E-06,9.23E-06,8.64E-06,2860.99,160001,9.85E-06,9.97E-06
2018-08-23 00:00:00+01:00,S&P500,1.28E-05,1.40E-05,3.98E-06,1.13E-05,7.80E-06,1.40E-05,7.80E-06,1.19E-05,1.12E-05,1.39E-05,2860.29,160000,1.28E-05,1.19E-05
2018-08-24 00:00:00+01:00,S&P500,8.78E-06,9.41E-06,5.17E-06,8.49E-06,2.75E-06,9.41E-06,2.75E-06,8.43E-06,8.49E-06,7.32E-06,2862.35,160001,8.78E-06,8.43E-06
2018-08-27 00:00:00+01:00,S&P500,8.59E-06,9.95E-06,3.95E-06,8.34E-06,3.00E-06,9.95E-06,3.00E-06,7.33E-06,7.96E-06,8.24E-06,2884.69,160001,8.59E-06,7.33E-06
2018-08-28 00:00:00+01:00,S&P500,9.34E-06,1.17E-05,5.16E-06,6.35E-06,5.47E-06,1.17E-05,5.47E-06,9.41E-06,6.22E-06,5.63E-06,2901.45,160001,9.34E-06,9.41E-06
2018-08-29 00:00:00+01:00,S&P500,6.73E-06,7.22E-06,3.29E-06,6.70E-06,2.20E-06,7.22E-06,2.20E-06,7.50E-06,6.61E-06,7.80E-06,2900.62,160001,6.73E-06,7.50E-06
2018-08-30 00:00:00+01:00,S&P500,2.01E-05,1.72E-05,6.89E-06,2.04E-05,1.47E-05,1.72E-05,1.47E-05,1.53E-05,2.00E-05,1.87E-05,2908.94,160000,2.01E-05,1.53E-05
2018-08-31 00:00:00+01:00,S&P500,1.49E-05,1.48E-05,9.88E-06,1.48E-05,7.47E-06,1.48E-05,7.47E-06,1.46E-05,1.46E-05,1.14E-05,2898.37,160001,1.49E-05,1.46E-05
2018-09-04 00:00:00+01:00,S&P500,2.31E-05,2.43E-05,1.12E-05,1.96E-05,1.27E-05,2.43E-05,1.27E-05,2.03E-05,1.90E-05,2.53E-05,2896.96,160001,2.31E-05,2.03E-05
2018-09-05 00:00:00+01:00,S&P500,3.51E-05,3.00E-05,1.61E-05,2.31E-05,1.98E-05,3.00E-05,1.98E-05,3.41E-05,2.30E-05,2.24E-05,2891.59,160001,3.51E-05,3.41E-05
2018-09-06 00:00:00+01:00,S&P500,3.49E-05,3.58E-05,1.55E-05,2.99E-05,1.99E-05,3.58E-05,1.99E-05,2.96E-05,3.01E-05,2.65E-05,2888.64,160000,3.49E-05,2.96E-05
2018-09-07 00:00:00+01:00,S&P500,3.81E-05,2.94E-05,2.08E-05,3.17E-05,1.78E-05,2.94E-05,1.78E-05,3.81E-05,3.10E-05,2.81E-05,2868.26,160001,3.81E-05,3.81E-05
2018-09-10 00:00:00+01:00,S&P500,1.03E-05,9.91E-06,5.52E-06,1.52E-05,5.52E-06,9.91E-06,5.52E-06,1.04E-05,1.46E-05,9.33E-06,2881.39,160001,1.03E-05,1.04E-05
2018-09-11 00:00:00+01:00,S&P500,1.47E-05,1.75E-05,5.42E-06,1.23E-05,5.34E-06,1.75E-05,5.34E-06,1.29E-05,1.24E-05,1.83E-05,2871.57,160001,1.47E-05,1.29E-05
2018-09-12 00:00:00+01:00,S&P500,2.49E-05,2.07E-05,1.18E-05,2.34E-05,1.05E-05,2.07E-05,1.05E-05,2.48E-05,2.28E-05,2.62E-05,2888.29,160001,2.49E-05,2.48E-05
2018-09-13 00:00:00+01:00,S&P500,1.27E-05,1.63E-05,3.96E-06,1.58E-05,5.79E-06,1.63E-05,5.79E-06,1.21E-05,1.60E-05,1.39E-05,2896.85,160001,1.27E-05,1.21E-05
2018-09-14 00:00:00+01:00,S&P500,1.28E-05,1.32E-05,4.08E-06,1.49E-05,9.12E-06,1.32E-05,9.12E-06,9.03E-06,1.48E-05,1.05E-05,2906.38,160001,1.28E-05,9.03E-06
2018-09-17 00:00:00+01:00,S&P500,8.42E-06,8.52E-06,4.06E-06,1.33E-05,5.59E-06,8.52E-06,5.59E-06,8.66E-06,1.33E-05,9.59E-06,2903.83,160001,8.42E-06,8.66E-06
2018-09-18 00:00:00+01:00,S&P500,1.42E-05,1.53E-05,5.08E-06,1.16E-05,3.25E-06,1.53E-05,3.25E-06,9.29E-06,1.12E-05,1.57E-05,2890.74,160001,1.42E-05,9.29E-06
2018-09-19 00:00:00+01:00,S&P500,1.06E-05,1.03E-05,4.01E-06,1.03E-05,4.47E-06,1.03E-05,4.47E-06,8.86E-06,1.04E-05,5.93E-06,2906.6,160001,1.06E-05,8.86E-06
2018-09-20 00:00:00+01:00,S&P500,8.31E-06,7.72E-06,2.01E-06,9.75E-06,3.14E-06,7.72E-06,3.14E-06,6.78E-06,9.62E-06,5.19E-06,2919.73,160001,8.31E-06,6.78E-06
2018-09-21 00:00:00+01:00,S&P500,6.78E-06,6.57E-06,3.41E-06,8.83E-06,4.21E-06,6.57E-06,4.21E-06,6.05E-06,8.92E-06,5.68E-06,2936.76,160000,6.78E-06,6.05E-06
2018-09-24 00:00:00+01:00,S&P500,1.12E-05,8.16E-06,3.94E-06,1.26E-05,5.79E-06,8.16E-06,5.79E-06,9.16E-06,1.33E-05,7.00E-06,2921.83,160000,1.12E-05,9.16E-06
2018-09-25 00:00:00+01:00,S&P500,8.02E-06,7.50E-06,2.61E-06,8.19E-06,5.41E-06,7.50E-06,5.41E-06,5.83E-06,8.42E-06,5.75E-06,2921.75,160001,8.02E-06,5.83E-06
2017-12-01 00:00:00+00:00,ShanghaiComposite,4.66E-05,3.66E-05,8.35E-06,2.26E-05,2.18E-05,3.66E-05,2.18E-05,4.36E-05,2.35E-05,3.03E-05,3314.2711,145959,4.66E-05,4.36E-05
2017-12-04 00:00:00+00:00,ShanghaiComposite,3.54E-05,2.94E-05,9.57E-06,1.84E-05,1.43E-05,2.94E-05,1.43E-05,3.65E-05,1.89E-05,2.34E-05,3310.1466,145958,3.54E-05,3.65E-05
2017-12-05 00:00:00+00:00,ShanghaiComposite,2.52E-05,2.96E-05,5.56E-06,3.26E-05,1.15E-05,2.96E-05,1.15E-05,3.04E-05,3.35E-05,7.67E-06,3304.6673,150004,2.52E-05,3.04E-05
2017-12-06 00:00:00+00:00,ShanghaiComposite,5.35E-05,7.64E-05,1.08E-05,3.22E-05,2.59E-05,7.64E-05,2.59E-05,5.21E-05,3.29E-05,7.76E-05,3291.1628,145959,5.35E-05,5.21E-05
2017-12-07 00:00:00+00:00,ShanghaiComposite,3.66E-05,3.46E-05,1.59E-05,2.11E-05,1.57E-05,3.46E-05,1.57E-05,3.23E-05,2.19E-05,3.78E-05,3281.5391,150004,3.66E-05,3.23E-05
2017-12-08 00:00:00+00:00,ShanghaiComposite,3.86E-05,3.91E-05,9.68E-06,1.55E-05,1.01E-05,3.91E-05,1.01E-05,4.03E-05,1.56E-05,5.27E-05,3263.7051,150002,3.86E-05,4.03E-05
2017-12-11 00:00:00+00:00,ShanghaiComposite,2.02E-05,2.21E-05,6.55E-06,7.89E-06,4.42E-06,2.21E-05,4.42E-06,1.88E-05,6.83E-06,2.25E-05,3290.7505,150005,2.02E-05,1.88E-05
2017-12-12 00:00:00+00:00,ShanghaiComposite,2.32E-05,2.71E-05,5.07E-06,1.01E-05,1.90E-05,2.71E-05,1.90E-05,1.74E-05,9.89E-06,2.60E-05,3319.8777,150002,2.32E-05,1.74E-05
2017-12-13 00:00:00+00:00,ShanghaiComposite,3.43E-05,3.32E-05,1.26E-05,1.35E-05,1.07E-05,3.32E-05,1.07E-05,3.61E-05,1.38E-05,3.31E-05,3278.7481,150005,3.43E-05,3.61E-05
2017-12-14 00:00:00+00:00,ShanghaiComposite,3.44E-05,3.04E-05,8.44E-06,1.65E-05,1.59E-05,3.04E-05,1.59E-05,2.97E-05,1.64E-05,2.46E-05,3302.9198,150002,3.44E-05,2.97E-05
2017-12-15 00:00:00+00:00,ShanghaiComposite,3.89E-05,3.66E-05,1.46E-05,1.56E-05,2.51E-05,3.66E-05,2.51E-05,4.01E-05,1.63E-05,3.75E-05,3286.8149,150001,3.89E-05,4.01E-05
2017-12-18 00:00:00+00:00,ShanghaiComposite,3.85E-05,4.50E-05,1.32E-05,2.04E-05,1.87E-05,4.50E-05,1.87E-05,4.16E-05,2.11E-05,3.14E-05,3268.4452,150000,3.85E-05,4.16E-05
2017-12-19 00:00:00+00:00,ShanghaiComposite,1.56E-05,2.06E-05,1.80E-06,8.59E-06,3.16E-06,2.06E-05,3.16E-06,1.06E-05,8.06E-06,2.78E-05,3267.0958,150002,1.56E-05,1.06E-05
2017-12-20 00:00:00+00:00,ShanghaiComposite,2.89E-05,3.26E-05,9.04E-06,1.59E-05,1.50E-05,3.26E-05,1.50E-05,2.44E-05,1.66E-05,1.71E-05,3296.4262,145956,2.89E-05,2.44E-05
2017-12-21 00:00:00+00:00,ShanghaiComposite,3.42E-05,3.95E-05,9.16E-06,1.93E-05,8.81E-06,3.95E-05,8.81E-06,2.59E-05,1.93E-05,5.10E-05,3281.0602,150003,3.42E-05,2.59E-05
2017-12-22 00:00:00+00:00,ShanghaiComposite,1.49E-05,1.40E-05,5.74E-06,7.75E-06,6.45E-06,1.40E-05,6.45E-06,1.46E-05,6.85E-06,8.45E-06,3297.1358,150002,1.49E-05,1.46E-05
2017-12-25 00:00:00+00:00,ShanghaiComposite,3.69E-05,3.66E-05,7.56E-06,1.35E-05,1.94E-05,3.66E-05,1.94E-05,2.96E-05,1.34E-05,4.03E-05,3296.9214,150002,3.69E-05,2.96E-05
2017-12-26 00:00:00+00:00,ShanghaiComposite,3.22E-05,3.97E-05,1.72E-05,1.55E-05,9.02E-06,3.97E-05,9.02E-06,3.24E-05,1.59E-05,3.89E-05,3278.2432,150001,3.22E-05,3.24E-05
2017-12-27 00:00:00+00:00,ShanghaiComposite,4.04E-05,3.31E-05,1.39E-05,1.83E-05,2.87E-05,3.31E-05,2.87E-05,4.03E-05,1.83E-05,2.93E-05,3302.479,145958,4.04E-05,4.03E-05
2017-12-28 00:00:00+00:00,ShanghaiComposite,3.85E-05,5.50E-05,9.49E-06,1.48E-05,1.30E-05,5.50E-05,1.30E-05,3.53E-05,1.50E-05,3.70E-05,3272.3481,145959,3.85E-05,3.53E-05
2017-12-29 00:00:00+00:00,ShanghaiComposite,1.53E-05,2.30E-05,7.82E-06,7.54E-06,5.64E-06,2.30E-05,5.64E-06,1.62E-05,7.74E-06,1.80E-05,3294.7573,150002,1.53E-05,1.62E-05
2018-01-02 00:00:00+00:00,ShanghaiComposite,3.86E-05,3.06E-05,9.13E-06,1.43E-05,1.01E-05,3.06E-05,1.01E-05,3.04E-05,1.45E-05,3.89E-05,3316.2711,150002,3.86E-05,3.04E-05
2018-01-03 00:00:00+00:00,ShanghaiComposite,2.85E-05,3.58E-05,1.59E-05,1.11E-05,9.87E-06,3.58E-05,9.87E-06,3.01E-05,1.12E-05,4.59E-05,3347.5999,145957,2.85E-05,3.01E-05
2018-01-04 00:00:00+00:00,ShanghaiComposite,3.14E-05,2.47E-05,4.62E-06,1.18E-05,1.37E-05,2.47E-05,1.37E-05,3.08E-05,1.24E-05,2.08E-05,3370.5683,145959,3.14E-05,3.08E-05
2018-01-05 00:00:00+00:00,ShanghaiComposite,3.37E-05,2.70E-05,5.98E-06,1.24E-05,1.59E-05,2.70E-05,1.59E-05,2.96E-05,1.25E-05,2.20E-05,3386.3133,150001,3.37E-05,2.96E-05
2018-01-08 00:00:00+00:00,ShanghaiComposite,2.65E-05,2.26E-05,1.04E-05,1.00E-05,1.11E-05,2.26E-05,1.11E-05,2.39E-05,9.79E-06,2.13E-05,3391.7823,145957,2.65E-05,2.39E-05
2018-01-09 00:00:00+00:00,ShanghaiComposite,1.99E-05,1.92E-05,7.54E-06,9.89E-06,7.92E-06,1.92E-05,7.92E-06,1.81E-05,9.72E-06,1.34E-05,3405.378,150003,1.99E-05,1.81E-05
2018-01-10 00:00:00+00:00,ShanghaiComposite,4.45E-05,5.25E-05,1.89E-05,1.59E-05,1.94E-05,5.25E-05,1.94E-05,4.62E-05,1.68E-05,5.19E-05,3414.1118,145958,4.45E-05,4.62E-05
2018-01-11 00:00:00+00:00,ShanghaiComposite,3.22E-05,3.27E-05,6.60E-06,1.29E-05,1.46E-05,3.27E-05,1.46E-05,2.05E-05,1.33E-05,2.26E-05,3413.6402,150004,3.22E-05,2.05E-05
2018-01-12 00:00:00+00:00,ShanghaiComposite,2.84E-05,3.05E-05,1.20E-05,9.70E-06,1.43E-05,3.05E-05,1.43E-05,2.83E-05,1.01E-05,2.49E-05,3423.9021,150002,2.84E-05,2.83E-05
2018-01-15 00:00:00+00:00,ShanghaiComposite,9.11E-05,0.000111086056,1.15E-05,3.14E-05,5.89E-05,0.000111086056,5.89E-05,8.64E-05,3.20E-05,0.0001033421656,3429.5321,150003,9.11E-05,8.64E-05
2018-01-16 00:00:00+00:00,ShanghaiComposite,5.07E-05,5.96E-05,5.01E-06,1.92E-05,1.71E-05,5.96E-05,1.71E-05,4.19E-05,2.02E-05,5.75E-05,3402.2679,145959,5.07E-05,4.19E-05
2018-01-17 00:00:00+00:00,ShanghaiComposite,0.0001265352422,0.0001572412063,4.84E-05,4.30E-05,6.14E-05,0.0001572412063,6.14E-05,0.0001430360698,4.63E-05,0.0001016829663,3440.4218,150005,0.0001265352422,0.0001430360698
2018-01-18 00:00:00+00:00,ShanghaiComposite,7.17E-05,8.50E-05,4.20E-05,2.83E-05,3.23E-05,8.50E-05,3.23E-05,7.56E-05,3.06E-05,3.89E-05,3450.4063,145959,7.17E-05,7.56E-05
2018-01-19 00:00:00+00:00,ShanghaiComposite,4.92E-05,6.19E-05,2.14E-05,2.67E-05,2.19E-05,6.19E-05,2.19E-05,5.62E-05,2.76E-05,2.00E-05,3482.9897,145959,4.92E-05,5.62E-05
2018-01-22 00:00:00+00:00,ShanghaiComposite,5.29E-05,6.42E-05,1.63E-05,2.34E-05,1.89E-05,6.42E-05,1.89E-05,4.77E-05,2.56E-05,4.16E-05,3476.0811,150001,5.29E-05,4.77E-05
2018-01-23 00:00:00+00:00,ShanghaiComposite,8.57E-05,7.68E-05,2.93E-05,3.36E-05,3.64E-05,7.68E-05,3.64E-05,9.38E-05,3.58E-05,8.26E-05,3504.8412,150002,8.57E-05,9.38E-05
2018-01-24 00:00:00+00:00,ShanghaiComposite,5.16E-05,6.30E-05,1.66E-05,3.79E-05,2.62E-05,6.30E-05,2.62E-05,4.74E-05,3.92E-05,5.79E-05,3554.22,145959,5.16E-05,4.74E-05
2018-01-25 00:00:00+00:00,ShanghaiComposite,5.51E-05,4.36E-05,1.93E-05,2.30E-05,3.55E-05,4.36E-05,3.55E-05,5.46E-05,2.37E-05,6.16E-05,3553.4667,150003,5.51E-05,5.46E-05
2018-01-26 00:00:00+00:00,ShanghaiComposite,5.07E-05,4.78E-05,3.07E-05,3.57E-05,2.38E-05,4.78E-05,2.38E-05,5.27E-05,3.59E-05,4.54E-05,3534.9081,145958,5.07E-05,5.27E-05
2018-01-29 00:00:00+00:00,ShanghaiComposite,9.57E-05,0.0001201354899,4.12E-05,3.68E-05,6.32E-05,0.0001201354899,6.32E-05,9.81E-05,3.82E-05,0.0001173794475,3565.5014,150002,9.57E-05,9.81E-05
2018-01-30 00:00:00+00:00,ShanghaiComposite,7.04E-05,6.52E-05,1.82E-05,3.16E-05,3.70E-05,6.52E-05,3.70E-05,6.11E-05,3.20E-05,3.28E-05,3509.6291,150002,7.04E-05,6.11E-05
2018-01-31 00:00:00+00:00,ShanghaiComposite,8.33E-05,7.82E-05,2.79E-05,3.74E-05,3.70E-05,7.82E-05,3.70E-05,7.81E-05,3.86E-05,0.0001070008874,3468.5792,150002,8.33E-05,7.81E-05
2018-02-01 00:00:00+00:00,ShanghaiComposite,0.0001346841471,0.0001018772586,6.08E-05,6.40E-05,8.06E-05,0.0001018772586,8.06E-05,0.0001147500032,6.74E-05,0.0001002559901,3479.4568,150003,0.0001346841471,0.0001147500032
2018-02-02 00:00:00+00:00,ShanghaiComposite,0.0001475426555,0.0001289278286,4.80E-05,5.56E-05,6.26E-05,0.0001289278286,6.26E-05,0.0001111262203,6.18E-05,0.0001837430654,3419.3368,150000,0.0001475426555,0.0001111262203
2018-02-05 00:00:00+00:00,ShanghaiComposite,0.000130942718,0.0001730473954,2.28E-05,5.33E-05,2.27E-05,0.0001730473954,2.27E-05,9.25E-05,5.53E-05,0.0002075846282,3408.2613,150003,0.000130942718,9.25E-05
2018-02-06 00:00:00+00:00,ShanghaiComposite,0.0001764357527,0.0002247808824,6.49E-05,0.000208200016,0.000109157225,0.0002247808824,0.000109157225,0.0001433933648,0.000204082856,0.0001539110562,3415.046,150001,0.0001764357527,0.0001433933648
2018-02-07 00:00:00+00:00,ShanghaiComposite,0.0003924991027,0.0003444761438,6.88E-05,0.0002187814438,0.0002764154625,0.0003444761438,0.0002764154625,0.0003693708353,0.0002192417957,0.0004936134987,3417.16,150003,0.0003924991027,0.0003693708353
2018-02-08 00:00:00+00:00,ShanghaiComposite,0.0002158342307,0.000191393974,2.41E-05,0.000155139431,0.0001040438078,0.000191393974,0.0001040438078,0.0001402999063,0.000154762603,0.0001676404341,3279.7371,150004,0.0002158342307,0.0001402999063
2018-02-09 00:00:00+00:00,ShanghaiComposite,0.0007094699945,0.0006930709638,9.03E-05,0.0002951763518,0.0004210023733,0.0006930709638,0.0004210023733,0.0005485481751,0.0003124644037,0.0006179203016,3170.248,150006,0.0007094699945,0.0005485481751
2018-02-12 00:00:00+00:00,ShanghaiComposite,0.0001112516085,0.0001166519197,2.91E-05,5.81E-05,3.67E-05,0.0001166519197,3.67E-05,0.0001334650716,6.22E-05,0.000129869102,3128.326,145958,0.0001112516085,0.0001334650716
2018-02-13 00:00:00+00:00,ShanghaiComposite,5.70E-05,6.56E-05,1.45E-05,2.67E-05,2.43E-05,6.56E-05,2.43E-05,4.43E-05,2.89E-05,7.66E-05,3177.8445,150000,5.70E-05,4.43E-05
2018-02-14 00:00:00+00:00,ShanghaiComposite,3.66E-05,3.69E-05,8.68E-06,2.44E-05,1.49E-05,3.69E-05,1.49E-05,3.21E-05,2.51E-05,4.22E-05,3188.104,150001,3.66E-05,3.21E-05
2018-02-22 00:00:00+00:00,ShanghaiComposite,4.14E-05,4.93E-05,6.25E-06,1.95E-05,1.57E-05,4.93E-05,1.57E-05,4.21E-05,1.95E-05,3.21E-05,3241.2012,150003,4.14E-05,4.21E-05
2018-02-23 00:00:00+00:00,ShanghaiComposite,5.95E-05,4.91E-05,8.63E-06,2.01E-05,3.01E-05,4.91E-05,3.01E-05,4.84E-05,2.14E-05,7.46E-05,3274.7011,150001,5.95E-05,4.84E-05
2018-02-26 00:00:00+00:00,ShanghaiComposite,6.96E-05,6.76E-05,1.90E-05,2.79E-05,3.44E-05,6.76E-05,3.44E-05,5.58E-05,2.89E-05,9.73E-05,3309.379,145958,6.96E-05,5.58E-05
2018-02-27 00:00:00+00:00,ShanghaiComposite,6.07E-05,4.40E-05,2.83E-05,3.86E-05,3.88E-05,4.40E-05,3.88E-05,5.58E-05,3.98E-05,3.69E-05,3327.5558,150003,6.07E-05,5.58E-05
2018-02-28 00:00:00+00:00,ShanghaiComposite,7.65E-05,7.79E-05,1.23E-05,3.71E-05,3.36E-05,7.79E-05,3.36E-05,4.13E-05,3.81E-05,8.56E-05,3259.9131,150003,7.65E-05,4.13E-05
2018-03-01 00:00:00+00:00,ShanghaiComposite,5.86E-05,7.77E-05,2.22E-05,2.21E-05,1.40E-05,7.77E-05,1.40E-05,5.08E-05,2.39E-05,0.0001186730418,3232.8165,150002,5.86E-05,5.08E-05
2018-03-02 00:00:00+00:00,ShanghaiComposite,3.77E-05,3.48E-05,1.96E-05,2.75E-05,1.49E-05,3.48E-05,1.49E-05,4.35E-05,2.75E-05,2.90E-05,3247.7993,150002,3.77E-05,4.35E-05
2018-03-05 00:00:00+00:00,ShanghaiComposite,3.82E-05,4.51E-05,1.72E-05,2.46E-05,1.90E-05,4.51E-05,1.90E-05,4.27E-05,2.49E-05,4.14E-05,3257.1868,145959,3.82E-05,4.27E-05
2018-03-06 00:00:00+00:00,ShanghaiComposite,3.98E-05,3.76E-05,2.01E-05,1.88E-05,1.45E-05,3.76E-05,1.45E-05,4.16E-05,1.90E-05,5.83E-05,3266.9857,145959,3.98E-05,4.16E-05
2018-03-07 00:00:00+00:00,ShanghaiComposite,3.85E-05,4.20E-05,1.28E-05,2.05E-05,2.40E-05,4.20E-05,2.40E-05,3.52E-05,2.08E-05,4.10E-05,3287.8178,150000,3.85E-05,3.52E-05
2018-03-08 00:00:00+00:00,ShanghaiComposite,3.99E-05,2.80E-05,1.18E-05,1.35E-05,1.42E-05,2.80E-05,1.42E-05,4.05E-05,1.43E-05,2.91E-05,3269.7102,150002,3.99E-05,4.05E-05
2018-03-09 00:00:00+00:00,ShanghaiComposite,2.35E-05,1.91E-05,7.00E-06,1.21E-05,8.76E-06,1.91E-05,8.76E-06,2.09E-05,1.25E-05,1.44E-05,3292.4252,150005,2.35E-05,2.09E-05
2018-03-12 00:00:00+00:00,ShanghaiComposite,1.94E-05,2.33E-05,2.54E-06,1.11E-05,9.45E-06,2.33E-05,9.45E-06,1.62E-05,1.14E-05,1.63E-05,3319.3718,145958,1.94E-05,1.62E-05
2018-03-13 00:00:00+00:00,ShanghaiComposite,3.09E-05,1.86E-05,1.29E-05,1.01E-05,1.54E-05,1.86E-05,1.54E-05,2.96E-05,1.10E-05,1.90E-05,3323.3706,150004,3.09E-05,2.96E-05
2018-03-14 00:00:00+00:00,ShanghaiComposite,2.01E-05,2.25E-05,6.00E-06,1.29E-05,1.14E-05,2.25E-05,1.14E-05,1.66E-05,1.30E-05,2.05E-05,3298.2795,145958,2.01E-05,1.66E-05
2018-03-15 00:00:00+00:00,ShanghaiComposite,3.30E-05,4.56E-05,8.81E-06,1.30E-05,1.41E-05,4.56E-05,1.41E-05,2.95E-05,1.38E-05,5.04E-05,3277.7127,150002,3.30E-05,2.95E-05
2018-03-16 00:00:00+00:00,ShanghaiComposite,1.81E-05,1.99E-05,4.28E-06,1.06E-05,1.15E-05,1.99E-05,1.15E-05,1.77E-05,1.10E-05,2.91E-05,3290.2902,150000,1.81E-05,1.77E-05
2018-03-19 00:00:00+00:00,ShanghaiComposite,2.95E-05,3.79E-05,7.20E-06,1.64E-05,1.15E-05,3.79E-05,1.15E-05,3.22E-05,1.64E-05,3.25E-05,3264.5155,150001,2.95E-05,3.22E-05
2018-03-20 00:00:00+00:00,ShanghaiComposite,3.31E-05,4.58E-05,7.69E-06,1.28E-05,8.19E-06,4.58E-05,8.19E-06,3.00E-05,1.35E-05,5.14E-05,3254.0207,150003,3.31E-05,3.00E-05
2018-03-21 00:00:00+00:00,ShanghaiComposite,4.44E-05,4.13E-05,8.76E-06,1.61E-05,2.99E-05,4.13E-05,2.99E-05,3.37E-05,1.70E-05,5.65E-05,3300.5142,150000,4.44E-05,3.37E-05
2018-03-22 00:00:00+00:00,ShanghaiComposite,4.61E-05,5.77E-05,1.27E-05,2.44E-05,3.24E-05,5.77E-05,3.24E-05,4.72E-05,2.56E-05,5.61E-05,3284.2559,150003,4.61E-05,4.72E-05
2018-03-23 00:00:00+00:00,ShanghaiComposite,0.0002062110631,0.0002075723524,6.74E-05,0.0001229142169,0.0001166396597,0.0002075723524,0.0001166396597,0.0001999297522,0.0001243036879,0.0001868072426,3165.1587,150004,0.0002062110631,0.0001999297522
2018-03-26 00:00:00+01:00,ShanghaiComposite,0.0001339540303,0.0001616975511,3.05E-05,5.43E-05,6.05E-05,0.0001616975511,6.05E-05,0.0001201895199,5.73E-05,0.000125371998,3115.5883,160002,0.0001339540303,0.0001201895199
2018-03-27 00:00:00+01:00,ShanghaiComposite,5.45E-05,5.64E-05,2.49E-05,2.05E-05,2.32E-05,5.64E-05,2.32E-05,5.48E-05,2.15E-05,5.52E-05,3165.8565,160002,5.45E-05,5.48E-05
2018-03-28 00:00:00+01:00,ShanghaiComposite,7.95E-05,9.25E-05,3.14E-05,2.99E-05,3.69E-05,9.25E-05,3.69E-05,7.33E-05,3.08E-05,0.0001180933731,3126.3302,160004,7.95E-05,7.33E-05
2018-03-29 00:00:00+01:00,ShanghaiComposite,0.0001010640868,0.0001016141685,2.77E-05,2.91E-05,3.04E-05,0.0001016141685,3.04E-05,8.51E-05,3.21E-05,0.0001665295607,3128.8426,155959,0.0001010640868,8.51E-05
2018-03-30 00:00:00+01:00,ShanghaiComposite,3.21E-05,2.38E-05,4.50E-06,1.84E-05,1.19E-05,2.38E-05,1.19E-05,2.06E-05,1.85E-05,2.16E-05,3161.9461,160002,3.21E-05,2.06E-05
2018-04-02 00:00:00+01:00,ShanghaiComposite,6.26E-05,7.43E-05,7.74E-06,1.95E-05,2.85E-05,7.43E-05,2.85E-05,4.54E-05,2.00E-05,6.36E-05,3170.0099,160000,6.26E-05,4.54E-05
2018-04-03 00:00:00+01:00,ShanghaiComposite,6.62E-05,4.74E-05,2.07E-05,2.73E-05,2.00E-05,4.74E-05,2.00E-05,6.70E-05,2.82E-05,4.14E-05,3126.327,160003,6.62E-05,6.70E-05
2018-04-04 00:00:00+01:00,ShanghaiComposite,4.37E-05,3.96E-05,6.98E-06,2.10E-05,2.25E-05,3.96E-05,2.25E-05,4.14E-05,2.12E-05,4.55E-05,3147.9972,160002,4.37E-05,4.14E-05
2018-04-09 00:00:00+01:00,ShanghaiComposite,8.69E-05,3.44E-05,9.01E-06,3.91E-05,4.13E-05,3.44E-05,4.13E-05,9.30E-05,4.18E-05,4.20E-05,3125.5871,160004,8.69E-05,9.30E-05
2018-04-10 00:00:00+01:00,ShanghaiComposite,4.37E-05,6.23E-05,2.44E-05,2.15E-05,1.26E-05,6.23E-05,1.26E-05,4.45E-05,2.31E-05,7.56E-05,3144.9373,160003,4.37E-05,4.45E-05
2018-04-11 00:00:00+01:00,ShanghaiComposite,3.96E-05,3.36E-05,2.55E-05,1.63E-05,1.91E-05,3.36E-05,1.91E-05,4.33E-05,1.74E-05,3.91E-05,3199.471,160000,3.96E-05,4.33E-05
2018-04-12 00:00:00+01:00,ShanghaiComposite,3.02E-05,3.21E-05,1.10E-05,1.81E-05,2.11E-05,3.21E-05,2.11E-05,2.60E-05,1.87E-05,2.61E-05,3202.1163,160004,3.02E-05,2.60E-05
2018-04-13 00:00:00+01:00,ShanghaiComposite,3.92E-05,3.56E-05,1.91E-05,1.90E-05,2.53E-05,3.56E-05,2.53E-05,3.96E-05,1.95E-05,4.13E-05,3193.2423,160000,3.92E-05,3.96E-05
2018-04-16 00:00:00+01:00,ShanghaiComposite,5.82E-05,5.09E-05,1.70E-05,3.19E-05,3.76E-05,5.09E-05,3.76E-05,5.33E-05,3.30E-05,6.92E-05,3151.0365,155958,5.82E-05,5.33E-05
2018-04-17 00:00:00+01:00,ShanghaiComposite,8.34E-05,7.41E-05,1.80E-05,3.14E-05,5.67E-05,7.41E-05,5.67E-05,7.63E-05,3.36E-05,0.0001060372756,3112.5382,155957,8.34E-05,7.63E-05
2018-04-18 00:00:00+01:00,ShanghaiComposite,0.0001375684967,0.0001395405853,3.40E-05,4.94E-05,6.48E-05,0.0001395405853,6.48E-05,0.0001375616889,5.06E-05,0.0001685553324,3093.0614,155959,0.0001375684967,0.0001375616889
2018-04-19 00:00:00+01:00,ShanghaiComposite,4.43E-05,4.68E-05,5.27E-06,2.47E-05,1.20E-05,4.68E-05,1.20E-05,3.14E-05,2.51E-05,6.36E-05,3093.9027,160002,4.43E-05,3.14E-05
2018-04-20 00:00:00+01:00,ShanghaiComposite,7.59E-05,4.39E-05,1.61E-05,4.60E-05,4.51E-05,4.39E-05,4.51E-05,7.13E-05,4.67E-05,4.84E-05,3105.4613,160001,7.59E-05,7.13E-05
2018-04-23 00:00:00+01:00,ShanghaiComposite,8.83E-05,7.75E-05,1.46E-05,4.86E-05,3.66E-05,7.75E-05,3.66E-05,8.59E-05,5.02E-05,0.0001108242656,3063.4273,155958,8.83E-05,8.59E-05
2018-04-24 00:00:00+01:00,ShanghaiComposite,7.54E-05,9.57E-05,9.80E-06,3.08E-05,1.29E-05,9.57E-05,1.29E-05,4.06E-05,3.22E-05,0.0001333235041,3073.1907,160000,7.54E-05,4.06E-05
2018-04-25 00:00:00+01:00,ShanghaiComposite,3.89E-05,3.07E-05,1.11E-05,2.71E-05,1.45E-05,3.07E-05,1.45E-05,3.66E-05,2.70E-05,1.84E-05,3109.6541,160000,3.89E-05,3.66E-05
2018-04-26 00:00:00+01:00,ShanghaiComposite,4.24E-05,4.51E-05,1.21E-05,3.80E-05,2.83E-05,4.51E-05,2.83E-05,4.18E-05,3.88E-05,6.42E-05,3119.8905,160002,4.24E-05,4.18E-05
2018-04-27 00:00:00+01:00,ShanghaiComposite,7.23E-05,7.16E-05,1.80E-05,4.42E-05,3.98E-05,7.16E-05,3.98E-05,7.47E-05,4.58E-05,0.0001198035375,3084.331,155959,7.23E-05,7.47E-05
2018-05-02 00:00:00+01:00,ShanghaiComposite,4.24E-05,3.43E-05,1.59E-05,2.24E-05,2.19E-05,3.43E-05,2.19E-05,4.66E-05,2.34E-05,3.77E-05,3088.437,155957,4.24E-05,4.66E-05
2018-05-03 00:00:00+01:00,ShanghaiComposite,6.63E-05,8.23E-05,9.77E-06,3.42E-05,2.47E-05,8.23E-05,2.47E-05,5.26E-05,3.54E-05,7.20E-05,3072.6949,160003,6.63E-05,5.26E-05
2018-05-04 00:00:00+01:00,ShanghaiComposite,2.42E-05,2.11E-05,5.93E-06,1.65E-05,1.04E-05,2.11E-05,1.04E-05,2.59E-05,1.64E-05,2.17E-05,3092.8394,160001,2.42E-05,2.59E-05
2018-05-07 00:00:00+01:00,ShanghaiComposite,3.04E-05,2.60E-05,6.09E-06,1.75E-05,5.57E-06,2.60E-05,5.57E-06,2.67E-05,1.76E-05,4.85E-05,3096.8757,160000,3.04E-05,2.67E-05
2018-05-08 00:00:00+01:00,ShanghaiComposite,2.86E-05,3.06E-05,5.09E-06,1.24E-05,9.41E-06,3.06E-05,9.41E-06,2.17E-05,1.26E-05,3.88E-05,3134.9527,160000,2.86E-05,2.17E-05
2018-05-09 00:00:00+01:00,ShanghaiComposite,2.37E-05,3.43E-05,5.73E-06,1.31E-05,1.21E-05,3.43E-05,1.21E-05,1.84E-05,1.34E-05,2.04E-05,3160.2983,155959,2.37E-05,1.84E-05
2018-05-10 00:00:00+01:00,ShanghaiComposite,2.02E-05,2.01E-05,4.07E-06,1.51E-05,8.52E-06,2.01E-05,8.52E-06,1.87E-05,1.52E-05,2.20E-05,3171.0617,160006,2.02E-05,1.87E-05
2018-05-11 00:00:00+01:00,ShanghaiComposite,3.00E-05,3.05E-05,7.45E-06,1.43E-05,1.82E-05,3.05E-05,1.82E-05,2.16E-05,1.50E-05,2.62E-05,3179.8435,160000,3.00E-05,2.16E-05
2018-05-14 00:00:00+01:00,ShanghaiComposite,3.55E-05,3.56E-05,5.12E-06,1.51E-05,1.12E-05,3.56E-05,1.12E-05,2.43E-05,1.64E-05,2.76E-05,3168.8722,160002,3.55E-05,2.43E-05
2018-05-15 00:00:00+01:00,ShanghaiComposite,2.94E-05,3.58E-05,8.27E-06,1.34E-05,1.21E-05,3.58E-05,1.21E-05,2.28E-05,1.44E-05,3.69E-05,3181.646,155959,2.94E-05,2.28E-05
2018-05-16 00:00:00+01:00,ShanghaiComposite,2.93E-05,2.41E-05,4.17E-06,1.55E-05,1.83E-05,2.41E-05,1.83E-05,2.28E-05,1.56E-05,2.66E-05,3179.5002,160001,2.93E-05,2.28E-05
2018-05-17 00:00:00+01:00,ShanghaiComposite,2.27E-05,2.28E-05,2.11E-06,1.41E-05,1.31E-05,2.28E-05,1.31E-05,1.66E-05,1.45E-05,1.42E-05,3170.7557,160001,2.27E-05,1.66E-05
2018-05-18 00:00:00+01:00,ShanghaiComposite,4.43E-05,6.39E-05,7.68E-06,2.14E-05,1.02E-05,6.39E-05,1.02E-05,3.89E-05,2.21E-05,7.14E-05,3151.3217,160001,4.43E-05,3.89E-05
2018-05-21 00:00:00+01:00,ShanghaiComposite,2.59E-05,3.06E-05,2.62E-06,1.37E-05,1.31E-05,3.06E-05,1.31E-05,2.60E-05,1.40E-05,1.65E-05,3208.4728,160003,2.59E-05,2.60E-05
2018-05-22 00:00:00+01:00,ShanghaiComposite,1.88E-05,1.91E-05,4.83E-06,1.05E-05,9.32E-06,1.91E-05,9.32E-06,1.72E-05,1.08E-05,2.39E-05,3211.085,160000,1.88E-05,1.72E-05
2018-05-23 00:00:00+01:00,ShanghaiComposite,3.19E-05,3.99E-05,1.36E-05,1.57E-05,2.09E-05,3.99E-05,2.09E-05,3.42E-05,1.64E-05,3.06E-05,3203.7114,160003,3.19E-05,3.42E-05
2018-05-24 00:00:00+01:00,ShanghaiComposite,2.39E-05,1.82E-05,7.17E-06,1.13E-05,1.38E-05,1.82E-05,1.38E-05,2.50E-05,1.15E-05,1.40E-05,3168.422,160002,2.39E-05,2.50E-05
2018-05-25 00:00:00+01:00,ShanghaiComposite,4.18E-05,3.46E-05,9.75E-06,2.42E-05,1.96E-05,3.46E-05,1.96E-05,3.29E-05,2.50E-05,3.70E-05,3147.811,160000,4.18E-05,3.29E-05
2018-05-28 00:00:00+01:00,ShanghaiComposite,4.61E-05,6.22E-05,1.14E-05,2.22E-05,1.78E-05,6.22E-05,1.78E-05,3.96E-05,2.26E-05,7.03E-05,3137.099,160002,4.61E-05,3.96E-05
2018-05-29 00:00:00+01:00,ShanghaiComposite,4.58E-05,3.68E-05,2.05E-05,2.62E-05,2.31E-05,3.68E-05,2.31E-05,4.23E-05,2.73E-05,5.05E-05,3129.3798,160001,4.58E-05,4.23E-05
2018-05-30 00:00:00+01:00,ShanghaiComposite,0.0001012103205,9.51E-05,1.91E-05,5.15E-05,6.32E-05,9.51E-05,6.32E-05,6.71E-05,5.21E-05,0.0001389174806,3078.3521,160001,0.0001012103205,6.71E-05
2018-05-31 00:00:00+01:00,ShanghaiComposite,6.23E-05,7.67E-05,2.18E-05,2.67E-05,1.85E-05,7.67E-05,1.85E-05,5.83E-05,2.87E-05,6.08E-05,3062.7775,160000,6.23E-05,5.83E-05
2018-06-01 00:00:00+01:00,ShanghaiComposite,7.00E-05,7.06E-05,8.80E-06,3.67E-05,3.31E-05,7.06E-05,3.31E-05,5.27E-05,3.84E-05,5.32E-05,3081.9186,160003,7.00E-05,5.27E-05
2018-06-04 00:00:00+01:00,ShanghaiComposite,4.06E-05,4.01E-05,9.95E-06,2.17E-05,1.90E-05,4.01E-05,1.90E-05,2.94E-05,2.21E-05,3.27E-05,3085.2195,160000,4.06E-05,2.94E-05
2018-06-05 00:00:00+01:00,ShanghaiComposite,2.78E-05,3.01E-05,5.87E-06,1.54E-05,9.32E-06,3.01E-05,9.32E-06,2.36E-05,1.54E-05,2.52E-05,3088.0742,160001,2.78E-05,2.36E-05
2018-06-06 00:00:00+01:00,ShanghaiComposite,1.61E-05,1.64E-05,4.63E-06,9.84E-06,6.24E-06,1.64E-05,6.24E-06,1.33E-05,9.98E-06,1.31E-05,3106.7819,160001,1.61E-05,1.33E-05
2018-06-07 00:00:00+01:00,ShanghaiComposite,2.58E-05,2.29E-05,1.01E-05,1.37E-05,1.42E-05,2.29E-05,1.42E-05,2.54E-05,1.42E-05,2.14E-05,3121.2913,155959,2.58E-05,2.54E-05
2018-06-08 00:00:00+01:00,ShanghaiComposite,4.06E-05,4.71E-05,2.19E-05,2.13E-05,2.80E-05,4.71E-05,2.80E-05,4.04E-05,2.15E-05,4.05E-05,3100.2707,160002,4.06E-05,4.04E-05
2018-06-11 00:00:00+01:00,ShanghaiComposite,5.97E-05,4.51E-05,6.14E-06,2.71E-05,2.80E-05,4.51E-05,2.80E-05,5.04E-05,2.82E-05,4.74E-05,3055.6535,160003,5.97E-05,5.04E-05
2018-06-12 00:00:00+01:00,ShanghaiComposite,6.07E-05,4.69E-05,2.00E-05,2.79E-05,2.27E-05,4.69E-05,2.27E-05,6.35E-05,2.79E-05,5.55E-05,3053.5215,155958,6.07E-05,6.35E-05
2018-06-13 00:00:00+01:00,ShanghaiComposite,4.08E-05,3.19E-05,1.13E-05,2.43E-05,2.74E-05,3.19E-05,2.74E-05,3.43E-05,2.43E-05,2.72E-05,3070.3986,160000,4.08E-05,3.43E-05
2018-06-14 00:00:00+01:00,ShanghaiComposite,6.54E-05,7.29E-05,1.28E-05,3.48E-05,1.95E-05,7.29E-05,1.95E-05,5.66E-05,3.64E-05,7.30E-05,3037.8421,155959,6.54E-05,5.66E-05
2018-06-15 00:00:00+01:00,ShanghaiComposite,9.51E-05,9.67E-05,2.23E-05,3.47E-05,5.67E-05,9.67E-05,5.67E-05,8.07E-05,3.60E-05,4.92E-05,3037.2613,160001,9.51E-05,8.07E-05
2018-06-19 00:00:00+01:00,ShanghaiComposite,0.0002854999482,0.0002981977867,7.91E-05,0.0001066287446,0.0001667687101,0.0002981977867,0.0001667687101,0.0002845231944,0.0001185818729,0.0002245433106,2981.7792,155959,0.0002854999482,0.0002845231944
2018-06-20 00:00:00+01:00,ShanghaiComposite,0.0001113161378,0.0001579510535,2.69E-05,5.36E-05,3.66E-05,0.0001579510535,3.66E-05,0.0001016016109,5.49E-05,0.0001439698722,2890.7249,160002,0.0001113161378,0.0001016016109
2018-06-21 00:00:00+01:00,ShanghaiComposite,0.0001249299947,0.0001262209871,4.51E-05,5.31E-05,7.32E-05,0.0001262209871,7.32E-05,0.0001092411738,5.54E-05,0.000132778168,2911.4172,160002,0.0001249299947,0.0001092411738
2018-06-22 00:00:00+01:00,ShanghaiComposite,0.0001237994592,9.22E-05,3.14E-05,5.86E-05,5.17E-05,9.22E-05,5.17E-05,0.000129987637,6.23E-05,0.0001076918508,2854.7175,155959,0.0001237994592,0.000129987637
2018-06-25 00:00:00+01:00,ShanghaiComposite,6.54E-05,7.57E-05,3.50E-05,3.16E-05,4.55E-05,7.57E-05,4.55E-05,6.59E-05,3.28E-05,8.78E-05,2906.4154,160002,6.54E-05,6.59E-05
2018-06-26 00:00:00+01:00,ShanghaiComposite,0.0001318939242,0.0001320368406,2.70E-05,7.62E-05,4.65E-05,0.0001320368406,4.65E-05,9.09E-05,7.98E-05,0.0001404691854,2823.8789,160001,0.0001318939242,9.09E-05
2018-06-27 00:00:00+01:00,ShanghaiComposite,0.0001100184962,9.06E-05,3.49E-05,6.21E-05,5.24E-05,9.06E-05,5.24E-05,8.99E-05,6.24E-05,7.42E-05,2842.5721,160004,0.0001100184962,8.99E-05
2018-06-28 00:00:00+01:00,ShanghaiComposite,9.49E-05,0.0001024618744,4.98E-05,6.17E-05,4.72E-05,0.0001024618744,4.72E-05,0.0001128873107,6.61E-05,0.0001327428824,2799.9366,160000,9.49E-05,0.0001128873107
2018-06-29 00:00:00+01:00,ShanghaiComposite,7.18E-05,7.47E-05,2.54E-05,3.58E-05,2.46E-05,7.47E-05,2.46E-05,6.85E-05,3.79E-05,9.42E-05,2794.2407,160001,7.18E-05,6.85E-05
2018-07-02 00:00:00+01:00,ShanghaiComposite,0.0001164750926,7.95E-05,4.41E-05,4.73E-05,8.03E-05,7.95E-05,8.03E-05,0.0001347802655,4.96E-05,0.0001308127654,2841.2852,155958,0.0001164750926,0.0001347802655
2018-07-03 00:00:00+01:00,ShanghaiComposite,0.0002479257804,0.0002779738527,9.56E-05,9.23E-05,0.0001152395596,0.0002779738527,0.0001152395596,0.0002272362558,0.000100895173,0.0002638949784,2776.6218,160006,0.0002479257804,0.0002272362558
2018-07-04 00:00:00+01:00,ShanghaiComposite,0.0001089268602,9.22E-05,2.16E-05,6.65E-05,4.17E-05,9.22E-05,4.17E-05,9.28E-05,6.71E-05,6.86E-05,2774.5312,160002,0.0001089268602,9.28E-05
2018-07-05 00:00:00+01:00,ShanghaiComposite,0.000120260245,0.0001328368449,3.98E-05,8.01E-05,6.02E-05,0.0001328368449,6.02E-05,0.0001225516397,8.14E-05,0.0001082783655,2755.1048,160000,0.000120260245,0.0001225516397
2018-07-06 00:00:00+01:00,ShanghaiComposite,0.000274838961,0.0003262968571,9.01E-05,0.0001037443217,8.71E-05,0.0003262968571,8.71E-05,0.0002901405365,0.000113977148,0.0003433018038,2732.0613,160001,0.000274838961,0.0002901405365
2018-07-09 00:00:00+01:00,ShanghaiComposite,9.19E-05,0.0001055397384,1.52E-05,4.06E-05,1.27E-05,0.0001055397384,1.27E-05,9.05E-05,4.25E-05,0.0001399564994,2755.0522,160002,9.19E-05,9.05E-05
2018-07-10 00:00:00+01:00,ShanghaiComposite,5.68E-05,5.65E-05,1.93E-05,2.93E-05,2.22E-05,5.65E-05,2.22E-05,5.81E-05,2.94E-05,8.82E-05,2819.6969,160001,5.68E-05,5.81E-05
2018-07-11 00:00:00+01:00,ShanghaiComposite,0.0001019625758,9.03E-05,2.01E-05,7.52E-05,4.87E-05,9.03E-05,4.87E-05,6.77E-05,7.67E-05,0.0001011142818,2779.7684,160000,0.0001019625758,6.77E-05
2018-07-12 00:00:00+01:00,ShanghaiComposite,9.79E-05,0.0001398366582,1.88E-05,3.76E-05,1.15E-05,0.0001398366582,1.15E-05,8.04E-05,3.89E-05,0.0001478158567,2772.1277,160003,9.79E-05,8.04E-05
2018-07-13 00:00:00+01:00,ShanghaiComposite,3.16E-05,3.01E-05,1.13E-05,1.97E-05,1.53E-05,3.01E-05,1.53E-05,2.97E-05,1.96E-05,2.21E-05,2829.491,160001,3.16E-05,2.97E-05
2018-07-16 00:00:00+01:00,ShanghaiComposite,6.68E-05,4.52E-05,1.18E-05,3.29E-05,3.71E-05,4.52E-05,3.71E-05,6.93E-05,3.51E-05,5.41E-05,2827.3471,155959,6.68E-05,6.93E-05
2018-07-17 00:00:00+01:00,ShanghaiComposite,4.77E-05,5.02E-05,1.57E-05,3.54E-05,2.52E-05,5.02E-05,2.52E-05,4.28E-05,3.65E-05,6.29E-05,2805.1474,160003,4.77E-05,4.28E-05
2018-07-18 00:00:00+01:00,ShanghaiComposite,5.85E-05,6.78E-05,1.54E-05,3.38E-05,2.66E-05,6.78E-05,2.66E-05,4.12E-05,3.52E-05,5.70E-05,2802.0878,160003,5.85E-05,4.12E-05
2018-07-19 00:00:00+01:00,ShanghaiComposite,5.75E-05,5.80E-05,3.38E-05,3.89E-05,3.26E-05,5.80E-05,3.26E-05,6.14E-05,4.02E-05,6.31E-05,2791.5618,160004,5.75E-05,6.14E-05
2018-07-20 00:00:00+01:00,ShanghaiComposite,0.0001307199546,0.0001215008716,2.74E-05,6.50E-05,3.08E-05,0.0001215008716,3.08E-05,0.0001260823684,6.81E-05,0.0002676102059,2768.6444,160000,0.0001307199546,0.0001260823684
2018-07-23 00:00:00+01:00,ShanghaiComposite,6.62E-05,7.12E-05,3.85E-05,4.36E-05,2.13E-05,7.12E-05,2.13E-05,6.70E-05,4.48E-05,8.16E-05,2813.9979,155959,6.62E-05,6.70E-05
2018-07-24 00:00:00+01:00,ShanghaiComposite,0.000106860795,0.0001217521407,1.59E-05,3.95E-05,2.81E-05,0.0001217521407,2.81E-05,8.67E-05,4.07E-05,0.0001252551721,2862.5995,155956,0.000106860795,8.67E-05
2018-07-25 00:00:00+01:00,ShanghaiComposite,4.02E-05,5.33E-05,2.74E-05,2.32E-05,2.27E-05,5.33E-05,2.27E-05,4.46E-05,2.39E-05,3.11E-05,2911.8456,160002,4.02E-05,4.46E-05
2018-07-26 00:00:00+01:00,ShanghaiComposite,5.60E-05,3.71E-05,2.91E-05,4.04E-05,3.24E-05,3.71E-05,3.24E-05,6.06E-05,4.00E-05,4.72E-05,2905.8179,160001,5.60E-05,6.06E-05
2018-07-27 00:00:00+01:00,ShanghaiComposite,5.87E-05,5.28E-05,1.81E-05,4.23E-05,2.64E-05,5.28E-05,2.64E-05,5.99E-05,4.26E-05,3.86E-05,2879.5834,160001,5.87E-05,5.99E-05
2018-07-30 00:00:00+01:00,ShanghaiComposite,0.000124216567,0.0001120783334,2.10E-05,5.10E-05,4.28E-05,0.0001120783334,4.28E-05,9.75E-05,5.23E-05,9.88E-05,2872.5497,155958,0.000124216567,9.75E-05
2018-07-31 00:00:00+01:00,ShanghaiComposite,5.87E-05,4.93E-05,1.86E-05,3.83E-05,2.25E-05,4.93E-05,2.25E-05,6.46E-05,3.93E-05,6.37E-05,2866.2194,160001,5.87E-05,6.46E-05
2018-08-01 00:00:00+01:00,ShanghaiComposite,9.41E-05,0.0001065565779,1.89E-05,4.94E-05,6.62E-05,0.0001065565779,6.62E-05,8.52E-05,5.10E-05,0.0001082404431,2882.6957,155958,9.41E-05,8.52E-05
2018-08-02 00:00:00+01:00,ShanghaiComposite,0.0001768053115,0.0002088029557,8.86E-05,0.0001073905062,0.0001040137304,0.0002088029557,0.0001040137304,0.0001801915445,0.0001126510429,0.0002570329609,2812.4856,160005,0.0001768053115,0.0001801915445
2018-08-03 00:00:00+01:00,ShanghaiComposite,0.000115205175,0.0001480802272,4.54E-05,7.34E-05,6.41E-05,0.0001480802272,6.41E-05,0.0001173892347,7.43E-05,0.000107517798,2762.882,160000,0.000115205175,0.0001173892347
2018-08-06 00:00:00+01:00,ShanghaiComposite,0.0001777848557,0.0001790247098,6.15E-05,0.000103140508,8.40E-05,0.0001790247098,8.40E-05,0.0001963384635,0.0001049987577,0.0001915634157,2735.3084,160001,0.0001777848557,0.0001963384635
2018-08-07 00:00:00+01:00,ShanghaiComposite,0.0001367830053,0.0001585380484,3.44E-05,7.89E-05,3.38E-05,0.0001585380484,3.38E-05,0.0001096981626,8.33E-05,0.0001984590351,2712.2012,155958,0.0001367830053,0.0001096981626
2018-08-08 00:00:00+01:00,ShanghaiComposite,0.0001003226961,0.0001023070706,2.25E-05,5.29E-05,5.85E-05,0.0001023070706,5.85E-05,8.72E-05,5.51E-05,6.47E-05,2767.2727,160004,0.0001003226961,8.72E-05
2018-08-09 00:00:00+01:00,ShanghaiComposite,0.0001100244249,0.0001071459436,1.47E-05,7.22E-05,1.61E-05,0.0001071459436,1.61E-05,8.27E-05,7.27E-05,0.0001839058609,2728.6717,160000,0.0001100244249,8.27E-05
2018-08-10 00:00:00+01:00,ShanghaiComposite,6.56E-05,4.67E-05,1.07E-05,3.64E-05,3.17E-05,4.67E-05,3.17E-05,7.74E-05,3.67E-05,4.47E-05,2790.0659,160004,6.56E-05,7.74E-05
2018-08-13 00:00:00+01:00,ShanghaiComposite,5.68E-05,6.96E-05,1.54E-05,4.74E-05,2.24E-05,6.96E-05,2.24E-05,5.60E-05,4.97E-05,9.35E-05,2763.3004,160002,5.68E-05,5.60E-05
2018-08-14 00:00:00+01:00,ShanghaiComposite,5.11E-05,5.26E-05,1.55E-05,4.56E-05,2.29E-05,5.26E-05,2.29E-05,5.29E-05,4.62E-05,4.93E-05,2779.2647,160001,5.11E-05,5.29E-05
2018-08-15 00:00:00+01:00,ShanghaiComposite,7.26E-05,6.40E-05,2.12E-05,4.63E-05,5.95E-05,6.40E-05,5.95E-05,5.52E-05,4.63E-05,6.74E-05,2777.4129,160002,7.26E-05,5.52E-05
2018-08-16 00:00:00+01:00,ShanghaiComposite,0.0002598877925,0.000138851723,6.32E-05,0.0001373870046,9.82E-05,0.000138851723,9.82E-05,0.0002670532086,0.0001469115489,0.0002370711962,2690.6839,160001,0.0002598877925,0.0002670532086
2018-08-17 00:00:00+01:00,ShanghaiComposite,7.33E-05,8.66E-05,1.93E-05,7.01E-05,5.74E-05,8.66E-05,5.74E-05,5.70E-05,7.12E-05,0.0001118378981,2727.3217,160005,7.33E-05,5.70E-05
2018-08-20 00:00:00+01:00,ShanghaiComposite,0.0001869182563,0.0001831066038,4.27E-05,0.0001029551834,4.94E-05,0.0001831066038,4.94E-05,0.0001560032497,0.0001073135918,0.0001742901826,2672.9173,160002,0.0001869182563,0.0001560032497
2018-08-21 00:00:00+01:00,ShanghaiComposite,5.76E-05,5.54E-05,9.96E-06,5.26E-05,1.88E-05,5.54E-05,1.88E-05,4.89E-05,5.40E-05,7.24E-05,2699.5486,160002,5.76E-05,4.89E-05
2018-08-22 00:00:00+01:00,ShanghaiComposite,4.04E-05,3.32E-05,9.73E-06,4.40E-05,2.09E-05,3.32E-05,2.09E-05,3.11E-05,4.47E-05,2.90E-05,2729.8666,160003,4.04E-05,3.11E-05
2018-08-23 00:00:00+01:00,ShanghaiComposite,0.0001213633395,0.0001394485139,1.01E-05,6.88E-05,4.41E-05,0.0001394485139,4.41E-05,5.82E-05,7.02E-05,0.0001183145388,2715.2239,160005,0.0001213633395,5.82E-05
2018-08-24 00:00:00+01:00,ShanghaiComposite,7.33E-05,8.17E-05,2.63E-05,4.93E-05,1.97E-05,8.17E-05,1.97E-05,6.34E-05,5.10E-05,8.61E-05,2713.9209,160002,7.33E-05,6.34E-05
2018-08-27 00:00:00+01:00,ShanghaiComposite,5.01E-05,4.42E-05,1.26E-05,3.41E-05,1.14E-05,4.42E-05,1.14E-05,4.37E-05,3.48E-05,5.98E-05,2739.4381,160002,5.01E-05,4.37E-05
2018-08-28 00:00:00+01:00,ShanghaiComposite,3.61E-05,3.65E-05,1.41E-05,2.16E-05,1.90E-05,3.65E-05,1.90E-05,3.96E-05,2.20E-05,2.87E-05,2781.9099,155922,3.61E-05,3.96E-05
2018-08-29 00:00:00+01:00,ShanghaiComposite,3.02E-05,3.98E-05,9.29E-06,2.61E-05,1.39E-05,3.98E-05,1.39E-05,2.63E-05,2.62E-05,1.58E-05,2774.8199,155923,3.02E-05,2.63E-05
2018-08-30 00:00:00+01:00,ShanghaiComposite,4.65E-05,4.39E-05,1.07E-05,3.12E-05,3.02E-05,4.39E-05,3.02E-05,3.98E-05,3.21E-05,3.95E-05,2769.8704,160002,4.65E-05,3.98E-05
2018-08-31 00:00:00+01:00,ShanghaiComposite,7.42E-05,8.71E-05,2.04E-05,6.03E-05,3.80E-05,8.71E-05,3.80E-05,6.95E-05,5.90E-05,9.72E-05,2729.8707,155918,7.42E-05,6.95E-05
2018-09-03 00:00:00+01:00,ShanghaiComposite,6.04E-05,4.00E-05,9.59E-06,4.56E-05,2.64E-05,4.00E-05,2.64E-05,5.35E-05,4.73E-05,5.31E-05,2716.311,155922,6.04E-05,5.35E-05
2018-09-04 00:00:00+01:00,ShanghaiComposite,7.09E-05,8.06E-05,1.13E-05,4.06E-05,2.01E-05,8.06E-05,2.01E-05,6.95E-05,4.13E-05,0.0001022418203,2719.6448,160002,7.09E-05,6.95E-05
2018-09-05 00:00:00+01:00,ShanghaiComposite,5.30E-05,4.20E-05,2.39E-05,4.12E-05,3.44E-05,4.20E-05,3.44E-05,5.34E-05,4.20E-05,5.68E-05,2740.6488,160002,5.30E-05,5.34E-05
2018-09-06 00:00:00+01:00,ShanghaiComposite,8.21E-05,8.16E-05,1.88E-05,6.33E-05,3.88E-05,8.16E-05,3.88E-05,7.94E-05,6.58E-05,7.37E-05,2697.6861,155917,8.21E-05,7.94E-05
2018-09-07 00:00:00+01:00,ShanghaiComposite,9.09E-05,0.0001124621103,2.88E-05,6.76E-05,4.38E-05,0.0001124621103,4.38E-05,9.23E-05,7.00E-05,0.0001665721737,2698.8327,155919,9.09E-05,9.23E-05
2018-09-10 00:00:00+01:00,ShanghaiComposite,6.51E-05,4.27E-05,1.77E-05,7.26E-05,3.99E-05,4.27E-05,3.99E-05,5.26E-05,7.27E-05,5.24E-05,2697.5595,160002,6.51E-05,5.26E-05
2018-09-11 00:00:00+01:00,ShanghaiComposite,7.45E-05,7.04E-05,3.19E-05,5.54E-05,3.49E-05,7.04E-05,3.49E-05,8.53E-05,5.58E-05,7.31E-05,2668.8511,160004,7.45E-05,8.53E-05
2018-09-12 00:00:00+01:00,ShanghaiComposite,7.36E-05,7.65E-05,3.12E-05,5.15E-05,3.02E-05,7.65E-05,3.02E-05,8.72E-05,5.26E-05,5.17E-05,2660.2207,155924,7.36E-05,8.72E-05
2018-09-13 00:00:00+01:00,ShanghaiComposite,6.84E-05,9.33E-05,2.53E-05,4.77E-05,3.39E-05,9.33E-05,3.39E-05,6.26E-05,4.90E-05,7.20E-05,2683.9821,160005,6.84E-05,6.26E-05
2018-09-14 00:00:00+01:00,ShanghaiComposite,5.73E-05,4.53E-05,2.06E-05,3.15E-05,2.81E-05,4.53E-05,2.81E-05,5.06E-05,3.25E-05,3.50E-05,2687.4364,160004,5.73E-05,5.06E-05
2018-09-17 00:00:00+01:00,ShanghaiComposite,5.06E-05,4.11E-05,1.19E-05,3.72E-05,2.80E-05,4.11E-05,2.80E-05,4.10E-05,3.71E-05,2.34E-05,2668.6987,155917,5.06E-05,4.10E-05
2018-09-18 00:00:00+01:00,ShanghaiComposite,9.32E-05,0.0001094691334,7.94E-06,5.12E-05,1.60E-05,0.0001094691334,1.60E-05,8.09E-05,5.52E-05,0.0001351424397,2644.6515,160001,9.32E-05,8.09E-05
2018-09-19 00:00:00+01:00,ShanghaiComposite,7.82E-05,6.71E-05,2.13E-05,3.88E-05,3.03E-05,6.71E-05,3.03E-05,8.55E-05,4.02E-05,9.21E-05,2693.7347,155920,7.82E-05,8.55E-05
2018-09-20 00:00:00+01:00,ShanghaiComposite,3.04E-05,2.21E-05,1.34E-05,2.35E-05,1.51E-05,2.21E-05,1.51E-05,2.93E-05,2.43E-05,2.26E-05,2732.2869,155917,3.04E-05,2.93E-05
2018-09-21 00:00:00+01:00,ShanghaiComposite,7.63E-05,0.000108287583,1.31E-05,3.65E-05,1.40E-05,0.000108287583,1.40E-05,6.79E-05,3.83E-05,0.0001411827226,2735.2518,155918,7.63E-05,6.79E-05
2018-09-25 00:00:00+01:00,ShanghaiComposite,4.59E-05,4.38E-05,8.67E-06,2.37E-05,1.84E-05,4.38E-05,1.84E-05,2.69E-05,2.41E-05,3.68E-05,2772.1042,160005,4.59E-05,2.69E-05